100048912,CDKN2B-AS1,25449831,2454848,11675475,12760253,15588473,10381818,19230253,9436699,26216523,18490013,16750201,19055724,20858448,20537326,24188612,23141164,22017422,10433073,9764347,8738720,15507512,25912412,25194152,20031030,24188612,19429661,25446850,22384446,19903049,19401003,24613539,17624337,24210790,9130910,24613539,17609243,15236995,14748845,18955785,16723371,18644593,15019822,16723371,16762179,17141400,18644593,15019822,25201101,23340055,22883517,22736326,25422360,24661731,22563025,11883311,16644787,12107265,22065163,23011643,17509581,16309234,11163832,19931078,22266326,25134292,16533339,9065182,12372468,15104227,19931078,19931078,17983420,15120698,20063560,20190557,23302395,16249290,23472165,24012197,16084891,24571615,25912412,16750201,11912283,19055724,12029073,24648304,25912412,12934347,16150151,11020520,24127964,20137818,9102363,24018808,22884659,16616093,18849443,25912412,9065182,9043920,22563025,25996258,12934347,16202314,11020520,9886539,24127964,19467764,26054109,22447624,26409150,18222435,21397694,26054109
6811,STX5,25449831,2454848,11675475,12760253,15588473,10381818,19230253,9436699,26216523,18490013,16750201,19055724,20858448,20537326,24188612,23141164,22017422,10433073,9764347,8738720,15507512,25912412,25194152,20031030,24188612,19429661,25446850,22384446,19903049,19401003,24613539,17624337,24210790,9130910,24613539,17609243,15236995,14748845,18955785,16723371,18644593,15019822,16723371,16762179,17141400,18644593,15019822,25201101,23340055,22883517,22736326,25422360,24661731,22563025,11883311,16644787,12107265,22065163,23011643,17509581,16309234,11163832,19931078,22266326,25134292,16533339,9065182,12372468,15104227,19931078,19931078,17983420,15120698,20063560,20190557,23302395,16249290,23472165,24012197,16084891,24571615,25912412,16750201,11912283,19055724,12029073,24648304,25912412,12934347,16150151,11020520,24127964,20137818,9102363,24018808,22884659,16616093,18849443,25912412,9065182,9043920,22563025,25996258,12934347,16202314,11020520,9886539,24127964,19467764,26054109,22447624,26409150,18222435,21397694,26054109
59350,RXFP1,25449831,2454848,11675475,12760253,15588473,10381818,19230253,9436699,26216523,18490013,16750201,19055724,20858448,20537326,24188612,23141164,22017422,10433073,9764347,8738720,15507512,25912412,25194152,20031030,24188612,19429661,25446850,22384446,19903049,19401003,24613539,17624337,24210790,9130910,24613539,17609243,15236995,14748845,18955785,16723371,18644593,15019822,16723371,16762179,17141400,18644593,15019822,25201101,23340055,22883517,22736326,25422360,24661731,22563025,11883311,16644787,12107265,22065163,23011643,17509581,16309234,11163832,19931078,22266326,25134292,16533339,9065182,12372468,15104227,19931078,19931078,17983420,15120698,20063560,20190557,23302395,16249290,23472165,24012197,16084891,24571615,25912412,16750201,11912283,19055724,12029073,24648304,25912412,12934347,16150151,11020520,24127964,20137818,9102363,24018808,22884659,16616093,18849443,25912412,9065182,9043920,22563025,25996258,12934347,16202314,11020520,9886539,24127964,19467764,26054109,22447624,26409150,18222435,21397694,26054109
3119,HLA-DQB1,25449831,2454848,11675475,12760253,15588473,10381818,19230253,9436699,26216523,18490013,16750201,19055724,20858448,20537326,24188612,23141164,22017422,10433073,9764347,8738720,15507512,25912412,25194152,20031030,24188612,19429661,25446850,22384446,19903049,19401003,24613539,17624337,24210790,9130910,24613539,17609243,15236995,14748845,18955785,16723371,18644593,15019822,16723371,16762179,17141400,18644593,15019822,25201101,23340055,22883517,22736326,25422360,24661731,22563025,11883311,16644787,12107265,22065163,23011643,17509581,16309234,11163832,19931078,22266326,25134292,16533339,9065182,12372468,15104227,19931078,19931078,17983420,15120698,20063560,20190557,23302395,16249290,23472165,24012197,16084891,24571615,25912412,16750201,11912283,19055724,12029073,24648304,25912412,12934347,16150151,11020520,24127964,20137818,9102363,24018808,22884659,16616093,18849443,25912412,9065182,9043920,22563025,25996258,12934347,16202314,11020520,9886539,24127964,19467764,26054109,22447624,26409150,18222435,21397694,26054109
2056,EPO,25449831,2454848,11675475,12760253,15588473,10381818,19230253,9436699,26216523,18490013,16750201,19055724,20858448,20537326,24188612,23141164,22017422,10433073,9764347,8738720,15507512,25912412,25194152,20031030,24188612,19429661,25446850,22384446,19903049,19401003,24613539,17624337,24210790,9130910,24613539,17609243,15236995,14748845,18955785,16723371,18644593,15019822,16723371,16762179,17141400,18644593,15019822,25201101,23340055,22883517,22736326,25422360,24661731,22563025,11883311,16644787,12107265,22065163,23011643,17509581,16309234,11163832,19931078,22266326,25134292,16533339,9065182,12372468,15104227,19931078,19931078,17983420,15120698,20063560,20190557,23302395,16249290,23472165,24012197,16084891,24571615,25912412,16750201,11912283,19055724,12029073,24648304,25912412,12934347,16150151,11020520,24127964,20137818,9102363,24018808,22884659,16616093,18849443,25912412,9065182,9043920,22563025,25996258,12934347,16202314,11020520,9886539,24127964,19467764,26054109,22447624,26409150,18222435,21397694,26054109
3717,JAK2,25449831,2454848,11675475,12760253,15588473,10381818,19230253,9436699,26216523,18490013,16750201,19055724,20858448,20537326,24188612,23141164,22017422,10433073,9764347,8738720,15507512,25912412,25194152,20031030,24188612,19429661,25446850,22384446,19903049,19401003,24613539,17624337,24210790,9130910,24613539,17609243,15236995,14748845,18955785,16723371,18644593,15019822,16723371,16762179,17141400,18644593,15019822,25201101,23340055,22883517,22736326,25422360,24661731,22563025,11883311,16644787,12107265,22065163,23011643,17509581,16309234,11163832,19931078,22266326,25134292,16533339,9065182,12372468,15104227,19931078,19931078,17983420,15120698,20063560,20190557,23302395,16249290,23472165,24012197,16084891,24571615,25912412,16750201,11912283,19055724,12029073,24648304,25912412,12934347,16150151,11020520,24127964,20137818,9102363,24018808,22884659,16616093,18849443,25912412,9065182,9043920,22563025,25996258,12934347,16202314,11020520,9886539,24127964,19467764,26054109,22447624,26409150,18222435,21397694,26054109
11270,NRM,25449831,25449831,2454848,2454848,11675475,11675475,12760253,12760253,15588473,15588473,10381818,10381818,19230253,19230253,9436699,9436699,26216523,26216523,18490013,18490013,16750201,16750201,19055724,19055724,20858448,20858448,20537326,20537326,24188612,24188612,23141164,23141164,22017422,22017422,10433073,10433073,9764347,9764347,8738720,8738720,15507512,15507512,25912412,25912412,25194152,25194152,20031030,20031030,24188612,24188612,19429661,19429661,25446850,25446850,22384446,22384446,19903049,19903049,19401003,19401003,24613539,24613539,17624337,17624337,24210790,24210790,9130910,9130910,24613539,24613539,17609243,17609243,15236995,15236995,14748845,14748845,18955785,18955785,16723371,16723371,18644593,18644593,15019822,15019822,16723371,16723371,16762179,16762179,17141400,17141400,18644593,18644593,15019822,15019822,25201101,25201101,23340055,23340055,22883517,22883517,22736326,22736326,25422360,25422360,24661731,24661731,22563025,22563025,11883311,11883311,16644787,16644787,12107265,12107265,22065163
1284,COL4A2,25449831,2454848,11675475,12760253,15588473,10381818,19230253,9436699,26216523,18490013,16750201,19055724,20858448,20537326,24188612,23141164,22017422,10433073,9764347,8738720,15507512,25912412,25194152,20031030,24188612,19429661,25446850,22384446,19903049,19401003,24613539,17624337,24210790,9130910,24613539,17609243,15236995,14748845,18955785,16723371,18644593,15019822,16723371,16762179,17141400,18644593,15019822,25201101,23340055,22883517,22736326,25422360,24661731,22563025,11883311,16644787,12107265,22065163,23011643,17509581,16309234,11163832,19931078,22266326,25134292,16533339,9065182,12372468,15104227,19931078,19931078,17983420,15120698,20063560,20190557,23302395,16249290,23472165,24012197,16084891,24571615,25912412,16750201,11912283,19055724,12029073,24648304,25912412,12934347,16150151,11020520,24127964,20137818,9102363,24018808,22884659,16616093,18849443,25912412,9065182,9043920,22563025,25996258,12934347,16202314,11020520,9886539,24127964,19467764,26054109,22447624,26409150,18222435,21397694,26054109
1290,COL5A2,25449831,2454848,11675475,12760253,15588473,10381818,19230253,9436699,26216523,18490013,16750201,19055724,20858448,20537326,24188612,23141164,22017422,10433073,9764347,8738720,15507512,25912412,25194152,20031030,24188612,19429661,25446850,22384446,19903049,19401003,24613539,17624337,24210790,9130910,24613539,17609243,15236995,14748845,18955785,16723371,18644593,15019822,16723371,16762179,17141400,18644593,15019822,25201101,23340055,22883517,22736326,25422360,24661731,22563025,11883311,16644787,12107265,22065163,23011643,17509581,16309234,11163832,19931078,22266326,25134292,16533339,9065182,12372468,15104227,19931078,19931078,17983420,15120698,20063560,20190557,23302395,16249290,23472165,24012197,16084891,24571615,25912412,16750201,11912283,19055724,12029073,24648304,25912412,12934347,16150151,11020520,24127964,20137818,9102363,24018808,22884659,16616093,18849443,25912412,9065182,9043920,22563025,25996258,12934347,16202314,11020520,9886539,24127964,19467764,26054109,22447624,26409150,18222435,21397694,26054109
1548,CYP2A6,25449831,2454848,11675475,12760253,15588473,10381818,19230253,9436699,26216523,18490013,16750201,19055724,20858448,20537326,24188612,23141164,22017422,10433073,9764347,8738720,15507512,25912412,25194152,20031030,24188612,19429661,25446850,22384446,19903049,19401003,24613539,17624337,24210790,9130910,24613539,17609243,15236995,14748845,18955785,16723371,18644593,15019822,16723371,16762179,17141400,18644593,15019822,25201101,23340055,22883517,22736326,25422360,24661731,22563025,11883311,16644787,12107265,22065163,23011643,17509581,16309234,11163832,19931078,22266326,25134292,16533339,9065182,12372468,15104227,19931078,19931078,17983420,15120698,20063560,20190557,23302395,16249290,23472165,24012197,16084891,24571615,25912412,16750201,11912283,19055724,12029073,24648304,25912412,12934347,16150151,11020520,24127964,20137818,9102363,24018808,22884659,16616093,18849443,25912412,9065182,9043920,22563025,25996258,12934347,16202314,11020520,9886539,24127964,19467764,26054109,22447624,26409150,18222435,21397694,26054109
1645,AKR1C1,25449831,2454848,11675475,12760253,15588473,10381818,19230253,9436699,26216523,18490013,16750201,19055724,20858448,20537326,24188612,23141164,22017422,10433073,9764347,8738720,15507512,25912412,25194152,20031030,24188612,19429661,25446850,22384446,19903049,19401003,24613539,17624337,24210790,9130910,24613539,17609243,15236995,14748845,18955785,16723371,18644593,15019822,16723371,16762179,17141400,18644593,15019822,25201101,23340055,22883517,22736326,25422360,24661731,22563025,11883311,16644787,12107265,22065163,23011643,17509581,16309234,11163832,19931078,22266326,25134292,16533339,9065182,12372468,15104227,19931078,19931078,17983420,15120698,20063560,20190557,23302395,16249290,23472165,24012197,16084891,24571615,25912412,16750201,11912283,19055724,12029073,24648304,25912412,12934347,16150151,11020520,24127964,20137818,9102363,24018808,22884659,16616093,18849443,25912412,9065182,9043920,22563025,25996258,12934347,16202314,11020520,9886539,24127964,19467764,26054109,22447624,26409150,18222435,21397694,26054109
1646,AKR1C2,25449831,2454848,11675475,12760253,15588473,10381818,19230253,9436699,26216523,18490013,16750201,19055724,20858448,20537326,24188612,23141164,22017422,10433073,9764347,8738720,15507512,25912412,25194152,20031030,24188612,19429661,25446850,22384446,19903049,19401003,24613539,17624337,24210790,9130910,24613539,17609243,15236995,14748845,18955785,16723371,18644593,15019822,16723371,16762179,17141400,18644593,15019822,25201101,23340055,22883517,22736326,25422360,24661731,22563025,11883311,16644787,12107265,22065163,23011643,17509581,16309234,11163832,19931078,22266326,25134292,16533339,9065182,12372468,15104227,19931078,19931078,17983420,15120698,20063560,20190557,23302395,16249290,23472165,24012197,16084891,24571615,25912412,16750201,11912283,19055724,12029073,24648304,25912412,12934347,16150151,11020520,24127964,20137818,9102363,24018808,22884659,16616093,18849443,25912412,9065182,9043920,22563025,25996258,12934347,16202314,11020520,9886539,24127964,19467764,26054109,22447624,26409150,18222435,21397694,26054109
2207,FCER1G,25449831,2454848,11675475,12760253,15588473,10381818,19230253,9436699,26216523,18490013,16750201,19055724,20858448,20537326,24188612,23141164,22017422,10433073,9764347,8738720,15507512,25912412,25194152,20031030,24188612,19429661,25446850,22384446,19903049,19401003,24613539,17624337,24210790,9130910,24613539,17609243,15236995,14748845,18955785,16723371,18644593,15019822,16723371,16762179,17141400,18644593,15019822,25201101,23340055,22883517,22736326,25422360,24661731,22563025,11883311,16644787,12107265,22065163,23011643,17509581,16309234,11163832,19931078,22266326,25134292,16533339,9065182,12372468,15104227,19931078,19931078,17983420,15120698,20063560,20190557,23302395,16249290,23472165,24012197,16084891,24571615,25912412,16750201,11912283,19055724,12029073,24648304,25912412,12934347,16150151,11020520,24127964,20137818,9102363,24018808,22884659,16616093,18849443,25912412,9065182,9043920,22563025,25996258,12934347,16202314,11020520,9886539,24127964,19467764,26054109,22447624,26409150,18222435,21397694,26054109
2621,GAS6,25449831,2454848,11675475,12760253,15588473,10381818,19230253,9436699,26216523,18490013,16750201,19055724,20858448,20537326,24188612,23141164,22017422,10433073,9764347,8738720,15507512,25912412,25194152,20031030,24188612,19429661,25446850,22384446,19903049,19401003,24613539,17624337,24210790,9130910,24613539,17609243,15236995,14748845,18955785,16723371,18644593,15019822,16723371,16762179,17141400,18644593,15019822,25201101,23340055,22883517,22736326,25422360,24661731,22563025,11883311,16644787,12107265,22065163,23011643,17509581,16309234,11163832,19931078,22266326,25134292,16533339,9065182,12372468,15104227,19931078,19931078,17983420,15120698,20063560,20190557,23302395,16249290,23472165,24012197,16084891,24571615,25912412,16750201,11912283,19055724,12029073,24648304,25912412,12934347,16150151,11020520,24127964,20137818,9102363,24018808,22884659,16616093,18849443,25912412,9065182,9043920,22563025,25996258,12934347,16202314,11020520,9886539,24127964,19467764,26054109,22447624,26409150,18222435,21397694,26054109
442920,MIR196B,25449831,25449831,25449831,2454848,2454848,2454848,11675475,11675475,11675475,12760253,12760253,12760253,15588473,15588473,15588473,10381818,10381818,10381818,19230253,19230253,19230253,9436699,9436699,9436699,26216523,26216523,26216523,18490013,18490013,18490013,16750201,16750201,16750201,19055724,19055724,19055724,20858448,20858448,20858448,20537326,20537326,20537326,24188612,24188612,24188612,23141164,23141164,23141164,22017422,22017422,22017422,10433073,10433073,10433073,9764347,9764347,9764347,8738720,8738720,8738720,15507512,15507512,15507512,25912412,25912412,25912412,25194152,25194152,25194152,20031030,20031030,20031030,24188612,24188612,24188612,19429661,19429661,19429661,25446850,25446850,25446850,22384446,22384446,22384446,19903049,19903049,19903049,19401003,19401003,19401003,24613539,24613539,24613539,17624337,17624337,17624337,24210790,24210790,24210790,9130910,9130910,9130910,24613539,24613539,24613539,17609243,17609243,17609243,15236995,15236995,15236995,14748845,14748845,14748845,18955785,1895
2954,GSTZ1,25449831,2454848,11675475,12760253,15588473,10381818,19230253,9436699,26216523,18490013,16750201,19055724,20858448,20537326,24188612,23141164,22017422,10433073,9764347,8738720,15507512,25912412,25194152,20031030,24188612,19429661,25446850,22384446,19903049,19401003,24613539,17624337,24210790,9130910,24613539,17609243,15236995,14748845,18955785,16723371,18644593,15019822,16723371,16762179,17141400,18644593,15019822,25201101,23340055,22883517,22736326,25422360,24661731,22563025,11883311,16644787,12107265,22065163,23011643,17509581,16309234,11163832,19931078,22266326,25134292,16533339,9065182,12372468,15104227,19931078,19931078,17983420,15120698,20063560,20190557,23302395,16249290,23472165,24012197,16084891,24571615,25912412,16750201,11912283,19055724,12029073,24648304,25912412,12934347,16150151,11020520,24127964,20137818,9102363,24018808,22884659,16616093,18849443,25912412,9065182,9043920,22563025,25996258,12934347,16202314,11020520,9886539,24127964,19467764,26054109,22447624,26409150,18222435,21397694,26054109
3320,HSP90AA1,25449831,2454848,11675475,12760253,15588473,10381818,19230253,9436699,26216523,18490013,16750201,19055724,20858448,20537326,24188612,23141164,22017422,10433073,9764347,8738720,15507512,25912412,25194152,20031030,24188612,19429661,25446850,22384446,19903049,19401003,24613539,17624337,24210790,9130910,24613539,17609243,15236995,14748845,18955785,16723371,18644593,15019822,16723371,16762179,17141400,18644593,15019822,25201101,23340055,22883517,22736326,25422360,24661731,22563025,11883311,16644787,12107265,22065163,23011643,17509581,16309234,11163832,19931078,22266326,25134292,16533339,9065182,12372468,15104227,19931078,19931078,17983420,15120698,20063560,20190557,23302395,16249290,23472165,24012197,16084891,24571615,25912412,16750201,11912283,19055724,12029073,24648304,25912412,12934347,16150151,11020520,24127964,20137818,9102363,24018808,22884659,16616093,18849443,25912412,9065182,9043920,22563025,25996258,12934347,16202314,11020520,9886539,24127964,19467764,26054109,22447624,26409150,18222435,21397694,26054109
3802,KIR2DL1,25449831,2454848,11675475,12760253,15588473,10381818,19230253,9436699,26216523,18490013,16750201,19055724,20858448,20537326,24188612,23141164,22017422,10433073,9764347,8738720,15507512,25912412,25194152,20031030,24188612,19429661,25446850,22384446,19903049,19401003,24613539,17624337,24210790,9130910,24613539,17609243,15236995,14748845,18955785,16723371,18644593,15019822,16723371,16762179,17141400,18644593,15019822,25201101,23340055,22883517,22736326,25422360,24661731,22563025,11883311,16644787,12107265,22065163,23011643,17509581,16309234,11163832,19931078,22266326,25134292,16533339,9065182,12372468,15104227,19931078,19931078,17983420,15120698,20063560,20190557,23302395,16249290,23472165,24012197,16084891,24571615,25912412,16750201,11912283,19055724,12029073,24648304,25912412,12934347,16150151,11020520,24127964,20137818,9102363,24018808,22884659,16616093,18849443,25912412,9065182,9043920,22563025,25996258,12934347,16202314,11020520,9886539,24127964,19467764,26054109,22447624,26409150,18222435,21397694,26054109
4719,NDUFS1,25449831,2454848,11675475,12760253,15588473,10381818,19230253,9436699,26216523,18490013,16750201,19055724,20858448,20537326,24188612,23141164,22017422,10433073,9764347,8738720,15507512,25912412,25194152,20031030,24188612,19429661,25446850,22384446,19903049,19401003,24613539,17624337,24210790,9130910,24613539,17609243,15236995,14748845,18955785,16723371,18644593,15019822,16723371,16762179,17141400,18644593,15019822,25201101,23340055,22883517,22736326,25422360,24661731,22563025,11883311,16644787,12107265,22065163,23011643,17509581,16309234,11163832,19931078,22266326,25134292,16533339,9065182,12372468,15104227,19931078,19931078,17983420,15120698,20063560,20190557,23302395,16249290,23472165,24012197,16084891,24571615,25912412,16750201,11912283,19055724,12029073,24648304,25912412,12934347,16150151,11020520,24127964,20137818,9102363,24018808,22884659,16616093,18849443,25912412,9065182,9043920,22563025,25996258,12934347,16202314,11020520,9886539,24127964,19467764,26054109,22447624,26409150,18222435,21397694,26054109
5730,PTGDS,25449831,2454848,11675475,12760253,15588473,10381818,19230253,9436699,26216523,18490013,16750201,19055724,20858448,20537326,24188612,23141164,22017422,10433073,9764347,8738720,15507512,25912412,25194152,20031030,24188612,19429661,25446850,22384446,19903049,19401003,24613539,17624337,24210790,9130910,24613539,17609243,15236995,14748845,18955785,16723371,18644593,15019822,16723371,16762179,17141400,18644593,15019822,25201101,23340055,22883517,22736326,25422360,24661731,22563025,11883311,16644787,12107265,22065163,23011643,17509581,16309234,11163832,19931078,22266326,25134292,16533339,9065182,12372468,15104227,19931078,19931078,17983420,15120698,20063560,20190557,23302395,16249290,23472165,24012197,16084891,24571615,25912412,16750201,11912283,19055724,12029073,24648304,25912412,12934347,16150151,11020520,24127964,20137818,9102363,24018808,22884659,16616093,18849443,25912412,9065182,9043920,22563025,25996258,12934347,16202314,11020520,9886539,24127964,19467764,26054109,22447624,26409150,18222435,21397694,26054109
5806,PTX3,25449831,2454848,11675475,12760253,15588473,10381818,19230253,9436699,26216523,18490013,16750201,19055724,20858448,20537326,24188612,23141164,22017422,10433073,9764347,8738720,15507512,25912412,25194152,20031030,24188612,19429661,25446850,22384446,19903049,19401003,24613539,17624337,24210790,9130910,24613539,17609243,15236995,14748845,18955785,16723371,18644593,15019822,16723371,16762179,17141400,18644593,15019822,25201101,23340055,22883517,22736326,25422360,24661731,22563025,11883311,16644787,12107265,22065163,23011643,17509581,16309234,11163832,19931078,22266326,25134292,16533339,9065182,12372468,15104227,19931078,19931078,17983420,15120698,20063560,20190557,23302395,16249290,23472165,24012197,16084891,24571615,25912412,16750201,11912283,19055724,12029073,24648304,25912412,12934347,16150151,11020520,24127964,20137818,9102363,24018808,22884659,16616093,18849443,25912412,9065182,9043920,22563025,25996258,12934347,16202314,11020520,9886539,24127964,19467764,26054109,22447624,26409150,18222435,21397694,26054109
5918,RARRES1,25449831,2454848,11675475,12760253,15588473,10381818,19230253,9436699,26216523,18490013,16750201,19055724,20858448,20537326,24188612,23141164,22017422,10433073,9764347,8738720,15507512,25912412,25194152,20031030,24188612,19429661,25446850,22384446,19903049,19401003,24613539,17624337,24210790,9130910,24613539,17609243,15236995,14748845,18955785,16723371,18644593,15019822,16723371,16762179,17141400,18644593,15019822,25201101,23340055,22883517,22736326,25422360,24661731,22563025,11883311,16644787,12107265,22065163,23011643,17509581,16309234,11163832,19931078,22266326,25134292,16533339,9065182,12372468,15104227,19931078,19931078,17983420,15120698,20063560,20190557,23302395,16249290,23472165,24012197,16084891,24571615,25912412,16750201,11912283,19055724,12029073,24648304,25912412,12934347,16150151,11020520,24127964,20137818,9102363,24018808,22884659,16616093,18849443,25912412,9065182,9043920,22563025,25996258,12934347,16202314,11020520,9886539,24127964,19467764,26054109,22447624,26409150,18222435,21397694,26054109
6462,SHBG,25449831,2454848,11675475,12760253,15588473,10381818,19230253,9436699,26216523,18490013,16750201,19055724,20858448,20537326,24188612,23141164,22017422,10433073,9764347,8738720,15507512,25912412,25194152,20031030,24188612,19429661,25446850,22384446,19903049,19401003,24613539,17624337,24210790,9130910,24613539,17609243,15236995,14748845,18955785,16723371,18644593,15019822,16723371,16762179,17141400,18644593,15019822,25201101,23340055,22883517,22736326,25422360,24661731,22563025,11883311,16644787,12107265,22065163,23011643,17509581,16309234,11163832,19931078,22266326,25134292,16533339,9065182,12372468,15104227,19931078,19931078,17983420,15120698,20063560,20190557,23302395,16249290,23472165,24012197,16084891,24571615,25912412,16750201,11912283,19055724,12029073,24648304,25912412,12934347,16150151,11020520,24127964,20137818,9102363,24018808,22884659,16616093,18849443,25912412,9065182,9043920,22563025,25996258,12934347,16202314,11020520,9886539,24127964,19467764,26054109,22447624,26409150,18222435,21397694,26054109
6623,SNCG,25449831,2454848,11675475,12760253,15588473,10381818,19230253,9436699,26216523,18490013,16750201,19055724,20858448,20537326,24188612,23141164,22017422,10433073,9764347,8738720,15507512,25912412,25194152,20031030,24188612,19429661,25446850,22384446,19903049,19401003,24613539,17624337,24210790,9130910,24613539,17609243,15236995,14748845,18955785,16723371,18644593,15019822,16723371,16762179,17141400,18644593,15019822,25201101,23340055,22883517,22736326,25422360,24661731,22563025,11883311,16644787,12107265,22065163,23011643,17509581,16309234,11163832,19931078,22266326,25134292,16533339,9065182,12372468,15104227,19931078,19931078,17983420,15120698,20063560,20190557,23302395,16249290,23472165,24012197,16084891,24571615,25912412,16750201,11912283,19055724,12029073,24648304,25912412,12934347,16150151,11020520,24127964,20137818,9102363,24018808,22884659,16616093,18849443,25912412,9065182,9043920,22563025,25996258,12934347,16202314,11020520,9886539,24127964,19467764,26054109,22447624,26409150,18222435,21397694,26054109
6716,SRD5A2,25449831,2454848,11675475,12760253,15588473,10381818,19230253,9436699,26216523,18490013,16750201,19055724,20858448,20537326,24188612,23141164,22017422,10433073,9764347,8738720,15507512,25912412,25194152,20031030,24188612,19429661,25446850,22384446,19903049,19401003,24613539,17624337,24210790,9130910,24613539,17609243,15236995,14748845,18955785,16723371,18644593,15019822,16723371,16762179,17141400,18644593,15019822,25201101,23340055,22883517,22736326,25422360,24661731,22563025,11883311,16644787,12107265,22065163,23011643,17509581,16309234,11163832,19931078,22266326,25134292,16533339,9065182,12372468,15104227,19931078,19931078,17983420,15120698,20063560,20190557,23302395,16249290,23472165,24012197,16084891,24571615,25912412,16750201,11912283,19055724,12029073,24648304,25912412,12934347,16150151,11020520,24127964,20137818,9102363,24018808,22884659,16616093,18849443,25912412,9065182,9043920,22563025,25996258,12934347,16202314,11020520,9886539,24127964,19467764,26054109,22447624,26409150,18222435,21397694,26054109
6718,AKR1D1,25449831,2454848,11675475,12760253,15588473,10381818,19230253,9436699,26216523,18490013,16750201,19055724,20858448,20537326,24188612,23141164,22017422,10433073,9764347,8738720,15507512,25912412,25194152,20031030,24188612,19429661,25446850,22384446,19903049,19401003,24613539,17624337,24210790,9130910,24613539,17609243,15236995,14748845,18955785,16723371,18644593,15019822,16723371,16762179,17141400,18644593,15019822,25201101,23340055,22883517,22736326,25422360,24661731,22563025,11883311,16644787,12107265,22065163,23011643,17509581,16309234,11163832,19931078,22266326,25134292,16533339,9065182,12372468,15104227,19931078,19931078,17983420,15120698,20063560,20190557,23302395,16249290,23472165,24012197,16084891,24571615,25912412,16750201,11912283,19055724,12029073,24648304,25912412,12934347,16150151,11020520,24127964,20137818,9102363,24018808,22884659,16616093,18849443,25912412,9065182,9043920,22563025,25996258,12934347,16202314,11020520,9886539,24127964,19467764,26054109,22447624,26409150,18222435,21397694,26054109
5716,PSMD10,25449831,2454848,11675475,12760253,15588473,10381818,19230253,9436699,26216523,18490013,16750201,19055724,20858448,20537326,24188612,23141164,22017422,10433073,9764347,8738720,15507512,25912412,25194152,20031030,24188612,19429661,25446850,22384446,19903049,19401003,24613539,17624337,24210790,9130910,24613539,17609243,15236995,14748845,18955785,16723371,18644593,15019822,16723371,16762179,17141400,18644593,15019822,25201101,23340055,22883517,22736326,25422360,24661731,22563025,11883311,16644787,12107265,22065163,23011643,17509581,16309234,11163832,19931078,22266326,25134292,16533339,9065182,12372468,15104227,19931078,19931078,17983420,15120698,20063560,20190557,23302395,16249290,23472165,24012197,16084891,24571615,25912412,16750201,11912283,19055724,12029073,24648304,25912412,12934347,16150151,11020520,24127964,20137818,9102363,24018808,22884659,16616093,18849443,25912412,9065182,9043920,22563025,25996258,12934347,16202314,11020520,9886539,24127964,19467764,26054109,22447624,26409150,18222435,21397694,26054109
9770,RASSF2,25449831,2454848,11675475,12760253,15588473,10381818,19230253,9436699,26216523,18490013,16750201,19055724,20858448,20537326,24188612,23141164,22017422,10433073,9764347,8738720,15507512,25912412,25194152,20031030,24188612,19429661,25446850,22384446,19903049,19401003,24613539,17624337,24210790,9130910,24613539,17609243,15236995,14748845,18955785,16723371,18644593,15019822,16723371,16762179,17141400,18644593,15019822,25201101,23340055,22883517,22736326,25422360,24661731,22563025,11883311,16644787,12107265,22065163,23011643,17509581,16309234,11163832,19931078,22266326,25134292,16533339,9065182,12372468,15104227,19931078,19931078,17983420,15120698,20063560,20190557,23302395,16249290,23472165,24012197,16084891,24571615,25912412,16750201,11912283,19055724,12029073,24648304,25912412,12934347,16150151,11020520,24127964,20137818,9102363,24018808,22884659,16616093,18849443,25912412,9065182,9043920,22563025,25996258,12934347,16202314,11020520,9886539,24127964,19467764,26054109,22447624,26409150,18222435,21397694,26054109
9806,SPOCK2,25449831,2454848,11675475,12760253,15588473,10381818,19230253,9436699,26216523,18490013,16750201,19055724,20858448,20537326,24188612,23141164,22017422,10433073,9764347,8738720,15507512,25912412,25194152,20031030,24188612,19429661,25446850,22384446,19903049,19401003,24613539,17624337,24210790,9130910,24613539,17609243,15236995,14748845,18955785,16723371,18644593,15019822,16723371,16762179,17141400,18644593,15019822,25201101,23340055,22883517,22736326,25422360,24661731,22563025,11883311,16644787,12107265,22065163,23011643,17509581,16309234,11163832,19931078,22266326,25134292,16533339,9065182,12372468,15104227,19931078,19931078,17983420,15120698,20063560,20190557,23302395,16249290,23472165,24012197,16084891,24571615,25912412,16750201,11912283,19055724,12029073,24648304,25912412,12934347,16150151,11020520,24127964,20137818,9102363,24018808,22884659,16616093,18849443,25912412,9065182,9043920,22563025,25996258,12934347,16202314,11020520,9886539,24127964,19467764,26054109,22447624,26409150,18222435,21397694,26054109
10272,FSTL3,25449831,2454848,11675475,12760253,15588473,10381818,19230253,9436699,26216523,18490013,16750201,19055724,20858448,20537326,24188612,23141164,22017422,10433073,9764347,8738720,15507512,25912412,25194152,20031030,24188612,19429661,25446850,22384446,19903049,19401003,24613539,17624337,24210790,9130910,24613539,17609243,15236995,14748845,18955785,16723371,18644593,15019822,16723371,16762179,17141400,18644593,15019822,25201101,23340055,22883517,22736326,25422360,24661731,22563025,11883311,16644787,12107265,22065163,23011643,17509581,16309234,11163832,19931078,22266326,25134292,16533339,9065182,12372468,15104227,19931078,19931078,17983420,15120698,20063560,20190557,23302395,16249290,23472165,24012197,16084891,24571615,25912412,16750201,11912283,19055724,12029073,24648304,25912412,12934347,16150151,11020520,24127964,20137818,9102363,24018808,22884659,16616093,18849443,25912412,9065182,9043920,22563025,25996258,12934347,16202314,11020520,9886539,24127964,19467764,26054109,22447624,26409150,18222435,21397694,26054109
26301,GBGT1,25449831,2454848,11675475,12760253,15588473,10381818,19230253,9436699,26216523,18490013,16750201,19055724,20858448,20537326,24188612,23141164,22017422,10433073,9764347,8738720,15507512,25912412,25194152,20031030,24188612,19429661,25446850,22384446,19903049,19401003,24613539,17624337,24210790,9130910,24613539,17609243,15236995,14748845,18955785,16723371,18644593,15019822,16723371,16762179,17141400,18644593,15019822,25201101,23340055,22883517,22736326,25422360,24661731,22563025,11883311,16644787,12107265,22065163,23011643,17509581,16309234,11163832,19931078,22266326,25134292,16533339,9065182,12372468,15104227,19931078,19931078,17983420,15120698,20063560,20190557,23302395,16249290,23472165,24012197,16084891,24571615,25912412,16750201,11912283,19055724,12029073,24648304,25912412,12934347,16150151,11020520,24127964,20137818,9102363,24018808,22884659,16616093,18849443,25912412,9065182,9043920,22563025,25996258,12934347,16202314,11020520,9886539,24127964,19467764,26054109,22447624,26409150,18222435,21397694,26054109
28231,SLCO4A1,25449831,2454848,11675475,12760253,15588473,10381818,19230253,9436699,26216523,18490013,16750201,19055724,20858448,20537326,24188612,23141164,22017422,10433073,9764347,8738720,15507512,25912412,25194152,20031030,24188612,19429661,25446850,22384446,19903049,19401003,24613539,17624337,24210790,9130910,24613539,17609243,15236995,14748845,18955785,16723371,18644593,15019822,16723371,16762179,17141400,18644593,15019822,25201101,23340055,22883517,22736326,25422360,24661731,22563025,11883311,16644787,12107265,22065163,23011643,17509581,16309234,11163832,19931078,22266326,25134292,16533339,9065182,12372468,15104227,19931078,19931078,17983420,15120698,20063560,20190557,23302395,16249290,23472165,24012197,16084891,24571615,25912412,16750201,11912283,19055724,12029073,24648304,25912412,12934347,16150151,11020520,24127964,20137818,9102363,24018808,22884659,16616093,18849443,25912412,9065182,9043920,22563025,25996258,12934347,16202314,11020520,9886539,24127964,19467764,26054109,22447624,26409150,18222435,21397694,26054109
53616,ADAM22,25449831,2454848,11675475,12760253,15588473,10381818,19230253,9436699,26216523,18490013,16750201,19055724,20858448,20537326,24188612,23141164,22017422,10433073,9764347,8738720,15507512,25912412,25194152,20031030,24188612,19429661,25446850,22384446,19903049,19401003,24613539,17624337,24210790,9130910,24613539,17609243,15236995,14748845,18955785,16723371,18644593,15019822,16723371,16762179,17141400,18644593,15019822,25201101,23340055,22883517,22736326,25422360,24661731,22563025,11883311,16644787,12107265,22065163,23011643,17509581,16309234,11163832,19931078,22266326,25134292,16533339,9065182,12372468,15104227,19931078,19931078,17983420,15120698,20063560,20190557,23302395,16249290,23472165,24012197,16084891,24571615,25912412,16750201,11912283,19055724,12029073,24648304,25912412,12934347,16150151,11020520,24127964,20137818,9102363,24018808,22884659,16616093,18849443,25912412,9065182,9043920,22563025,25996258,12934347,16202314,11020520,9886539,24127964,19467764,26054109,22447624,26409150,18222435,21397694,26054109
55521,TRIM36,25449831,2454848,11675475,12760253,15588473,10381818,19230253,9436699,26216523,18490013,16750201,19055724,20858448,20537326,24188612,23141164,22017422,10433073,9764347,8738720,15507512,25912412,25194152,20031030,24188612,19429661,25446850,22384446,19903049,19401003,24613539,17624337,24210790,9130910,24613539,17609243,15236995,14748845,18955785,16723371,18644593,15019822,16723371,16762179,17141400,18644593,15019822,25201101,23340055,22883517,22736326,25422360,24661731,22563025,11883311,16644787,12107265,22065163,23011643,17509581,16309234,11163832,19931078,22266326,25134292,16533339,9065182,12372468,15104227,19931078,19931078,17983420,15120698,20063560,20190557,23302395,16249290,23472165,24012197,16084891,24571615,25912412,16750201,11912283,19055724,12029073,24648304,25912412,12934347,16150151,11020520,24127964,20137818,9102363,24018808,22884659,16616093,18849443,25912412,9065182,9043920,22563025,25996258,12934347,16202314,11020520,9886539,24127964,19467764,26054109,22447624,26409150,18222435,21397694,26054109
2660,MSTN,25449831,2454848,11675475,12760253,15588473,10381818,19230253,9436699,26216523,18490013,16750201,19055724,20858448,20537326,24188612,23141164,22017422,10433073,9764347,8738720,15507512,25912412,25194152,20031030,24188612,19429661,25446850,22384446,19903049,19401003,24613539,17624337,24210790,9130910,24613539,17609243,15236995,14748845,18955785,16723371,18644593,15019822,16723371,16762179,17141400,18644593,15019822,25201101,23340055,22883517,22736326,25422360,24661731,22563025,11883311,16644787,12107265,22065163,23011643,17509581,16309234,11163832,19931078,22266326,25134292,16533339,9065182,12372468,15104227,19931078,19931078,17983420,15120698,20063560,20190557,23302395,16249290,23472165,24012197,16084891,24571615,25912412,16750201,11912283,19055724,12029073,24648304,25912412,12934347,16150151,11020520,24127964,20137818,9102363,24018808,22884659,16616093,18849443,25912412,9065182,9043920,22563025,25996258,12934347,16202314,11020520,9886539,24127964,19467764,26054109,22447624,26409150,18222435,21397694,26054109
140628,GATA5,25449831,2454848,11675475,12760253,15588473,10381818,19230253,9436699,26216523,18490013,16750201,19055724,20858448,20537326,24188612,23141164,22017422,10433073,9764347,8738720,15507512,25912412,25194152,20031030,24188612,19429661,25446850,22384446,19903049,19401003,24613539,17624337,24210790,9130910,24613539,17609243,15236995,14748845,18955785,16723371,18644593,15019822,16723371,16762179,17141400,18644593,15019822,25201101,23340055,22883517,22736326,25422360,24661731,22563025,11883311,16644787,12107265,22065163,23011643,17509581,16309234,11163832,19931078,22266326,25134292,16533339,9065182,12372468,15104227,19931078,19931078,17983420,15120698,20063560,20190557,23302395,16249290,23472165,24012197,16084891,24571615,25912412,16750201,11912283,19055724,12029073,24648304,25912412,12934347,16150151,11020520,24127964,20137818,9102363,24018808,22884659,16616093,18849443,25912412,9065182,9043920,22563025,25996258,12934347,16202314,11020520,9886539,24127964,19467764,26054109,22447624,26409150,18222435,21397694,26054109
619552,MIR483,25449831,2454848,11675475,12760253,15588473,10381818,19230253,9436699,26216523,18490013,16750201,19055724,20858448,20537326,24188612,23141164,22017422,10433073,9764347,8738720,15507512,25912412,25194152,20031030,24188612,19429661,25446850,22384446,19903049,19401003,24613539,17624337,24210790,9130910,24613539,17609243,15236995,14748845,18955785,16723371,18644593,15019822,16723371,16762179,17141400,18644593,15019822,25201101,23340055,22883517,22736326,25422360,24661731,22563025,11883311,16644787,12107265,22065163,23011643,17509581,16309234,11163832,19931078,22266326,25134292,16533339,9065182,12372468,15104227,19931078,19931078,17983420,15120698,20063560,20190557,23302395,16249290,23472165,24012197,16084891,24571615,25912412,16750201,11912283,19055724,12029073,24648304,25912412,12934347,16150151,11020520,24127964,20137818,9102363,24018808,22884659,16616093,18849443,25912412,9065182,9043920,22563025,25996258,12934347,16202314,11020520,9886539,24127964,19467764,26054109,22447624,26409150,18222435,21397694,26054109
693214,MIR629,25449831,2454848,11675475,12760253,15588473,10381818,19230253,9436699,26216523,18490013,16750201,19055724,20858448,20537326,24188612,23141164,22017422,10433073,9764347,8738720,15507512,25912412,25194152,20031030,24188612,19429661,25446850,22384446,19903049,19401003,24613539,17624337,24210790,9130910,24613539,17609243,15236995,14748845,18955785,16723371,18644593,15019822,16723371,16762179,17141400,18644593,15019822,25201101,23340055,22883517,22736326,25422360,24661731,22563025,11883311,16644787,12107265,22065163,23011643,17509581,16309234,11163832,19931078,22266326,25134292,16533339,9065182,12372468,15104227,19931078,19931078,17983420,15120698,20063560,20190557,23302395,16249290,23472165,24012197,16084891,24571615,25912412,16750201,11912283,19055724,12029073,24648304,25912412,12934347,16150151,11020520,24127964,20137818,9102363,24018808,22884659,16616093,18849443,25912412,9065182,9043920,22563025,25996258,12934347,16202314,11020520,9886539,24127964,19467764,26054109,22447624,26409150,18222435,21397694,26054109
11270,NRM,25449831,2454848,11675475,12760253,15588473,10381818,19230253,9436699,26216523,18490013,16750201,19055724,20858448,20537326,24188612,23141164,22017422,10433073,9764347,8738720,15507512,25912412,25194152,20031030,24188612,19429661,25446850,22384446,19903049,19401003,24613539,17624337,24210790,9130910,24613539,17609243,15236995,14748845,18955785,16723371,18644593,15019822,16723371,16762179,17141400,18644593,15019822,25201101,23340055,22883517,22736326,25422360,24661731,22563025,11883311,16644787,12107265,22065163,23011643,17509581,16309234,11163832,19931078,22266326,25134292,16533339,9065182,12372468,15104227,19931078,19931078,17983420,15120698,20063560,20190557,23302395,16249290,23472165,24012197,16084891,24571615,25912412,16750201,11912283,19055724,12029073,24648304,25912412,12934347,16150151,11020520,24127964,20137818,9102363,24018808,22884659,16616093,18849443,25912412,9065182,9043920,22563025,25996258,12934347,16202314,11020520,9886539,24127964,19467764,26054109,22447624,26409150,18222435,21397694,26054109
1462,VCAN,25449831,2454848,11675475,12760253,15588473,10381818,19230253,9436699,26216523,18490013,16750201,19055724,20858448,20537326,24188612,23141164,22017422,10433073,9764347,8738720,15507512,25912412,25194152,20031030,24188612,19429661,25446850,22384446,19903049,19401003,24613539,17624337,24210790,9130910,24613539,17609243,15236995,14748845,18955785,16723371,18644593,15019822,16723371,16762179,17141400,18644593,15019822,25201101,23340055,22883517,22736326,25422360,24661731,22563025,11883311,16644787,12107265,22065163,23011643,17509581,16309234,11163832,19931078,22266326,25134292,16533339,9065182,12372468,15104227,19931078,19931078,17983420,15120698,20063560,20190557,23302395,16249290,23472165,24012197,16084891,24571615,25912412,16750201,11912283,19055724,12029073,24648304,25912412,12934347,16150151,11020520,24127964,20137818,9102363,24018808,22884659,16616093,18849443,25912412,9065182,9043920,22563025,25996258,12934347,16202314,11020520,9886539,24127964,19467764,26054109,22447624,26409150,18222435,21397694,26054109
2147,F2,25449831,2454848,11675475,12760253,15588473,10381818,19230253,9436699,26216523,18490013,16750201,19055724,20858448,20537326,24188612,23141164,22017422,10433073,9764347,8738720,15507512,25912412,25194152,20031030,24188612,19429661,25446850,22384446,19903049,19401003,24613539,17624337,24210790,9130910,24613539,17609243,15236995,14748845,18955785,16723371,18644593,15019822,16723371,16762179,17141400,18644593,15019822,25201101,23340055,22883517,22736326,25422360,24661731,22563025,11883311,16644787,12107265,22065163,23011643,17509581,16309234,11163832,19931078,22266326,25134292,16533339,9065182,12372468,15104227,19931078,19931078,17983420,15120698,20063560,20190557,23302395,16249290,23472165,24012197,16084891,24571615,25912412,16750201,11912283,19055724,12029073,24648304,25912412,12934347,16150151,11020520,24127964,20137818,9102363,24018808,22884659,16616093,18849443,25912412,9065182,9043920,22563025,25996258,12934347,16202314,11020520,9886539,24127964,19467764,26054109,22447624,26409150,18222435,21397694,26054109
3630,INS,25449831,2454848,11675475,12760253,15588473,10381818,19230253,9436699,26216523,18490013,16750201,19055724,20858448,20537326,24188612,23141164,22017422,10433073,9764347,8738720,15507512,25912412,25194152,20031030,24188612,19429661,25446850,22384446,19903049,19401003,24613539,17624337,24210790,9130910,24613539,17609243,15236995,14748845,18955785,16723371,18644593,15019822,16723371,16762179,17141400,18644593,15019822,25201101,23340055,22883517,22736326,25422360,24661731,22563025,11883311,16644787,12107265,22065163,23011643,17509581,16309234,11163832,19931078,22266326,25134292,16533339,9065182,12372468,15104227,19931078,19931078,17983420,15120698,20063560,20190557,23302395,16249290,23472165,24012197,16084891,24571615,25912412,16750201,11912283,19055724,12029073,24648304,25912412,12934347,16150151,11020520,24127964,20137818,9102363,24018808,22884659,16616093,18849443,25912412,9065182,9043920,22563025,25996258,12934347,16202314,11020520,9886539,24127964,19467764,26054109,22447624,26409150,18222435,21397694,26054109
6776,STAT5A,25449831,2454848,11675475,12760253,15588473,10381818,19230253,9436699,26216523,18490013,16750201,19055724,20858448,20537326,24188612,23141164,22017422,10433073,9764347,8738720,15507512,25912412,25194152,20031030,24188612,19429661,25446850,22384446,19903049,19401003,24613539,17624337,24210790,9130910,24613539,17609243,15236995,14748845,18955785,16723371,18644593,15019822,16723371,16762179,17141400,18644593,15019822,25201101,23340055,22883517,22736326,25422360,24661731,22563025,11883311,16644787,12107265,22065163,23011643,17509581,16309234,11163832,19931078,22266326,25134292,16533339,9065182,12372468,15104227,19931078,19931078,17983420,15120698,20063560,20190557,23302395,16249290,23472165,24012197,16084891,24571615,25912412,16750201,11912283,19055724,12029073,24648304,25912412,12934347,16150151,11020520,24127964,20137818,9102363,24018808,22884659,16616093,18849443,25912412,9065182,9043920,22563025,25996258,12934347,16202314,11020520,9886539,24127964,19467764,26054109,22447624,26409150,18222435,21397694,26054109
5599,MAPK8,25449831,2454848,11675475,12760253,15588473,10381818,19230253,9436699,26216523,18490013,16750201,19055724,20858448,20537326,24188612,23141164,22017422,10433073,9764347,8738720,15507512,25912412,25194152,20031030,24188612,19429661,25446850,22384446,19903049,19401003,24613539,17624337,24210790,9130910,24613539,17609243,15236995,14748845,18955785,16723371,18644593,15019822,16723371,16762179,17141400,18644593,15019822,25201101,23340055,22883517,22736326,25422360,24661731,22563025,11883311,16644787,12107265,22065163,23011643,17509581,16309234,11163832,19931078,22266326,25134292,16533339,9065182,12372468,15104227,19931078,19931078,17983420,15120698,20063560,20190557,23302395,16249290,23472165,24012197,16084891,24571615,25912412,16750201,11912283,19055724,12029073,24648304,25912412,12934347,16150151,11020520,24127964,20137818,9102363,24018808,22884659,16616093,18849443,25912412,9065182,9043920,22563025,25996258,12934347,16202314,11020520,9886539,24127964,19467764,26054109,22447624,26409150,18222435,21397694,26054109
5947,RBP1,25449831,25449831,25449831,2454848,2454848,2454848,11675475,11675475,11675475,12760253,12760253,12760253,15588473,15588473,15588473,10381818,10381818,10381818,19230253,19230253,19230253,9436699,9436699,9436699,26216523,26216523,26216523,18490013,18490013,18490013,16750201,16750201,16750201,19055724,19055724,19055724,20858448,20858448,20858448,20537326,20537326,20537326,24188612,24188612,24188612,23141164,23141164,23141164,22017422,22017422,22017422,10433073,10433073,10433073,9764347,9764347,9764347,8738720,8738720,8738720,15507512,15507512,15507512,25912412,25912412,25912412,25194152,25194152,25194152,20031030,20031030,20031030,24188612,24188612,24188612,19429661,19429661,19429661,25446850,25446850,25446850,22384446,22384446,22384446,19903049,19903049,19903049,19401003,19401003,19401003,24613539,24613539,24613539,17624337,17624337,17624337,24210790,24210790,24210790,9130910,9130910,9130910,24613539,24613539,24613539,17609243,17609243,17609243,15236995,15236995,15236995,14748845,14748845,14748845,18955785,1895
4313,MMP2,25449831,2454848,11675475,12760253,15588473,10381818,19230253,9436699,26216523,18490013,16750201,19055724,20858448,20537326,24188612,23141164,22017422,10433073,9764347,8738720,15507512,25912412,25194152,20031030,24188612,19429661,25446850,22384446,19903049,19401003,24613539,17624337,24210790,9130910,24613539,17609243,15236995,14748845,18955785,16723371,18644593,15019822,16723371,16762179,17141400,18644593,15019822,25201101,23340055,22883517,22736326,25422360,24661731,22563025,11883311,16644787,12107265,22065163,23011643,17509581,16309234,11163832,19931078,22266326,25134292,16533339,9065182,12372468,15104227,19931078,19931078,17983420,15120698,20063560,20190557,23302395,16249290,23472165,24012197,16084891,24571615,25912412,16750201,11912283,19055724,12029073,24648304,25912412,12934347,16150151,11020520,24127964,20137818,9102363,24018808,22884659,16616093,18849443,25912412,9065182,9043920,22563025,25996258,12934347,16202314,11020520,9886539,24127964,19467764,26054109,22447624,26409150,18222435,21397694,26054109
4314,MMP3,25449831,2454848,11675475,12760253,15588473,10381818,19230253,9436699,26216523,18490013,16750201,19055724,20858448,20537326,24188612,23141164,22017422,10433073,9764347,8738720,15507512,25912412,25194152,20031030,24188612,19429661,25446850,22384446,19903049,19401003,24613539,17624337,24210790,9130910,24613539,17609243,15236995,14748845,18955785,16723371,18644593,15019822,16723371,16762179,17141400,18644593,15019822,25201101,23340055,22883517,22736326,25422360,24661731,22563025,11883311,16644787,12107265,22065163,23011643,17509581,16309234,11163832,19931078,22266326,25134292,16533339,9065182,12372468,15104227,19931078,19931078,17983420,15120698,20063560,20190557,23302395,16249290,23472165,24012197,16084891,24571615,25912412,16750201,11912283,19055724,12029073,24648304,25912412,12934347,16150151,11020520,24127964,20137818,9102363,24018808,22884659,16616093,18849443,25912412,9065182,9043920,22563025,25996258,12934347,16202314,11020520,9886539,24127964,19467764,26054109,22447624,26409150,18222435,21397694,26054109
7077,TIMP2,25449831,2454848,11675475,12760253,15588473,10381818,19230253,9436699,26216523,18490013,16750201,19055724,20858448,20537326,24188612,23141164,22017422,10433073,9764347,8738720,15507512,25912412,25194152,20031030,24188612,19429661,25446850,22384446,19903049,19401003,24613539,17624337,24210790,9130910,24613539,17609243,15236995,14748845,18955785,16723371,18644593,15019822,16723371,16762179,17141400,18644593,15019822,25201101,23340055,22883517,22736326,25422360,24661731,22563025,11883311,16644787,12107265,22065163,23011643,17509581,16309234,11163832,19931078,22266326,25134292,16533339,9065182,12372468,15104227,19931078,19931078,17983420,15120698,20063560,20190557,23302395,16249290,23472165,24012197,16084891,24571615,25912412,16750201,11912283,19055724,12029073,24648304,25912412,12934347,16150151,11020520,24127964,20137818,9102363,24018808,22884659,16616093,18849443,25912412,9065182,9043920,22563025,25996258,12934347,16202314,11020520,9886539,24127964,19467764,26054109,22447624,26409150,18222435,21397694,26054109
5241,PGR,25449831,2454848,11675475,12760253,15588473,10381818,19230253,9436699,26216523,18490013,16750201,19055724,20858448,20537326,24188612,23141164,22017422,10433073,9764347,8738720,15507512,25912412,25194152,20031030,24188612,19429661,25446850,22384446,19903049,19401003,24613539,17624337,24210790,9130910,24613539,17609243,15236995,14748845,18955785,16723371,18644593,15019822,16723371,16762179,17141400,18644593,15019822,25201101,23340055,22883517,22736326,25422360,24661731,22563025,11883311,16644787,12107265,22065163,23011643,17509581,16309234,11163832,19931078,22266326,25134292,16533339,9065182,12372468,15104227,19931078,19931078,17983420,15120698,20063560,20190557,23302395,16249290,23472165,24012197,16084891,24571615,25912412,16750201,11912283,19055724,12029073,24648304,25912412,12934347,16150151,11020520,24127964,20137818,9102363,24018808,22884659,16616093,18849443,25912412,9065182,9043920,22563025,25996258,12934347,16202314,11020520,9886539,24127964,19467764,26054109,22447624,26409150,18222435,21397694,26054109
23082,PPRC1,25449831,25449831,2454848,2454848,11675475,11675475,12760253,12760253,15588473,15588473,10381818,10381818,19230253,19230253,9436699,9436699,26216523,26216523,18490013,18490013,16750201,16750201,19055724,19055724,20858448,20858448,20537326,20537326,24188612,24188612,23141164,23141164,22017422,22017422,10433073,10433073,9764347,9764347,8738720,8738720,15507512,15507512,25912412,25912412,25194152,25194152,20031030,20031030,24188612,24188612,19429661,19429661,25446850,25446850,22384446,22384446,19903049,19903049,19401003,19401003,24613539,24613539,17624337,17624337,24210790,24210790,9130910,9130910,24613539,24613539,17609243,17609243,15236995,15236995,14748845,14748845,18955785,18955785,16723371,16723371,18644593,18644593,15019822,15019822,16723371,16723371,16762179,16762179,17141400,17141400,18644593,18644593,15019822,15019822,25201101,25201101,23340055,23340055,22883517,22883517,22736326,22736326,25422360,25422360,24661731,24661731,22563025,22563025,11883311,11883311,16644787,16644787,12107265,12107265,22065163
6696,SPP1,25449831,2454848,11675475,12760253,15588473,10381818,19230253,9436699,26216523,18490013,16750201,19055724,20858448,20537326,24188612,23141164,22017422,10433073,9764347,8738720,15507512,25912412,25194152,20031030,24188612,19429661,25446850,22384446,19903049,19401003,24613539,17624337,24210790,9130910,24613539,17609243,15236995,14748845,18955785,16723371,18644593,15019822,16723371,16762179,17141400,18644593,15019822,25201101,23340055,22883517,22736326,25422360,24661731,22563025,11883311,16644787,12107265,22065163,23011643,17509581,16309234,11163832,19931078,22266326,25134292,16533339,9065182,12372468,15104227,19931078,19931078,17983420,15120698,20063560,20190557,23302395,16249290,23472165,24012197,16084891,24571615,25912412,16750201,11912283,19055724,12029073,24648304,25912412,12934347,16150151,11020520,24127964,20137818,9102363,24018808,22884659,16616093,18849443,25912412,9065182,9043920,22563025,25996258,12934347,16202314,11020520,9886539,24127964,19467764,26054109,22447624,26409150,18222435,21397694,26054109
4282,MIF,25449831,2454848,11675475,12760253,15588473,10381818,19230253,9436699,26216523,18490013,16750201,19055724,20858448,20537326,24188612,23141164,22017422,10433073,9764347,8738720,15507512,25912412,25194152,20031030,24188612,19429661,25446850,22384446,19903049,19401003,24613539,17624337,24210790,9130910,24613539,17609243,15236995,14748845,18955785,16723371,18644593,15019822,16723371,16762179,17141400,18644593,15019822,25201101,23340055,22883517,22736326,25422360,24661731,22563025,11883311,16644787,12107265,22065163,23011643,17509581,16309234,11163832,19931078,22266326,25134292,16533339,9065182,12372468,15104227,19931078,19931078,17983420,15120698,20063560,20190557,23302395,16249290,23472165,24012197,16084891,24571615,25912412,16750201,11912283,19055724,12029073,24648304,25912412,12934347,16150151,11020520,24127964,20137818,9102363,24018808,22884659,16616093,18849443,25912412,9065182,9043920,22563025,25996258,12934347,16202314,11020520,9886539,24127964,19467764,26054109,22447624,26409150,18222435,21397694,26054109
4790,NFKB1,25449831,25449831,2454848,2454848,11675475,11675475,12760253,12760253,15588473,15588473,10381818,10381818,19230253,19230253,9436699,9436699,26216523,26216523,18490013,18490013,16750201,16750201,19055724,19055724,20858448,20858448,20537326,20537326,24188612,24188612,23141164,23141164,22017422,22017422,10433073,10433073,9764347,9764347,8738720,8738720,15507512,15507512,25912412,25912412,25194152,25194152,20031030,20031030,24188612,24188612,19429661,19429661,25446850,25446850,22384446,22384446,19903049,19903049,19401003,19401003,24613539,24613539,17624337,17624337,24210790,24210790,9130910,9130910,24613539,24613539,17609243,17609243,15236995,15236995,14748845,14748845,18955785,18955785,16723371,16723371,18644593,18644593,15019822,15019822,16723371,16723371,16762179,16762179,17141400,17141400,18644593,18644593,15019822,15019822,25201101,25201101,23340055,23340055,22883517,22883517,22736326,22736326,25422360,25422360,24661731,24661731,22563025,22563025,11883311,11883311,16644787,16644787,12107265,12107265,22065163
4843,NOS2,25449831,2454848,11675475,12760253,15588473,10381818,19230253,9436699,26216523,18490013,16750201,19055724,20858448,20537326,24188612,23141164,22017422,10433073,9764347,8738720,15507512,25912412,25194152,20031030,24188612,19429661,25446850,22384446,19903049,19401003,24613539,17624337,24210790,9130910,24613539,17609243,15236995,14748845,18955785,16723371,18644593,15019822,16723371,16762179,17141400,18644593,15019822,25201101,23340055,22883517,22736326,25422360,24661731,22563025,11883311,16644787,12107265,22065163,23011643,17509581,16309234,11163832,19931078,22266326,25134292,16533339,9065182,12372468,15104227,19931078,19931078,17983420,15120698,20063560,20190557,23302395,16249290,23472165,24012197,16084891,24571615,25912412,16750201,11912283,19055724,12029073,24648304,25912412,12934347,16150151,11020520,24127964,20137818,9102363,24018808,22884659,16616093,18849443,25912412,9065182,9043920,22563025,25996258,12934347,16202314,11020520,9886539,24127964,19467764,26054109,22447624,26409150,18222435,21397694,26054109
7076,TIMP1,25449831,2454848,11675475,12760253,15588473,10381818,19230253,9436699,26216523,18490013,16750201,19055724,20858448,20537326,24188612,23141164,22017422,10433073,9764347,8738720,15507512,25912412,25194152,20031030,24188612,19429661,25446850,22384446,19903049,19401003,24613539,17624337,24210790,9130910,24613539,17609243,15236995,14748845,18955785,16723371,18644593,15019822,16723371,16762179,17141400,18644593,15019822,25201101,23340055,22883517,22736326,25422360,24661731,22563025,11883311,16644787,12107265,22065163,23011643,17509581,16309234,11163832,19931078,22266326,25134292,16533339,9065182,12372468,15104227,19931078,19931078,17983420,15120698,20063560,20190557,23302395,16249290,23472165,24012197,16084891,24571615,25912412,16750201,11912283,19055724,12029073,24648304,25912412,12934347,16150151,11020520,24127964,20137818,9102363,24018808,22884659,16616093,18849443,25912412,9065182,9043920,22563025,25996258,12934347,16202314,11020520,9886539,24127964,19467764,26054109,22447624,26409150,18222435,21397694,26054109
3973,LHCGR,25449831,2454848,11675475,12760253,15588473,10381818,19230253,9436699,26216523,18490013,16750201,19055724,20858448,20537326,24188612,23141164,22017422,10433073,9764347,8738720,15507512,25912412,25194152,20031030,24188612,19429661,25446850,22384446,19903049,19401003,24613539,17624337,24210790,9130910,24613539,17609243,15236995,14748845,18955785,16723371,18644593,15019822,16723371,16762179,17141400,18644593,15019822,25201101,23340055,22883517,22736326,25422360,24661731,22563025,11883311,16644787,12107265,22065163,23011643,17509581,16309234,11163832,19931078,22266326,25134292,16533339,9065182,12372468,15104227,19931078,19931078,17983420,15120698,20063560,20190557,23302395,16249290,23472165,24012197,16084891,24571615,25912412,16750201,11912283,19055724,12029073,24648304,25912412,12934347,16150151,11020520,24127964,20137818,9102363,24018808,22884659,16616093,18849443,25912412,9065182,9043920,22563025,25996258,12934347,16202314,11020520,9886539,24127964,19467764,26054109,22447624,26409150,18222435,21397694,26054109
1081,CGA,25449831,2454848,11675475,12760253,15588473,10381818,19230253,9436699,26216523,18490013,16750201,19055724,20858448,20537326,24188612,23141164,22017422,10433073,9764347,8738720,15507512,25912412,25194152,20031030,24188612,19429661,25446850,22384446,19903049,19401003,24613539,17624337,24210790,9130910,24613539,17609243,15236995,14748845,18955785,16723371,18644593,15019822,16723371,16762179,17141400,18644593,15019822,25201101,23340055,22883517,22736326,25422360,24661731,22563025,11883311,16644787,12107265,22065163,23011643,17509581,16309234,11163832,19931078,22266326,25134292,16533339,9065182,12372468,15104227,19931078,19931078,17983420,15120698,20063560,20190557,23302395,16249290,23472165,24012197,16084891,24571615,25912412,16750201,11912283,19055724,12029073,24648304,25912412,12934347,16150151,11020520,24127964,20137818,9102363,24018808,22884659,16616093,18849443,25912412,9065182,9043920,22563025,25996258,12934347,16202314,11020520,9886539,24127964,19467764,26054109,22447624,26409150,18222435,21397694,26054109
4318,MMP9,25449831,2454848,11675475,12760253,15588473,10381818,19230253,9436699,26216523,18490013,16750201,19055724,20858448,20537326,24188612,23141164,22017422,10433073,9764347,8738720,15507512,25912412,25194152,20031030,24188612,19429661,25446850,22384446,19903049,19401003,24613539,17624337,24210790,9130910,24613539,17609243,15236995,14748845,18955785,16723371,18644593,15019822,16723371,16762179,17141400,18644593,15019822,25201101,23340055,22883517,22736326,25422360,24661731,22563025,11883311,16644787,12107265,22065163,23011643,17509581,16309234,11163832,19931078,22266326,25134292,16533339,9065182,12372468,15104227,19931078,19931078,17983420,15120698,20063560,20190557,23302395,16249290,23472165,24012197,16084891,24571615,25912412,16750201,11912283,19055724,12029073,24648304,25912412,12934347,16150151,11020520,24127964,20137818,9102363,24018808,22884659,16616093,18849443,25912412,9065182,9043920,22563025,25996258,12934347,16202314,11020520,9886539,24127964,19467764,26054109,22447624,26409150,18222435,21397694,26054109
2516,NR5A1,25449831,25449831,25449831,25449831,25449831,25449831,25449831,25449831,25449831,25449831,25449831,25449831,25449831,25449831,25449831,25449831,25449831,25449831,25449831,25449831,25449831,25449831,25449831,25449831,25449831,25449831,25449831,25449831,25449831,25449831,25449831,25449831,25449831,25449831,25449831,25449831,25449831,25449831,25449831,25449831,25449831,25449831,25449831,25449831,25449831,25449831,25449831,25449831,25449831,25449831,25449831,25449831,25449831,25449831,25449831,25449831,25449831,25449831,25449831,25449831,25449831,25449831,25449831,25449831,25449831,25449831,25449831,25449831,25449831,25449831,25449831,25449831,25449831,25449831,25449831,25449831,25449831,25449831,25449831,25449831,25449831,25449831,25449831,25449831,25449831,25449831,25449831,25449831,25449831,25449831,25449831,25449831,25449831,25449831,25449831,25449831,25449831,25449831,25449831,25449831,25449831,25449831,25449831,25449831,25449831,25449831,25449831,25449831,25449831,25449831,25449831,25449831,25449831,2544983
2488,FSHB,25449831,25449831,25449831,25449831,25449831,25449831,25449831,25449831,25449831,25449831,25449831,25449831,25449831,25449831,25449831,25449831,25449831,25449831,25449831,25449831,25449831,25449831,25449831,25449831,25449831,25449831,25449831,25449831,25449831,25449831,25449831,25449831,25449831,25449831,25449831,25449831,25449831,25449831,25449831,25449831,25449831,25449831,25449831,25449831,25449831,25449831,25449831,25449831,25449831,25449831,25449831,25449831,25449831,25449831,25449831,25449831,25449831,25449831,25449831,25449831,25449831,25449831,25449831,25449831,25449831,25449831,25449831,25449831,25449831,25449831,25449831,25449831,25449831,25449831,25449831,25449831,25449831,25449831,25449831,25449831,25449831,25449831,25449831,25449831,25449831,25449831,25449831,25449831,25449831,25449831,25449831,25449831,25449831,25449831,25449831,25449831,25449831,25449831,25449831,25449831,25449831,25449831,25449831,25449831,25449831,25449831,25449831,25449831,25449831,25449831,25449831,25449831,25449831,2544983
10257,ABCC4,25449831,2454848,11675475,12760253,15588473,10381818,19230253,9436699,26216523,18490013,16750201,19055724,20858448,20537326,24188612,23141164,22017422,10433073,9764347,8738720,15507512,25912412,25194152,20031030,24188612,19429661,25446850,22384446,19903049,19401003,24613539,17624337,24210790,9130910,24613539,17609243,15236995,14748845,18955785,16723371,18644593,15019822,16723371,16762179,17141400,18644593,15019822,25201101,23340055,22883517,22736326,25422360,24661731,22563025,11883311,16644787,12107265,22065163,23011643,17509581,16309234,11163832,19931078,22266326,25134292,16533339,9065182,12372468,15104227,19931078,19931078,17983420,15120698,20063560,20190557,23302395,16249290,23472165,24012197,16084891,24571615,25912412,16750201,11912283,19055724,12029073,24648304,25912412,12934347,16150151,11020520,24127964,20137818,9102363,24018808,22884659,16616093,18849443,25912412,9065182,9043920,22563025,25996258,12934347,16202314,11020520,9886539,24127964,19467764,26054109,22447624,26409150,18222435,21397694,26054109
9429,ABCG2,25449831,2454848,11675475,12760253,15588473,10381818,19230253,9436699,26216523,18490013,16750201,19055724,20858448,20537326,24188612,23141164,22017422,10433073,9764347,8738720,15507512,25912412,25194152,20031030,24188612,19429661,25446850,22384446,19903049,19401003,24613539,17624337,24210790,9130910,24613539,17609243,15236995,14748845,18955785,16723371,18644593,15019822,16723371,16762179,17141400,18644593,15019822,25201101,23340055,22883517,22736326,25422360,24661731,22563025,11883311,16644787,12107265,22065163,23011643,17509581,16309234,11163832,19931078,22266326,25134292,16533339,9065182,12372468,15104227,19931078,19931078,17983420,15120698,20063560,20190557,23302395,16249290,23472165,24012197,16084891,24571615,25912412,16750201,11912283,19055724,12029073,24648304,25912412,12934347,16150151,11020520,24127964,20137818,9102363,24018808,22884659,16616093,18849443,25912412,9065182,9043920,22563025,25996258,12934347,16202314,11020520,9886539,24127964,19467764,26054109,22447624,26409150,18222435,21397694,26054109
1636,ACE,25449831,2454848,11675475,12760253,15588473,10381818,19230253,9436699,26216523,18490013,16750201,19055724,20858448,20537326,24188612,23141164,22017422,10433073,9764347,8738720,15507512,25912412,25194152,20031030,24188612,19429661,25446850,22384446,19903049,19401003,24613539,17624337,24210790,9130910,24613539,17609243,15236995,14748845,18955785,16723371,18644593,15019822,16723371,16762179,17141400,18644593,15019822,25201101,23340055,22883517,22736326,25422360,24661731,22563025,11883311,16644787,12107265,22065163,23011643,17509581,16309234,11163832,19931078,22266326,25134292,16533339,9065182,12372468,15104227,19931078,19931078,17983420,15120698,20063560,20190557,23302395,16249290,23472165,24012197,16084891,24571615,25912412,16750201,11912283,19055724,12029073,24648304,25912412,12934347,16150151,11020520,24127964,20137818,9102363,24018808,22884659,16616093,18849443,25912412,9065182,9043920,22563025,25996258,12934347,16202314,11020520,9886539,24127964,19467764,26054109,22447624,26409150,18222435,21397694,26054109
3952,LEP,25449831,25449831,25449831,25449831,25449831,25449831,25449831,25449831,25449831,25449831,25449831,25449831,25449831,25449831,25449831,25449831,25449831,25449831,25449831,25449831,25449831,25449831,25449831,25449831,2454848,2454848,2454848,2454848,2454848,2454848,2454848,2454848,2454848,2454848,2454848,2454848,2454848,2454848,2454848,2454848,2454848,2454848,2454848,2454848,2454848,2454848,2454848,2454848,11675475,11675475,11675475,11675475,11675475,11675475,11675475,11675475,11675475,11675475,11675475,11675475,11675475,11675475,11675475,11675475,11675475,11675475,11675475,11675475,11675475,11675475,11675475,11675475,12760253,12760253,12760253,12760253,12760253,12760253,12760253,12760253,12760253,12760253,12760253,12760253,12760253,12760253,12760253,12760253,12760253,12760253,12760253,12760253,12760253,12760253,12760253,12760253,15588473,15588473,15588473,15588473,15588473,15588473,15588473,15588473,15588473,15588473,15588473,15588473,15588473,15588473,15588473,15588473,15588473,15588473,15588473,15588473,1558
3606,IL18,25449831,25449831,25449831,25449831,25449831,25449831,25449831,25449831,25449831,25449831,25449831,25449831,25449831,25449831,25449831,25449831,25449831,25449831,25449831,25449831,25449831,25449831,25449831,25449831,2454848,2454848,2454848,2454848,2454848,2454848,2454848,2454848,2454848,2454848,2454848,2454848,2454848,2454848,2454848,2454848,2454848,2454848,2454848,2454848,2454848,2454848,2454848,2454848,11675475,11675475,11675475,11675475,11675475,11675475,11675475,11675475,11675475,11675475,11675475,11675475,11675475,11675475,11675475,11675475,11675475,11675475,11675475,11675475,11675475,11675475,11675475,11675475,12760253,12760253,12760253,12760253,12760253,12760253,12760253,12760253,12760253,12760253,12760253,12760253,12760253,12760253,12760253,12760253,12760253,12760253,12760253,12760253,12760253,12760253,12760253,12760253,15588473,15588473,15588473,15588473,15588473,15588473,15588473,15588473,15588473,15588473,15588473,15588473,15588473,15588473,15588473,15588473,15588473,15588473,15588473,15588473,1558
581,BAX,25449831,25449831,25449831,25449831,25449831,25449831,25449831,25449831,25449831,25449831,25449831,25449831,25449831,25449831,25449831,25449831,25449831,25449831,25449831,25449831,2454848,2454848,2454848,2454848,2454848,2454848,2454848,2454848,2454848,2454848,2454848,2454848,2454848,2454848,2454848,2454848,2454848,2454848,2454848,2454848,11675475,11675475,11675475,11675475,11675475,11675475,11675475,11675475,11675475,11675475,11675475,11675475,11675475,11675475,11675475,11675475,11675475,11675475,11675475,11675475,12760253,12760253,12760253,12760253,12760253,12760253,12760253,12760253,12760253,12760253,12760253,12760253,12760253,12760253,12760253,12760253,12760253,12760253,12760253,12760253,15588473,15588473,15588473,15588473,15588473,15588473,15588473,15588473,15588473,15588473,15588473,15588473,15588473,15588473,15588473,15588473,15588473,15588473,15588473,15588473,10381818,10381818,10381818,10381818,10381818,10381818,10381818,10381818,10381818,10381818,10381818,10381818,10381818,10381818,10381818,10381818,
26191,PTPN22,25449831,2454848,11675475,12760253,15588473,10381818,19230253,9436699,26216523,18490013,16750201,19055724,20858448,20537326,24188612,23141164,22017422,10433073,9764347,8738720,15507512,25912412,25194152,20031030,24188612,19429661,25446850,22384446,19903049,19401003,24613539,17624337,24210790,9130910,24613539,17609243,15236995,14748845,18955785,16723371,18644593,15019822,16723371,16762179,17141400,18644593,15019822,25201101,23340055,22883517,22736326,25422360,24661731,22563025,11883311,16644787,12107265,22065163,23011643,17509581,16309234,11163832,19931078,22266326,25134292,16533339,9065182,12372468,15104227,19931078,19931078,17983420,15120698,20063560,20190557,23302395,16249290,23472165,24012197,16084891,24571615,25912412,16750201,11912283,19055724,12029073,24648304,25912412,12934347,16150151,11020520,24127964,20137818,9102363,24018808,22884659,16616093,18849443,25912412,9065182,9043920,22563025,25996258,12934347,16202314,11020520,9886539,24127964,19467764,26054109,22447624,26409150,18222435,21397694,26054109
9370,ADIPOQ,25449831,2454848,11675475,12760253,15588473,10381818,19230253,9436699,26216523,18490013,16750201,19055724,20858448,20537326,24188612,23141164,22017422,10433073,9764347,8738720,15507512,25912412,25194152,20031030,24188612,19429661,25446850,22384446,19903049,19401003,24613539,17624337,24210790,9130910,24613539,17609243,15236995,14748845,18955785,16723371,18644593,15019822,16723371,16762179,17141400,18644593,15019822,25201101,23340055,22883517,22736326,25422360,24661731,22563025,11883311,16644787,12107265,22065163,23011643,17509581,16309234,11163832,19931078,22266326,25134292,16533339,9065182,12372468,15104227,19931078,19931078,17983420,15120698,20063560,20190557,23302395,16249290,23472165,24012197,16084891,24571615,25912412,16750201,11912283,19055724,12029073,24648304,25912412,12934347,16150151,11020520,24127964,20137818,9102363,24018808,22884659,16616093,18849443,25912412,9065182,9043920,22563025,25996258,12934347,16202314,11020520,9886539,24127964,19467764,26054109,22447624,26409150,18222435,21397694,26054109
51738,GHRL,25449831,25449831,25449831,2454848,2454848,2454848,11675475,11675475,11675475,12760253,12760253,12760253,15588473,15588473,15588473,10381818,10381818,10381818,19230253,19230253,19230253,9436699,9436699,9436699,26216523,26216523,26216523,18490013,18490013,18490013,16750201,16750201,16750201,19055724,19055724,19055724,20858448,20858448,20858448,20537326,20537326,20537326,24188612,24188612,24188612,23141164,23141164,23141164,22017422,22017422,22017422,10433073,10433073,10433073,9764347,9764347,9764347,8738720,8738720,8738720,15507512,15507512,15507512,25912412,25912412,25912412,25194152,25194152,25194152,20031030,20031030,20031030,24188612,24188612,24188612,19429661,19429661,19429661,25446850,25446850,25446850,22384446,22384446,22384446,19903049,19903049,19903049,19401003,19401003,19401003,24613539,24613539,24613539,17624337,17624337,17624337,24210790,24210790,24210790,9130910,9130910,9130910,24613539,24613539,24613539,17609243,17609243,17609243,15236995,15236995,15236995,14748845,14748845,14748845,18955785,1895
10551,AGR2,25449831,2454848,11675475,12760253,15588473,10381818,19230253,9436699,26216523,18490013,16750201,19055724,20858448,20537326,24188612,23141164,22017422,10433073,9764347,8738720,15507512,25912412,25194152,20031030,24188612,19429661,25446850,22384446,19903049,19401003,24613539,17624337,24210790,9130910,24613539,17609243,15236995,14748845,18955785,16723371,18644593,15019822,16723371,16762179,17141400,18644593,15019822,25201101,23340055,22883517,22736326,25422360,24661731,22563025,11883311,16644787,12107265,22065163,23011643,17509581,16309234,11163832,19931078,22266326,25134292,16533339,9065182,12372468,15104227,19931078,19931078,17983420,15120698,20063560,20190557,23302395,16249290,23472165,24012197,16084891,24571615,25912412,16750201,11912283,19055724,12029073,24648304,25912412,12934347,16150151,11020520,24127964,20137818,9102363,24018808,22884659,16616093,18849443,25912412,9065182,9043920,22563025,25996258,12934347,16202314,11020520,9886539,24127964,19467764,26054109,22447624,26409150,18222435,21397694,26054109
185,AGTR1,25449831,25449831,2454848,2454848,11675475,11675475,12760253,12760253,15588473,15588473,10381818,10381818,19230253,19230253,9436699,9436699,26216523,26216523,18490013,18490013,16750201,16750201,19055724,19055724,20858448,20858448,20537326,20537326,24188612,24188612,23141164,23141164,22017422,22017422,10433073,10433073,9764347,9764347,8738720,8738720,15507512,15507512,25912412,25912412,25194152,25194152,20031030,20031030,24188612,24188612,19429661,19429661,25446850,25446850,22384446,22384446,19903049,19903049,19401003,19401003,24613539,24613539,17624337,17624337,24210790,24210790,9130910,9130910,24613539,24613539,17609243,17609243,15236995,15236995,14748845,14748845,18955785,18955785,16723371,16723371,18644593,18644593,15019822,15019822,16723371,16723371,16762179,16762179,17141400,17141400,18644593,18644593,15019822,15019822,25201101,25201101,23340055,23340055,22883517,22883517,22736326,22736326,25422360,25422360,24661731,24661731,22563025,22563025,11883311,11883311,16644787,16644787,12107265,12107265,22065163
196,AHR,25449831,2454848,11675475,12760253,15588473,10381818,19230253,9436699,26216523,18490013,16750201,19055724,20858448,20537326,24188612,23141164,22017422,10433073,9764347,8738720,15507512,25912412,25194152,20031030,24188612,19429661,25446850,22384446,19903049,19401003,24613539,17624337,24210790,9130910,24613539,17609243,15236995,14748845,18955785,16723371,18644593,15019822,16723371,16762179,17141400,18644593,15019822,25201101,23340055,22883517,22736326,25422360,24661731,22563025,11883311,16644787,12107265,22065163,23011643,17509581,16309234,11163832,19931078,22266326,25134292,16533339,9065182,12372468,15104227,19931078,19931078,17983420,15120698,20063560,20190557,23302395,16249290,23472165,24012197,16084891,24571615,25912412,16750201,11912283,19055724,12029073,24648304,25912412,12934347,16150151,11020520,24127964,20137818,9102363,24018808,22884659,16616093,18849443,25912412,9065182,9043920,22563025,25996258,12934347,16202314,11020520,9886539,24127964,19467764,26054109,22447624,26409150,18222435,21397694,26054109
1543,CYP1A1,25449831,2454848,11675475,12760253,15588473,10381818,19230253,9436699,26216523,18490013,16750201,19055724,20858448,20537326,24188612,23141164,22017422,10433073,9764347,8738720,15507512,25912412,25194152,20031030,24188612,19429661,25446850,22384446,19903049,19401003,24613539,17624337,24210790,9130910,24613539,17609243,15236995,14748845,18955785,16723371,18644593,15019822,16723371,16762179,17141400,18644593,15019822,25201101,23340055,22883517,22736326,25422360,24661731,22563025,11883311,16644787,12107265,22065163,23011643,17509581,16309234,11163832,19931078,22266326,25134292,16533339,9065182,12372468,15104227,19931078,19931078,17983420,15120698,20063560,20190557,23302395,16249290,23472165,24012197,16084891,24571615,25912412,16750201,11912283,19055724,12029073,24648304,25912412,12934347,16150151,11020520,24127964,20137818,9102363,24018808,22884659,16616093,18849443,25912412,9065182,9043920,22563025,25996258,12934347,16202314,11020520,9886539,24127964,19467764,26054109,22447624,26409150,18222435,21397694,26054109
1978,EIF4EBP1,25449831,25449831,2454848,2454848,11675475,11675475,12760253,12760253,15588473,15588473,10381818,10381818,19230253,19230253,9436699,9436699,26216523,26216523,18490013,18490013,16750201,16750201,19055724,19055724,20858448,20858448,20537326,20537326,24188612,24188612,23141164,23141164,22017422,22017422,10433073,10433073,9764347,9764347,8738720,8738720,15507512,15507512,25912412,25912412,25194152,25194152,20031030,20031030,24188612,24188612,19429661,19429661,25446850,25446850,22384446,22384446,19903049,19903049,19401003,19401003,24613539,24613539,17624337,17624337,24210790,24210790,9130910,9130910,24613539,24613539,17609243,17609243,15236995,15236995,14748845,14748845,18955785,18955785,16723371,16723371,18644593,18644593,15019822,15019822,16723371,16723371,16762179,16762179,17141400,17141400,18644593,18644593,15019822,15019822,25201101,25201101,23340055,23340055,22883517,22883517,22736326,22736326,25422360,25422360,24661731,24661731,22563025,22563025,11883311,11883311,16644787,16644787,12107265,12107265,22065163
199,AIF1,25449831,25449831,2454848,2454848,11675475,11675475,12760253,12760253,15588473,15588473,10381818,10381818,19230253,19230253,9436699,9436699,26216523,26216523,18490013,18490013,16750201,16750201,19055724,19055724,20858448,20858448,20537326,20537326,24188612,24188612,23141164,23141164,22017422,22017422,10433073,10433073,9764347,9764347,8738720,8738720,15507512,15507512,25912412,25912412,25194152,25194152,20031030,20031030,24188612,24188612,19429661,19429661,25446850,25446850,22384446,22384446,19903049,19903049,19401003,19401003,24613539,24613539,17624337,17624337,24210790,24210790,9130910,9130910,24613539,24613539,17609243,17609243,15236995,15236995,14748845,14748845,18955785,18955785,16723371,16723371,18644593,18644593,15019822,15019822,16723371,16723371,16762179,16762179,17141400,17141400,18644593,18644593,15019822,15019822,25201101,25201101,23340055,23340055,22883517,22883517,22736326,22736326,25422360,25422360,24661731,24661731,22563025,22563025,11883311,11883311,16644787,16644787,12107265,12107265,22065163
231,AKR1B1,25449831,25449831,2454848,2454848,11675475,11675475,12760253,12760253,15588473,15588473,10381818,10381818,19230253,19230253,9436699,9436699,26216523,26216523,18490013,18490013,16750201,16750201,19055724,19055724,20858448,20858448,20537326,20537326,24188612,24188612,23141164,23141164,22017422,22017422,10433073,10433073,9764347,9764347,8738720,8738720,15507512,15507512,25912412,25912412,25194152,25194152,20031030,20031030,24188612,24188612,19429661,19429661,25446850,25446850,22384446,22384446,19903049,19903049,19401003,19401003,24613539,24613539,17624337,17624337,24210790,24210790,9130910,9130910,24613539,24613539,17609243,17609243,15236995,15236995,14748845,14748845,18955785,18955785,16723371,16723371,18644593,18644593,15019822,15019822,16723371,16723371,16762179,16762179,17141400,17141400,18644593,18644593,15019822,15019822,25201101,25201101,23340055,23340055,22883517,22883517,22736326,22736326,25422360,25422360,24661731,24661731,22563025,22563025,11883311,11883311,16644787,16644787,12107265,12107265,22065163
8644,AKR1C3,25449831,2454848,11675475,12760253,15588473,10381818,19230253,9436699,26216523,18490013,16750201,19055724,20858448,20537326,24188612,23141164,22017422,10433073,9764347,8738720,15507512,25912412,25194152,20031030,24188612,19429661,25446850,22384446,19903049,19401003,24613539,17624337,24210790,9130910,24613539,17609243,15236995,14748845,18955785,16723371,18644593,15019822,16723371,16762179,17141400,18644593,15019822,25201101,23340055,22883517,22736326,25422360,24661731,22563025,11883311,16644787,12107265,22065163,23011643,17509581,16309234,11163832,19931078,22266326,25134292,16533339,9065182,12372468,15104227,19931078,19931078,17983420,15120698,20063560,20190557,23302395,16249290,23472165,24012197,16084891,24571615,25912412,16750201,11912283,19055724,12029073,24648304,25912412,12934347,16150151,11020520,24127964,20137818,9102363,24018808,22884659,16616093,18849443,25912412,9065182,9043920,22563025,25996258,12934347,16202314,11020520,9886539,24127964,19467764,26054109,22447624,26409150,18222435,21397694,26054109
3207,HOXA11,25449831,25449831,25449831,2454848,2454848,2454848,11675475,11675475,11675475,12760253,12760253,12760253,15588473,15588473,15588473,10381818,10381818,10381818,19230253,19230253,19230253,9436699,9436699,9436699,26216523,26216523,26216523,18490013,18490013,18490013,16750201,16750201,16750201,19055724,19055724,19055724,20858448,20858448,20858448,20537326,20537326,20537326,24188612,24188612,24188612,23141164,23141164,23141164,22017422,22017422,22017422,10433073,10433073,10433073,9764347,9764347,9764347,8738720,8738720,8738720,15507512,15507512,15507512,25912412,25912412,25912412,25194152,25194152,25194152,20031030,20031030,20031030,24188612,24188612,24188612,19429661,19429661,19429661,25446850,25446850,25446850,22384446,22384446,22384446,19903049,19903049,19903049,19401003,19401003,19401003,24613539,24613539,24613539,17624337,17624337,17624337,24210790,24210790,24210790,9130910,9130910,9130910,24613539,24613539,24613539,17609243,17609243,17609243,15236995,15236995,15236995,14748845,14748845,14748845,18955785,1895
6590,SLPI,25449831,2454848,11675475,12760253,15588473,10381818,19230253,9436699,26216523,18490013,16750201,19055724,20858448,20537326,24188612,23141164,22017422,10433073,9764347,8738720,15507512,25912412,25194152,20031030,24188612,19429661,25446850,22384446,19903049,19401003,24613539,17624337,24210790,9130910,24613539,17609243,15236995,14748845,18955785,16723371,18644593,15019822,16723371,16762179,17141400,18644593,15019822,25201101,23340055,22883517,22736326,25422360,24661731,22563025,11883311,16644787,12107265,22065163,23011643,17509581,16309234,11163832,19931078,22266326,25134292,16533339,9065182,12372468,15104227,19931078,19931078,17983420,15120698,20063560,20190557,23302395,16249290,23472165,24012197,16084891,24571615,25912412,16750201,11912283,19055724,12029073,24648304,25912412,12934347,16150151,11020520,24127964,20137818,9102363,24018808,22884659,16616093,18849443,25912412,9065182,9043920,22563025,25996258,12934347,16202314,11020520,9886539,24127964,19467764,26054109,22447624,26409150,18222435,21397694,26054109
268,AMH,25449831,2454848,11675475,12760253,15588473,10381818,19230253,9436699,26216523,18490013,16750201,19055724,20858448,20537326,24188612,23141164,22017422,10433073,9764347,8738720,15507512,25912412,25194152,20031030,24188612,19429661,25446850,22384446,19903049,19401003,24613539,17624337,24210790,9130910,24613539,17609243,15236995,14748845,18955785,16723371,18644593,15019822,16723371,16762179,17141400,18644593,15019822,25201101,23340055,22883517,22736326,25422360,24661731,22563025,11883311,16644787,12107265,22065163,23011643,17509581,16309234,11163832,19931078,22266326,25134292,16533339,9065182,12372468,15104227,19931078,19931078,17983420,15120698,20063560,20190557,23302395,16249290,23472165,24012197,16084891,24571615,25912412,16750201,11912283,19055724,12029073,24648304,25912412,12934347,16150151,11020520,24127964,20137818,9102363,24018808,22884659,16616093,18849443,25912412,9065182,9043920,22563025,25996258,12934347,16202314,11020520,9886539,24127964,19467764,26054109,22447624,26409150,18222435,21397694,26054109
269,AMHR2,25449831,25449831,25449831,2454848,2454848,2454848,11675475,11675475,11675475,12760253,12760253,12760253,15588473,15588473,15588473,10381818,10381818,10381818,19230253,19230253,19230253,9436699,9436699,9436699,26216523,26216523,26216523,18490013,18490013,18490013,16750201,16750201,16750201,19055724,19055724,19055724,20858448,20858448,20858448,20537326,20537326,20537326,24188612,24188612,24188612,23141164,23141164,23141164,22017422,22017422,22017422,10433073,10433073,10433073,9764347,9764347,9764347,8738720,8738720,8738720,15507512,15507512,15507512,25912412,25912412,25912412,25194152,25194152,25194152,20031030,20031030,20031030,24188612,24188612,24188612,19429661,19429661,19429661,25446850,25446850,25446850,22384446,22384446,22384446,19903049,19903049,19903049,19401003,19401003,19401003,24613539,24613539,24613539,17624337,17624337,17624337,24210790,24210790,24210790,9130910,9130910,9130910,24613539,24613539,24613539,17609243,17609243,17609243,15236995,15236995,15236995,14748845,14748845,14748845,18955785,1895
283120,H19,25449831,25449831,25449831,2454848,2454848,2454848,11675475,11675475,11675475,12760253,12760253,12760253,15588473,15588473,15588473,10381818,10381818,10381818,19230253,19230253,19230253,9436699,9436699,9436699,26216523,26216523,26216523,18490013,18490013,18490013,16750201,16750201,16750201,19055724,19055724,19055724,20858448,20858448,20858448,20537326,20537326,20537326,24188612,24188612,24188612,23141164,23141164,23141164,22017422,22017422,22017422,10433073,10433073,10433073,9764347,9764347,9764347,8738720,8738720,8738720,15507512,15507512,15507512,25912412,25912412,25912412,25194152,25194152,25194152,20031030,20031030,20031030,24188612,24188612,24188612,19429661,19429661,19429661,25446850,25446850,25446850,22384446,22384446,22384446,19903049,19903049,19903049,19401003,19401003,19401003,24613539,24613539,24613539,17624337,17624337,17624337,24210790,24210790,24210790,9130910,9130910,9130910,24613539,24613539,24613539,17609243,17609243,17609243,15236995,15236995,15236995,14748845,14748845,14748845,18955785,1895
284,ANGPT1,25449831,25449831,25449831,25449831,25449831,2454848,2454848,2454848,2454848,2454848,11675475,11675475,11675475,11675475,11675475,12760253,12760253,12760253,12760253,12760253,15588473,15588473,15588473,15588473,15588473,10381818,10381818,10381818,10381818,10381818,19230253,19230253,19230253,19230253,19230253,9436699,9436699,9436699,9436699,9436699,26216523,26216523,26216523,26216523,26216523,18490013,18490013,18490013,18490013,18490013,16750201,16750201,16750201,16750201,16750201,19055724,19055724,19055724,19055724,19055724,20858448,20858448,20858448,20858448,20858448,20537326,20537326,20537326,20537326,20537326,24188612,24188612,24188612,24188612,24188612,23141164,23141164,23141164,23141164,23141164,22017422,22017422,22017422,22017422,22017422,10433073,10433073,10433073,10433073,10433073,9764347,9764347,9764347,9764347,9764347,8738720,8738720,8738720,8738720,8738720,15507512,15507512,15507512,15507512,15507512,25912412,25912412,25912412,25912412,25912412,25194152,25194152,25194152,25194152,25194152,20031030,
7422,VEGFA,25449831,2454848,11675475,12760253,15588473,10381818,19230253,9436699,26216523,18490013,16750201,19055724,20858448,20537326,24188612,23141164,22017422,10433073,9764347,8738720,15507512,25912412,25194152,20031030,24188612,19429661,25446850,22384446,19903049,19401003,24613539,17624337,24210790,9130910,24613539,17609243,15236995,14748845,18955785,16723371,18644593,15019822,16723371,16762179,17141400,18644593,15019822,25201101,23340055,22883517,22736326,25422360,24661731,22563025,11883311,16644787,12107265,22065163,23011643,17509581,16309234,11163832,19931078,22266326,25134292,16533339,9065182,12372468,15104227,19931078,19931078,17983420,15120698,20063560,20190557,23302395,16249290,23472165,24012197,16084891,24571615,25912412,16750201,11912283,19055724,12029073,24648304,25912412,12934347,16150151,11020520,24127964,20137818,9102363,24018808,22884659,16616093,18849443,25912412,9065182,9043920,22563025,25996258,12934347,16202314,11020520,9886539,24127964,19467764,26054109,22447624,26409150,18222435,21397694,26054109
302,ANXA2,25449831,25449831,25449831,2454848,2454848,2454848,11675475,11675475,11675475,12760253,12760253,12760253,15588473,15588473,15588473,10381818,10381818,10381818,19230253,19230253,19230253,9436699,9436699,9436699,26216523,26216523,26216523,18490013,18490013,18490013,16750201,16750201,16750201,19055724,19055724,19055724,20858448,20858448,20858448,20537326,20537326,20537326,24188612,24188612,24188612,23141164,23141164,23141164,22017422,22017422,22017422,10433073,10433073,10433073,9764347,9764347,9764347,8738720,8738720,8738720,15507512,15507512,15507512,25912412,25912412,25912412,25194152,25194152,25194152,20031030,20031030,20031030,24188612,24188612,24188612,19429661,19429661,19429661,25446850,25446850,25446850,22384446,22384446,22384446,19903049,19903049,19903049,19401003,19401003,19401003,24613539,24613539,24613539,17624337,17624337,17624337,24210790,24210790,24210790,9130910,9130910,9130910,24613539,24613539,24613539,17609243,17609243,17609243,15236995,15236995,15236995,14748845,14748845,14748845,18955785,1895
307,ANXA4,25449831,2454848,11675475,12760253,15588473,10381818,19230253,9436699,26216523,18490013,16750201,19055724,20858448,20537326,24188612,23141164,22017422,10433073,9764347,8738720,15507512,25912412,25194152,20031030,24188612,19429661,25446850,22384446,19903049,19401003,24613539,17624337,24210790,9130910,24613539,17609243,15236995,14748845,18955785,16723371,18644593,15019822,16723371,16762179,17141400,18644593,15019822,25201101,23340055,22883517,22736326,25422360,24661731,22563025,11883311,16644787,12107265,22065163,23011643,17509581,16309234,11163832,19931078,22266326,25134292,16533339,9065182,12372468,15104227,19931078,19931078,17983420,15120698,20063560,20190557,23302395,16249290,23472165,24012197,16084891,24571615,25912412,16750201,11912283,19055724,12029073,24648304,25912412,12934347,16150151,11020520,24127964,20137818,9102363,24018808,22884659,16616093,18849443,25912412,9065182,9043920,22563025,25996258,12934347,16202314,11020520,9886539,24127964,19467764,26054109,22447624,26409150,18222435,21397694,26054109
3308,HSPA4,25449831,25449831,25449831,25449831,25449831,25449831,25449831,2454848,2454848,2454848,2454848,2454848,2454848,2454848,11675475,11675475,11675475,11675475,11675475,11675475,11675475,12760253,12760253,12760253,12760253,12760253,12760253,12760253,15588473,15588473,15588473,15588473,15588473,15588473,15588473,10381818,10381818,10381818,10381818,10381818,10381818,10381818,19230253,19230253,19230253,19230253,19230253,19230253,19230253,9436699,9436699,9436699,9436699,9436699,9436699,9436699,26216523,26216523,26216523,26216523,26216523,26216523,26216523,18490013,18490013,18490013,18490013,18490013,18490013,18490013,16750201,16750201,16750201,16750201,16750201,16750201,16750201,19055724,19055724,19055724,19055724,19055724,19055724,19055724,20858448,20858448,20858448,20858448,20858448,20858448,20858448,20537326,20537326,20537326,20537326,20537326,20537326,20537326,24188612,24188612,24188612,24188612,24188612,24188612,24188612,23141164,23141164,23141164,23141164,23141164,23141164,23141164,22017422,22017422,22017422,220
3284,HSD3B2,25449831,25449831,25449831,25449831,2454848,2454848,2454848,2454848,11675475,11675475,11675475,11675475,12760253,12760253,12760253,12760253,15588473,15588473,15588473,15588473,10381818,10381818,10381818,10381818,19230253,19230253,19230253,19230253,9436699,9436699,9436699,9436699,26216523,26216523,26216523,26216523,18490013,18490013,18490013,18490013,16750201,16750201,16750201,16750201,19055724,19055724,19055724,19055724,20858448,20858448,20858448,20858448,20537326,20537326,20537326,20537326,24188612,24188612,24188612,24188612,23141164,23141164,23141164,23141164,22017422,22017422,22017422,22017422,10433073,10433073,10433073,10433073,9764347,9764347,9764347,9764347,8738720,8738720,8738720,8738720,15507512,15507512,15507512,15507512,25912412,25912412,25912412,25912412,25194152,25194152,25194152,25194152,20031030,20031030,20031030,20031030,24188612,24188612,24188612,24188612,19429661,19429661,19429661,19429661,25446850,25446850,25446850,25446850,22384446,22384446,22384446,22384446,19903049,19903049,19903049,19903
7124,TNF,25449831,2454848,11675475,12760253,15588473,10381818,19230253,9436699,26216523,18490013,16750201,19055724,20858448,20537326,24188612,23141164,22017422,10433073,9764347,8738720,15507512,25912412,25194152,20031030,24188612,19429661,25446850,22384446,19903049,19401003,24613539,17624337,24210790,9130910,24613539,17609243,15236995,14748845,18955785,16723371,18644593,15019822,16723371,16762179,17141400,18644593,15019822,25201101,23340055,22883517,22736326,25422360,24661731,22563025,11883311,16644787,12107265,22065163,23011643,17509581,16309234,11163832,19931078,22266326,25134292,16533339,9065182,12372468,15104227,19931078,19931078,17983420,15120698,20063560,20190557,23302395,16249290,23472165,24012197,16084891,24571615,25912412,16750201,11912283,19055724,12029073,24648304,25912412,12934347,16150151,11020520,24127964,20137818,9102363,24018808,22884659,16616093,18849443,25912412,9065182,9043920,22563025,25996258,12934347,16202314,11020520,9886539,24127964,19467764,26054109,22447624,26409150,18222435,21397694,26054109
494336,MIR424,25449831,25449831,2454848,2454848,11675475,11675475,12760253,12760253,15588473,15588473,10381818,10381818,19230253,19230253,9436699,9436699,26216523,26216523,18490013,18490013,16750201,16750201,19055724,19055724,20858448,20858448,20537326,20537326,24188612,24188612,23141164,23141164,22017422,22017422,10433073,10433073,9764347,9764347,8738720,8738720,15507512,15507512,25912412,25912412,25194152,25194152,20031030,20031030,24188612,24188612,19429661,19429661,25446850,25446850,22384446,22384446,19903049,19903049,19401003,19401003,24613539,24613539,17624337,17624337,24210790,24210790,9130910,9130910,24613539,24613539,17609243,17609243,15236995,15236995,14748845,14748845,18955785,18955785,16723371,16723371,18644593,18644593,15019822,15019822,16723371,16723371,16762179,16762179,17141400,17141400,18644593,18644593,15019822,15019822,25201101,25201101,23340055,23340055,22883517,22883517,22736326,22736326,25422360,25422360,24661731,24661731,22563025,22563025,11883311,11883311,16644787,16644787,12107265,12107265,22065163
348,APOE,25449831,25449831,25449831,25449831,25449831,25449831,25449831,25449831,25449831,2454848,2454848,2454848,2454848,2454848,2454848,2454848,2454848,2454848,11675475,11675475,11675475,11675475,11675475,11675475,11675475,11675475,11675475,12760253,12760253,12760253,12760253,12760253,12760253,12760253,12760253,12760253,15588473,15588473,15588473,15588473,15588473,15588473,15588473,15588473,15588473,10381818,10381818,10381818,10381818,10381818,10381818,10381818,10381818,10381818,19230253,19230253,19230253,19230253,19230253,19230253,19230253,19230253,19230253,9436699,9436699,9436699,9436699,9436699,9436699,9436699,9436699,9436699,26216523,26216523,26216523,26216523,26216523,26216523,26216523,26216523,26216523,18490013,18490013,18490013,18490013,18490013,18490013,18490013,18490013,18490013,16750201,16750201,16750201,16750201,16750201,16750201,16750201,16750201,16750201,19055724,19055724,19055724,19055724,19055724,19055724,19055724,19055724,19055724,20858448,20858448,20858448,20858448,20858448,20858448,20858448,2085844
3592,IL12A,25449831,25449831,25449831,25449831,2454848,2454848,2454848,2454848,11675475,11675475,11675475,11675475,12760253,12760253,12760253,12760253,15588473,15588473,15588473,15588473,10381818,10381818,10381818,10381818,19230253,19230253,19230253,19230253,9436699,9436699,9436699,9436699,26216523,26216523,26216523,26216523,18490013,18490013,18490013,18490013,16750201,16750201,16750201,16750201,19055724,19055724,19055724,19055724,20858448,20858448,20858448,20858448,20537326,20537326,20537326,20537326,24188612,24188612,24188612,24188612,23141164,23141164,23141164,23141164,22017422,22017422,22017422,22017422,10433073,10433073,10433073,10433073,9764347,9764347,9764347,9764347,8738720,8738720,8738720,8738720,15507512,15507512,15507512,15507512,25912412,25912412,25912412,25912412,25194152,25194152,25194152,25194152,20031030,20031030,20031030,20031030,24188612,24188612,24188612,24188612,19429661,19429661,19429661,19429661,25446850,25446850,25446850,25446850,22384446,22384446,22384446,22384446,19903049,19903049,19903049,19903
3623,INHA,25449831,25449831,25449831,25449831,25449831,2454848,2454848,2454848,2454848,2454848,11675475,11675475,11675475,11675475,11675475,12760253,12760253,12760253,12760253,12760253,15588473,15588473,15588473,15588473,15588473,10381818,10381818,10381818,10381818,10381818,19230253,19230253,19230253,19230253,19230253,9436699,9436699,9436699,9436699,9436699,26216523,26216523,26216523,26216523,26216523,18490013,18490013,18490013,18490013,18490013,16750201,16750201,16750201,16750201,16750201,19055724,19055724,19055724,19055724,19055724,20858448,20858448,20858448,20858448,20858448,20537326,20537326,20537326,20537326,20537326,24188612,24188612,24188612,24188612,24188612,23141164,23141164,23141164,23141164,23141164,22017422,22017422,22017422,22017422,22017422,10433073,10433073,10433073,10433073,10433073,9764347,9764347,9764347,9764347,9764347,8738720,8738720,8738720,8738720,8738720,15507512,15507512,15507512,15507512,15507512,25912412,25912412,25912412,25912412,25912412,25194152,25194152,25194152,25194152,25194152,20031030,
23439,ATP1B4,25449831,25449831,2454848,2454848,11675475,11675475,12760253,12760253,15588473,15588473,10381818,10381818,19230253,19230253,9436699,9436699,26216523,26216523,18490013,18490013,16750201,16750201,19055724,19055724,20858448,20858448,20537326,20537326,24188612,24188612,23141164,23141164,22017422,22017422,10433073,10433073,9764347,9764347,8738720,8738720,15507512,15507512,25912412,25912412,25194152,25194152,20031030,20031030,24188612,24188612,19429661,19429661,25446850,25446850,22384446,22384446,19903049,19903049,19401003,19401003,24613539,24613539,17624337,17624337,24210790,24210790,9130910,9130910,24613539,24613539,17609243,17609243,15236995,15236995,14748845,14748845,18955785,18955785,16723371,16723371,18644593,18644593,15019822,15019822,16723371,16723371,16762179,16762179,17141400,17141400,18644593,18644593,15019822,15019822,25201101,25201101,23340055,23340055,22883517,22883517,22736326,22736326,25422360,25422360,24661731,24661731,22563025,22563025,11883311,11883311,16644787,16644787,12107265,12107265,22065163
367,AR,25449831,25449831,25449831,25449831,25449831,2454848,2454848,2454848,2454848,2454848,11675475,11675475,11675475,11675475,11675475,12760253,12760253,12760253,12760253,12760253,15588473,15588473,15588473,15588473,15588473,10381818,10381818,10381818,10381818,10381818,19230253,19230253,19230253,19230253,19230253,9436699,9436699,9436699,9436699,9436699,26216523,26216523,26216523,26216523,26216523,18490013,18490013,18490013,18490013,18490013,16750201,16750201,16750201,16750201,16750201,19055724,19055724,19055724,19055724,19055724,20858448,20858448,20858448,20858448,20858448,20537326,20537326,20537326,20537326,20537326,24188612,24188612,24188612,24188612,24188612,23141164,23141164,23141164,23141164,23141164,22017422,22017422,22017422,22017422,22017422,10433073,10433073,10433073,10433073,10433073,9764347,9764347,9764347,9764347,9764347,8738720,8738720,8738720,8738720,8738720,15507512,15507512,15507512,15507512,15507512,25912412,25912412,25912412,25912412,25912412,25194152,25194152,25194152,25194152,25194152,20031030,
9077,DIRAS3,25449831,2454848,11675475,12760253,15588473,10381818,19230253,9436699,26216523,18490013,16750201,19055724,20858448,20537326,24188612,23141164,22017422,10433073,9764347,8738720,15507512,25912412,25194152,20031030,24188612,19429661,25446850,22384446,19903049,19401003,24613539,17624337,24210790,9130910,24613539,17609243,15236995,14748845,18955785,16723371,18644593,15019822,16723371,16762179,17141400,18644593,15019822,25201101,23340055,22883517,22736326,25422360,24661731,22563025,11883311,16644787,12107265,22065163,23011643,17509581,16309234,11163832,19931078,22266326,25134292,16533339,9065182,12372468,15104227,19931078,19931078,17983420,15120698,20063560,20190557,23302395,16249290,23472165,24012197,16084891,24571615,25912412,16750201,11912283,19055724,12029073,24648304,25912412,12934347,16150151,11020520,24127964,20137818,9102363,24018808,22884659,16616093,18849443,25912412,9065182,9043920,22563025,25996258,12934347,16202314,11020520,9886539,24127964,19467764,26054109,22447624,26409150,18222435,21397694,26054109
23245,ASTN2,25449831,2454848,11675475,12760253,15588473,10381818,19230253,9436699,26216523,18490013,16750201,19055724,20858448,20537326,24188612,23141164,22017422,10433073,9764347,8738720,15507512,25912412,25194152,20031030,24188612,19429661,25446850,22384446,19903049,19401003,24613539,17624337,24210790,9130910,24613539,17609243,15236995,14748845,18955785,16723371,18644593,15019822,16723371,16762179,17141400,18644593,15019822,25201101,23340055,22883517,22736326,25422360,24661731,22563025,11883311,16644787,12107265,22065163,23011643,17509581,16309234,11163832,19931078,22266326,25134292,16533339,9065182,12372468,15104227,19931078,19931078,17983420,15120698,20063560,20190557,23302395,16249290,23472165,24012197,16084891,24571615,25912412,16750201,11912283,19055724,12029073,24648304,25912412,12934347,16150151,11020520,24127964,20137818,9102363,24018808,22884659,16616093,18849443,25912412,9065182,9043920,22563025,25996258,12934347,16202314,11020520,9886539,24127964,19467764,26054109,22447624,26409150,18222435,21397694,26054109
472,ATM,25449831,25449831,2454848,2454848,11675475,11675475,12760253,12760253,15588473,15588473,10381818,10381818,19230253,19230253,9436699,9436699,26216523,26216523,18490013,18490013,16750201,16750201,19055724,19055724,20858448,20858448,20537326,20537326,24188612,24188612,23141164,23141164,22017422,22017422,10433073,10433073,9764347,9764347,8738720,8738720,15507512,15507512,25912412,25912412,25194152,25194152,20031030,20031030,24188612,24188612,19429661,19429661,25446850,25446850,22384446,22384446,19903049,19903049,19401003,19401003,24613539,24613539,17624337,17624337,24210790,24210790,9130910,9130910,24613539,24613539,17609243,17609243,15236995,15236995,14748845,14748845,18955785,18955785,16723371,16723371,18644593,18644593,15019822,15019822,16723371,16723371,16762179,16762179,17141400,17141400,18644593,18644593,15019822,15019822,25201101,25201101,23340055,23340055,22883517,22883517,22736326,22736326,25422360,25422360,24661731,24661731,22563025,22563025,11883311,11883311,16644787,16644787,12107265,12107265,22065163
55210,ATAD3A,25449831,2454848,11675475,12760253,15588473,10381818,19230253,9436699,26216523,18490013,16750201,19055724,20858448,20537326,24188612,23141164,22017422,10433073,9764347,8738720,15507512,25912412,25194152,20031030,24188612,19429661,25446850,22384446,19903049,19401003,24613539,17624337,24210790,9130910,24613539,17609243,15236995,14748845,18955785,16723371,18644593,15019822,16723371,16762179,17141400,18644593,15019822,25201101,23340055,22883517,22736326,25422360,24661731,22563025,11883311,16644787,12107265,22065163,23011643,17509581,16309234,11163832,19931078,22266326,25134292,16533339,9065182,12372468,15104227,19931078,19931078,17983420,15120698,20063560,20190557,23302395,16249290,23472165,24012197,16084891,24571615,25912412,16750201,11912283,19055724,12029073,24648304,25912412,12934347,16150151,11020520,24127964,20137818,9102363,24018808,22884659,16616093,18849443,25912412,9065182,9043920,22563025,25996258,12934347,16202314,11020520,9886539,24127964,19467764,26054109,22447624,26409150,18222435,21397694,26054109
23439,ATP1B4,25449831,2454848,11675475,12760253,15588473,10381818,19230253,9436699,26216523,18490013,16750201,19055724,20858448,20537326,24188612,23141164,22017422,10433073,9764347,8738720,15507512,25912412,25194152,20031030,24188612,19429661,25446850,22384446,19903049,19401003,24613539,17624337,24210790,9130910,24613539,17609243,15236995,14748845,18955785,16723371,18644593,15019822,16723371,16762179,17141400,18644593,15019822,25201101,23340055,22883517,22736326,25422360,24661731,22563025,11883311,16644787,12107265,22065163,23011643,17509581,16309234,11163832,19931078,22266326,25134292,16533339,9065182,12372468,15104227,19931078,19931078,17983420,15120698,20063560,20190557,23302395,16249290,23472165,24012197,16084891,24571615,25912412,16750201,11912283,19055724,12029073,24648304,25912412,12934347,16150151,11020520,24127964,20137818,9102363,24018808,22884659,16616093,18849443,25912412,9065182,9043920,22563025,25996258,12934347,16202314,11020520,9886539,24127964,19467764,26054109,22447624,26409150,18222435,21397694,26054109
6790,AURKA,25449831,2454848,11675475,12760253,15588473,10381818,19230253,9436699,26216523,18490013,16750201,19055724,20858448,20537326,24188612,23141164,22017422,10433073,9764347,8738720,15507512,25912412,25194152,20031030,24188612,19429661,25446850,22384446,19903049,19401003,24613539,17624337,24210790,9130910,24613539,17609243,15236995,14748845,18955785,16723371,18644593,15019822,16723371,16762179,17141400,18644593,15019822,25201101,23340055,22883517,22736326,25422360,24661731,22563025,11883311,16644787,12107265,22065163,23011643,17509581,16309234,11163832,19931078,22266326,25134292,16533339,9065182,12372468,15104227,19931078,19931078,17983420,15120698,20063560,20190557,23302395,16249290,23472165,24012197,16084891,24571615,25912412,16750201,11912283,19055724,12029073,24648304,25912412,12934347,16150151,11020520,24127964,20137818,9102363,24018808,22884659,16616093,18849443,25912412,9065182,9043920,22563025,25996258,12934347,16202314,11020520,9886539,24127964,19467764,26054109,22447624,26409150,18222435,21397694,26054109
1401,CRP,25449831,2454848,11675475,12760253,15588473,10381818,19230253,9436699,26216523,18490013,16750201,19055724,20858448,20537326,24188612,23141164,22017422,10433073,9764347,8738720,15507512,25912412,25194152,20031030,24188612,19429661,25446850,22384446,19903049,19401003,24613539,17624337,24210790,9130910,24613539,17609243,15236995,14748845,18955785,16723371,18644593,15019822,16723371,16762179,17141400,18644593,15019822,25201101,23340055,22883517,22736326,25422360,24661731,22563025,11883311,16644787,12107265,22065163,23011643,17509581,16309234,11163832,19931078,22266326,25134292,16533339,9065182,12372468,15104227,19931078,19931078,17983420,15120698,20063560,20190557,23302395,16249290,23472165,24012197,16084891,24571615,25912412,16750201,11912283,19055724,12029073,24648304,25912412,12934347,16150151,11020520,24127964,20137818,9102363,24018808,22884659,16616093,18849443,25912412,9065182,9043920,22563025,25996258,12934347,16202314,11020520,9886539,24127964,19467764,26054109,22447624,26409150,18222435,21397694,26054109
3558,IL2,25449831,25449831,2454848,2454848,11675475,11675475,12760253,12760253,15588473,15588473,10381818,10381818,19230253,19230253,9436699,9436699,26216523,26216523,18490013,18490013,16750201,16750201,19055724,19055724,20858448,20858448,20537326,20537326,24188612,24188612,23141164,23141164,22017422,22017422,10433073,10433073,9764347,9764347,8738720,8738720,15507512,15507512,25912412,25912412,25194152,25194152,20031030,20031030,24188612,24188612,19429661,19429661,25446850,25446850,22384446,22384446,19903049,19903049,19401003,19401003,24613539,24613539,17624337,17624337,24210790,24210790,9130910,9130910,24613539,24613539,17609243,17609243,15236995,15236995,14748845,14748845,18955785,18955785,16723371,16723371,18644593,18644593,15019822,15019822,16723371,16723371,16762179,16762179,17141400,17141400,18644593,18644593,15019822,15019822,25201101,25201101,23340055,23340055,22883517,22883517,22736326,22736326,25422360,25422360,24661731,24661731,22563025,22563025,11883311,11883311,16644787,16644787,12107265,12107265,22065163
10563,CXCL13,25449831,25449831,2454848,2454848,11675475,11675475,12760253,12760253,15588473,15588473,10381818,10381818,19230253,19230253,9436699,9436699,26216523,26216523,18490013,18490013,16750201,16750201,19055724,19055724,20858448,20858448,20537326,20537326,24188612,24188612,23141164,23141164,22017422,22017422,10433073,10433073,9764347,9764347,8738720,8738720,15507512,15507512,25912412,25912412,25194152,25194152,20031030,20031030,24188612,24188612,19429661,19429661,25446850,25446850,22384446,22384446,19903049,19903049,19401003,19401003,24613539,24613539,17624337,17624337,24210790,24210790,9130910,9130910,24613539,24613539,17609243,17609243,15236995,15236995,14748845,14748845,18955785,18955785,16723371,16723371,18644593,18644593,15019822,15019822,16723371,16723371,16762179,16762179,17141400,17141400,18644593,18644593,15019822,15019822,25201101,25201101,23340055,23340055,22883517,22883517,22736326,22736326,25422360,25422360,24661731,24661731,22563025,22563025,11883311,11883311,16644787,16644787,12107265,12107265,22065163
8289,ARID1A,25449831,2454848,11675475,12760253,15588473,10381818,19230253,9436699,26216523,18490013,16750201,19055724,20858448,20537326,24188612,23141164,22017422,10433073,9764347,8738720,15507512,25912412,25194152,20031030,24188612,19429661,25446850,22384446,19903049,19401003,24613539,17624337,24210790,9130910,24613539,17609243,15236995,14748845,18955785,16723371,18644593,15019822,16723371,16762179,17141400,18644593,15019822,25201101,23340055,22883517,22736326,25422360,24661731,22563025,11883311,16644787,12107265,22065163,23011643,17509581,16309234,11163832,19931078,22266326,25134292,16533339,9065182,12372468,15104227,19931078,19931078,17983420,15120698,20063560,20190557,23302395,16249290,23472165,24012197,16084891,24571615,25912412,16750201,11912283,19055724,12029073,24648304,25912412,12934347,16150151,11020520,24127964,20137818,9102363,24018808,22884659,16616093,18849443,25912412,9065182,9043920,22563025,25996258,12934347,16202314,11020520,9886539,24127964,19467764,26054109,22447624,26409150,18222435,21397694,26054109
581,BAX,25449831,25449831,25449831,2454848,2454848,2454848,11675475,11675475,11675475,12760253,12760253,12760253,15588473,15588473,15588473,10381818,10381818,10381818,19230253,19230253,19230253,9436699,9436699,9436699,26216523,26216523,26216523,18490013,18490013,18490013,16750201,16750201,16750201,19055724,19055724,19055724,20858448,20858448,20858448,20537326,20537326,20537326,24188612,24188612,24188612,23141164,23141164,23141164,22017422,22017422,22017422,10433073,10433073,10433073,9764347,9764347,9764347,8738720,8738720,8738720,15507512,15507512,15507512,25912412,25912412,25912412,25194152,25194152,25194152,20031030,20031030,20031030,24188612,24188612,24188612,19429661,19429661,19429661,25446850,25446850,25446850,22384446,22384446,22384446,19903049,19903049,19903049,19401003,19401003,19401003,24613539,24613539,24613539,17624337,17624337,17624337,24210790,24210790,24210790,9130910,9130910,9130910,24613539,24613539,24613539,17609243,17609243,17609243,15236995,15236995,15236995,14748845,14748845,14748845,18955785,1895
590,BCHE,25449831,25449831,2454848,2454848,11675475,11675475,12760253,12760253,15588473,15588473,10381818,10381818,19230253,19230253,9436699,9436699,26216523,26216523,18490013,18490013,16750201,16750201,19055724,19055724,20858448,20858448,20537326,20537326,24188612,24188612,23141164,23141164,22017422,22017422,10433073,10433073,9764347,9764347,8738720,8738720,15507512,15507512,25912412,25912412,25194152,25194152,20031030,20031030,24188612,24188612,19429661,19429661,25446850,25446850,22384446,22384446,19903049,19903049,19401003,19401003,24613539,24613539,17624337,17624337,24210790,24210790,9130910,9130910,24613539,24613539,17609243,17609243,15236995,15236995,14748845,14748845,18955785,18955785,16723371,16723371,18644593,18644593,15019822,15019822,16723371,16723371,16762179,16762179,17141400,17141400,18644593,18644593,15019822,15019822,25201101,25201101,23340055,23340055,22883517,22883517,22736326,22736326,25422360,25422360,24661731,24661731,22563025,22563025,11883311,11883311,16644787,16644787,12107265,12107265,22065163
596,BCL2,25449831,25449831,2454848,2454848,11675475,11675475,12760253,12760253,15588473,15588473,10381818,10381818,19230253,19230253,9436699,9436699,26216523,26216523,18490013,18490013,16750201,16750201,19055724,19055724,20858448,20858448,20537326,20537326,24188612,24188612,23141164,23141164,22017422,22017422,10433073,10433073,9764347,9764347,8738720,8738720,15507512,15507512,25912412,25912412,25194152,25194152,20031030,20031030,24188612,24188612,19429661,19429661,25446850,25446850,22384446,22384446,19903049,19903049,19401003,19401003,24613539,24613539,17624337,17624337,24210790,24210790,9130910,9130910,24613539,24613539,17609243,17609243,15236995,15236995,14748845,14748845,18955785,18955785,16723371,16723371,18644593,18644593,15019822,15019822,16723371,16723371,16762179,16762179,17141400,17141400,18644593,18644593,15019822,15019822,25201101,25201101,23340055,23340055,22883517,22883517,22736326,22736326,25422360,25422360,24661731,24661731,22563025,22563025,11883311,11883311,16644787,16644787,12107265,12107265,22065163
598,BCL2L1,25449831,2454848,11675475,12760253,15588473,10381818,19230253,9436699,26216523,18490013,16750201,19055724,20858448,20537326,24188612,23141164,22017422,10433073,9764347,8738720,15507512,25912412,25194152,20031030,24188612,19429661,25446850,22384446,19903049,19401003,24613539,17624337,24210790,9130910,24613539,17609243,15236995,14748845,18955785,16723371,18644593,15019822,16723371,16762179,17141400,18644593,15019822,25201101,23340055,22883517,22736326,25422360,24661731,22563025,11883311,16644787,12107265,22065163,23011643,17509581,16309234,11163832,19931078,22266326,25134292,16533339,9065182,12372468,15104227,19931078,19931078,17983420,15120698,20063560,20190557,23302395,16249290,23472165,24012197,16084891,24571615,25912412,16750201,11912283,19055724,12029073,24648304,25912412,12934347,16150151,11020520,24127964,20137818,9102363,24018808,22884659,16616093,18849443,25912412,9065182,9043920,22563025,25996258,12934347,16202314,11020520,9886539,24127964,19467764,26054109,22447624,26409150,18222435,21397694,26054109
604,BCL6,25449831,2454848,11675475,12760253,15588473,10381818,19230253,9436699,26216523,18490013,16750201,19055724,20858448,20537326,24188612,23141164,22017422,10433073,9764347,8738720,15507512,25912412,25194152,20031030,24188612,19429661,25446850,22384446,19903049,19401003,24613539,17624337,24210790,9130910,24613539,17609243,15236995,14748845,18955785,16723371,18644593,15019822,16723371,16762179,17141400,18644593,15019822,25201101,23340055,22883517,22736326,25422360,24661731,22563025,11883311,16644787,12107265,22065163,23011643,17509581,16309234,11163832,19931078,22266326,25134292,16533339,9065182,12372468,15104227,19931078,19931078,17983420,15120698,20063560,20190557,23302395,16249290,23472165,24012197,16084891,24571615,25912412,16750201,11912283,19055724,12029073,24648304,25912412,12934347,16150151,11020520,24127964,20137818,9102363,24018808,22884659,16616093,18849443,25912412,9065182,9043920,22563025,25996258,12934347,16202314,11020520,9886539,24127964,19467764,26054109,22447624,26409150,18222435,21397694,26054109
627,BDNF,25449831,25449831,25449831,25449831,2454848,2454848,2454848,2454848,11675475,11675475,11675475,11675475,12760253,12760253,12760253,12760253,15588473,15588473,15588473,15588473,10381818,10381818,10381818,10381818,19230253,19230253,19230253,19230253,9436699,9436699,9436699,9436699,26216523,26216523,26216523,26216523,18490013,18490013,18490013,18490013,16750201,16750201,16750201,16750201,19055724,19055724,19055724,19055724,20858448,20858448,20858448,20858448,20537326,20537326,20537326,20537326,24188612,24188612,24188612,24188612,23141164,23141164,23141164,23141164,22017422,22017422,22017422,22017422,10433073,10433073,10433073,10433073,9764347,9764347,9764347,9764347,8738720,8738720,8738720,8738720,15507512,15507512,15507512,15507512,25912412,25912412,25912412,25912412,25194152,25194152,25194152,25194152,20031030,20031030,20031030,20031030,24188612,24188612,24188612,24188612,19429661,19429661,19429661,19429661,25446850,25446850,25446850,25446850,22384446,22384446,22384446,22384446,19903049,19903049,19903049,19903
633,BGN,25449831,2454848,11675475,12760253,15588473,10381818,19230253,9436699,26216523,18490013,16750201,19055724,20858448,20537326,24188612,23141164,22017422,10433073,9764347,8738720,15507512,25912412,25194152,20031030,24188612,19429661,25446850,22384446,19903049,19401003,24613539,17624337,24210790,9130910,24613539,17609243,15236995,14748845,18955785,16723371,18644593,15019822,16723371,16762179,17141400,18644593,15019822,25201101,23340055,22883517,22736326,25422360,24661731,22563025,11883311,16644787,12107265,22065163,23011643,17509581,16309234,11163832,19931078,22266326,25134292,16533339,9065182,12372468,15104227,19931078,19931078,17983420,15120698,20063560,20190557,23302395,16249290,23472165,24012197,16084891,24571615,25912412,16750201,11912283,19055724,12029073,24648304,25912412,12934347,16150151,11020520,24127964,20137818,9102363,24018808,22884659,16616093,18849443,25912412,9065182,9043920,22563025,25996258,12934347,16202314,11020520,9886539,24127964,19467764,26054109,22447624,26409150,18222435,21397694,26054109
642,BLMH,25449831,2454848,11675475,12760253,15588473,10381818,19230253,9436699,26216523,18490013,16750201,19055724,20858448,20537326,24188612,23141164,22017422,10433073,9764347,8738720,15507512,25912412,25194152,20031030,24188612,19429661,25446850,22384446,19903049,19401003,24613539,17624337,24210790,9130910,24613539,17609243,15236995,14748845,18955785,16723371,18644593,15019822,16723371,16762179,17141400,18644593,15019822,25201101,23340055,22883517,22736326,25422360,24661731,22563025,11883311,16644787,12107265,22065163,23011643,17509581,16309234,11163832,19931078,22266326,25134292,16533339,9065182,12372468,15104227,19931078,19931078,17983420,15120698,20063560,20190557,23302395,16249290,23472165,24012197,16084891,24571615,25912412,16750201,11912283,19055724,12029073,24648304,25912412,12934347,16150151,11020520,24127964,20137818,9102363,24018808,22884659,16616093,18849443,25912412,9065182,9043920,22563025,25996258,12934347,16202314,11020520,9886539,24127964,19467764,26054109,22447624,26409150,18222435,21397694,26054109
652,BMP4,25449831,2454848,11675475,12760253,15588473,10381818,19230253,9436699,26216523,18490013,16750201,19055724,20858448,20537326,24188612,23141164,22017422,10433073,9764347,8738720,15507512,25912412,25194152,20031030,24188612,19429661,25446850,22384446,19903049,19401003,24613539,17624337,24210790,9130910,24613539,17609243,15236995,14748845,18955785,16723371,18644593,15019822,16723371,16762179,17141400,18644593,15019822,25201101,23340055,22883517,22736326,25422360,24661731,22563025,11883311,16644787,12107265,22065163,23011643,17509581,16309234,11163832,19931078,22266326,25134292,16533339,9065182,12372468,15104227,19931078,19931078,17983420,15120698,20063560,20190557,23302395,16249290,23472165,24012197,16084891,24571615,25912412,16750201,11912283,19055724,12029073,24648304,25912412,12934347,16150151,11020520,24127964,20137818,9102363,24018808,22884659,16616093,18849443,25912412,9065182,9043920,22563025,25996258,12934347,16202314,11020520,9886539,24127964,19467764,26054109,22447624,26409150,18222435,21397694,26054109
654,BMP6,25449831,25449831,2454848,2454848,11675475,11675475,12760253,12760253,15588473,15588473,10381818,10381818,19230253,19230253,9436699,9436699,26216523,26216523,18490013,18490013,16750201,16750201,19055724,19055724,20858448,20858448,20537326,20537326,24188612,24188612,23141164,23141164,22017422,22017422,10433073,10433073,9764347,9764347,8738720,8738720,15507512,15507512,25912412,25912412,25194152,25194152,20031030,20031030,24188612,24188612,19429661,19429661,25446850,25446850,22384446,22384446,19903049,19903049,19401003,19401003,24613539,24613539,17624337,17624337,24210790,24210790,9130910,9130910,24613539,24613539,17609243,17609243,15236995,15236995,14748845,14748845,18955785,18955785,16723371,16723371,18644593,18644593,15019822,15019822,16723371,16723371,16762179,16762179,17141400,17141400,18644593,18644593,15019822,15019822,25201101,25201101,23340055,23340055,22883517,22883517,22736326,22736326,25422360,25422360,24661731,24661731,22563025,22563025,11883311,11883311,16644787,16644787,12107265,12107265,22065163
26585,GREM1,25449831,25449831,2454848,2454848,11675475,11675475,12760253,12760253,15588473,15588473,10381818,10381818,19230253,19230253,9436699,9436699,26216523,26216523,18490013,18490013,16750201,16750201,19055724,19055724,20858448,20858448,20537326,20537326,24188612,24188612,23141164,23141164,22017422,22017422,10433073,10433073,9764347,9764347,8738720,8738720,15507512,15507512,25912412,25912412,25194152,25194152,20031030,20031030,24188612,24188612,19429661,19429661,25446850,25446850,22384446,22384446,19903049,19903049,19401003,19401003,24613539,24613539,17624337,17624337,24210790,24210790,9130910,9130910,24613539,24613539,17609243,17609243,15236995,15236995,14748845,14748845,18955785,18955785,16723371,16723371,18644593,18644593,15019822,15019822,16723371,16723371,16762179,16762179,17141400,17141400,18644593,18644593,15019822,15019822,25201101,25201101,23340055,23340055,22883517,22883517,22736326,22736326,25422360,25422360,24661731,24661731,22563025,22563025,11883311,11883311,16644787,16644787,12107265,12107265,22065163
10673,TNFSF13B,25449831,25449831,25449831,25449831,2454848,2454848,2454848,2454848,11675475,11675475,11675475,11675475,12760253,12760253,12760253,12760253,15588473,15588473,15588473,15588473,10381818,10381818,10381818,10381818,19230253,19230253,19230253,19230253,9436699,9436699,9436699,9436699,26216523,26216523,26216523,26216523,18490013,18490013,18490013,18490013,16750201,16750201,16750201,16750201,19055724,19055724,19055724,19055724,20858448,20858448,20858448,20858448,20537326,20537326,20537326,20537326,24188612,24188612,24188612,24188612,23141164,23141164,23141164,23141164,22017422,22017422,22017422,22017422,10433073,10433073,10433073,10433073,9764347,9764347,9764347,9764347,8738720,8738720,8738720,8738720,15507512,15507512,15507512,15507512,25912412,25912412,25912412,25912412,25194152,25194152,25194152,25194152,20031030,20031030,20031030,20031030,24188612,24188612,24188612,24188612,19429661,19429661,19429661,19429661,25446850,25446850,25446850,25446850,22384446,22384446,22384446,22384446,19903049,19903049,19903049,19903
56729,RETN,25449831,25449831,2454848,2454848,11675475,11675475,12760253,12760253,15588473,15588473,10381818,10381818,19230253,19230253,9436699,9436699,26216523,26216523,18490013,18490013,16750201,16750201,19055724,19055724,20858448,20858448,20537326,20537326,24188612,24188612,23141164,23141164,22017422,22017422,10433073,10433073,9764347,9764347,8738720,8738720,15507512,15507512,25912412,25912412,25194152,25194152,20031030,20031030,24188612,24188612,19429661,19429661,25446850,25446850,22384446,22384446,19903049,19903049,19401003,19401003,24613539,24613539,17624337,17624337,24210790,24210790,9130910,9130910,24613539,24613539,17609243,17609243,15236995,15236995,14748845,14748845,18955785,18955785,16723371,16723371,18644593,18644593,15019822,15019822,16723371,16723371,16762179,16762179,17141400,17141400,18644593,18644593,15019822,15019822,25201101,25201101,23340055,23340055,22883517,22883517,22736326,22736326,25422360,25422360,24661731,24661731,22563025,22563025,11883311,11883311,16644787,16644787,12107265,12107265,22065163
3569,IL6,25449831,2454848,11675475,12760253,15588473,10381818,19230253,9436699,26216523,18490013,16750201,19055724,20858448,20537326,24188612,23141164,22017422,10433073,9764347,8738720,15507512,25912412,25194152,20031030,24188612,19429661,25446850,22384446,19903049,19401003,24613539,17624337,24210790,9130910,24613539,17609243,15236995,14748845,18955785,16723371,18644593,15019822,16723371,16762179,17141400,18644593,15019822,25201101,23340055,22883517,22736326,25422360,24661731,22563025,11883311,16644787,12107265,22065163,23011643,17509581,16309234,11163832,19931078,22266326,25134292,16533339,9065182,12372468,15104227,19931078,19931078,17983420,15120698,20063560,20190557,23302395,16249290,23472165,24012197,16084891,24571615,25912412,16750201,11912283,19055724,12029073,24648304,25912412,12934347,16150151,11020520,24127964,20137818,9102363,24018808,22884659,16616093,18849443,25912412,9065182,9043920,22563025,25996258,12934347,16202314,11020520,9886539,24127964,19467764,26054109,22447624,26409150,18222435,21397694,26054109
9687,GREB1,25449831,25449831,25449831,2454848,2454848,2454848,11675475,11675475,11675475,12760253,12760253,12760253,15588473,15588473,15588473,10381818,10381818,10381818,19230253,19230253,19230253,9436699,9436699,9436699,26216523,26216523,26216523,18490013,18490013,18490013,16750201,16750201,16750201,19055724,19055724,19055724,20858448,20858448,20858448,20537326,20537326,20537326,24188612,24188612,24188612,23141164,23141164,23141164,22017422,22017422,22017422,10433073,10433073,10433073,9764347,9764347,9764347,8738720,8738720,8738720,15507512,15507512,15507512,25912412,25912412,25912412,25194152,25194152,25194152,20031030,20031030,20031030,24188612,24188612,24188612,19429661,19429661,19429661,25446850,25446850,25446850,22384446,22384446,22384446,19903049,19903049,19903049,19401003,19401003,19401003,24613539,24613539,24613539,17624337,17624337,17624337,24210790,24210790,24210790,9130910,9130910,9130910,24613539,24613539,24613539,17609243,17609243,17609243,15236995,15236995,15236995,14748845,14748845,14748845,18955785,1895
718,C3,25449831,25449831,2454848,2454848,11675475,11675475,12760253,12760253,15588473,15588473,10381818,10381818,19230253,19230253,9436699,9436699,26216523,26216523,18490013,18490013,16750201,16750201,19055724,19055724,20858448,20858448,20537326,20537326,24188612,24188612,23141164,23141164,22017422,22017422,10433073,10433073,9764347,9764347,8738720,8738720,15507512,15507512,25912412,25912412,25194152,25194152,20031030,20031030,24188612,24188612,19429661,19429661,25446850,25446850,22384446,22384446,19903049,19903049,19401003,19401003,24613539,24613539,17624337,17624337,24210790,24210790,9130910,9130910,24613539,24613539,17609243,17609243,15236995,15236995,14748845,14748845,18955785,18955785,16723371,16723371,18644593,18644593,15019822,15019822,16723371,16723371,16762179,16762179,17141400,17141400,18644593,18644593,15019822,15019822,25201101,25201101,23340055,23340055,22883517,22883517,22736326,22736326,25422360,25422360,24661731,24661731,22563025,22563025,11883311,11883311,16644787,16644787,12107265,12107265,22065163
720,C4A,25449831,2454848,11675475,12760253,15588473,10381818,19230253,9436699,26216523,18490013,16750201,19055724,20858448,20537326,24188612,23141164,22017422,10433073,9764347,8738720,15507512,25912412,25194152,20031030,24188612,19429661,25446850,22384446,19903049,19401003,24613539,17624337,24210790,9130910,24613539,17609243,15236995,14748845,18955785,16723371,18644593,15019822,16723371,16762179,17141400,18644593,15019822,25201101,23340055,22883517,22736326,25422360,24661731,22563025,11883311,16644787,12107265,22065163,23011643,17509581,16309234,11163832,19931078,22266326,25134292,16533339,9065182,12372468,15104227,19931078,19931078,17983420,15120698,20063560,20190557,23302395,16249290,23472165,24012197,16084891,24571615,25912412,16750201,11912283,19055724,12029073,24648304,25912412,12934347,16150151,11020520,24127964,20137818,9102363,24018808,22884659,16616093,18849443,25912412,9065182,9043920,22563025,25996258,12934347,16202314,11020520,9886539,24127964,19467764,26054109,22447624,26409150,18222435,21397694,26054109
94025,MUC16,25449831,2454848,11675475,12760253,15588473,10381818,19230253,9436699,26216523,18490013,16750201,19055724,20858448,20537326,24188612,23141164,22017422,10433073,9764347,8738720,15507512,25912412,25194152,20031030,24188612,19429661,25446850,22384446,19903049,19401003,24613539,17624337,24210790,9130910,24613539,17609243,15236995,14748845,18955785,16723371,18644593,15019822,16723371,16762179,17141400,18644593,15019822,25201101,23340055,22883517,22736326,25422360,24661731,22563025,11883311,16644787,12107265,22065163,23011643,17509581,16309234,11163832,19931078,22266326,25134292,16533339,9065182,12372468,15104227,19931078,19931078,17983420,15120698,20063560,20190557,23302395,16249290,23472165,24012197,16084891,24571615,25912412,16750201,11912283,19055724,12029073,24648304,25912412,12934347,16150151,11020520,24127964,20137818,9102363,24018808,22884659,16616093,18849443,25912412,9065182,9043920,22563025,25996258,12934347,16202314,11020520,9886539,24127964,19467764,26054109,22447624,26409150,18222435,21397694,26054109
760,CA2,25449831,2454848,11675475,12760253,15588473,10381818,19230253,9436699,26216523,18490013,16750201,19055724,20858448,20537326,24188612,23141164,22017422,10433073,9764347,8738720,15507512,25912412,25194152,20031030,24188612,19429661,25446850,22384446,19903049,19401003,24613539,17624337,24210790,9130910,24613539,17609243,15236995,14748845,18955785,16723371,18644593,15019822,16723371,16762179,17141400,18644593,15019822,25201101,23340055,22883517,22736326,25422360,24661731,22563025,11883311,16644787,12107265,22065163,23011643,17509581,16309234,11163832,19931078,22266326,25134292,16533339,9065182,12372468,15104227,19931078,19931078,17983420,15120698,20063560,20190557,23302395,16249290,23472165,24012197,16084891,24571615,25912412,16750201,11912283,19055724,12029073,24648304,25912412,12934347,16150151,11020520,24127964,20137818,9102363,24018808,22884659,16616093,18849443,25912412,9065182,9043920,22563025,25996258,12934347,16202314,11020520,9886539,24127964,19467764,26054109,22447624,26409150,18222435,21397694,26054109
81617,CAB39L,25449831,2454848,11675475,12760253,15588473,10381818,19230253,9436699,26216523,18490013,16750201,19055724,20858448,20537326,24188612,23141164,22017422,10433073,9764347,8738720,15507512,25912412,25194152,20031030,24188612,19429661,25446850,22384446,19903049,19401003,24613539,17624337,24210790,9130910,24613539,17609243,15236995,14748845,18955785,16723371,18644593,15019822,16723371,16762179,17141400,18644593,15019822,25201101,23340055,22883517,22736326,25422360,24661731,22563025,11883311,16644787,12107265,22065163,23011643,17509581,16309234,11163832,19931078,22266326,25134292,16533339,9065182,12372468,15104227,19931078,19931078,17983420,15120698,20063560,20190557,23302395,16249290,23472165,24012197,16084891,24571615,25912412,16750201,11912283,19055724,12029073,24648304,25912412,12934347,16150151,11020520,24127964,20137818,9102363,24018808,22884659,16616093,18849443,25912412,9065182,9043920,22563025,25996258,12934347,16202314,11020520,9886539,24127964,19467764,26054109,22447624,26409150,18222435,21397694,26054109
23705,CADM1,25449831,2454848,11675475,12760253,15588473,10381818,19230253,9436699,26216523,18490013,16750201,19055724,20858448,20537326,24188612,23141164,22017422,10433073,9764347,8738720,15507512,25912412,25194152,20031030,24188612,19429661,25446850,22384446,19903049,19401003,24613539,17624337,24210790,9130910,24613539,17609243,15236995,14748845,18955785,16723371,18644593,15019822,16723371,16762179,17141400,18644593,15019822,25201101,23340055,22883517,22736326,25422360,24661731,22563025,11883311,16644787,12107265,22065163,23011643,17509581,16309234,11163832,19931078,22266326,25134292,16533339,9065182,12372468,15104227,19931078,19931078,17983420,15120698,20063560,20190557,23302395,16249290,23472165,24012197,16084891,24571615,25912412,16750201,11912283,19055724,12029073,24648304,25912412,12934347,16150151,11020520,24127964,20137818,9102363,24018808,22884659,16616093,18849443,25912412,9065182,9043920,22563025,25996258,12934347,16202314,11020520,9886539,24127964,19467764,26054109,22447624,26409150,18222435,21397694,26054109
253559,CADM2,25449831,2454848,11675475,12760253,15588473,10381818,19230253,9436699,26216523,18490013,16750201,19055724,20858448,20537326,24188612,23141164,22017422,10433073,9764347,8738720,15507512,25912412,25194152,20031030,24188612,19429661,25446850,22384446,19903049,19401003,24613539,17624337,24210790,9130910,24613539,17609243,15236995,14748845,18955785,16723371,18644593,15019822,16723371,16762179,17141400,18644593,15019822,25201101,23340055,22883517,22736326,25422360,24661731,22563025,11883311,16644787,12107265,22065163,23011643,17509581,16309234,11163832,19931078,22266326,25134292,16533339,9065182,12372468,15104227,19931078,19931078,17983420,15120698,20063560,20190557,23302395,16249290,23472165,24012197,16084891,24571615,25912412,16750201,11912283,19055724,12029073,24648304,25912412,12934347,16150151,11020520,24127964,20137818,9102363,24018808,22884659,16616093,18849443,25912412,9065182,9043920,22563025,25996258,12934347,16202314,11020520,9886539,24127964,19467764,26054109,22447624,26409150,18222435,21397694,26054109
834,CASP1,25449831,2454848,11675475,12760253,15588473,10381818,19230253,9436699,26216523,18490013,16750201,19055724,20858448,20537326,24188612,23141164,22017422,10433073,9764347,8738720,15507512,25912412,25194152,20031030,24188612,19429661,25446850,22384446,19903049,19401003,24613539,17624337,24210790,9130910,24613539,17609243,15236995,14748845,18955785,16723371,18644593,15019822,16723371,16762179,17141400,18644593,15019822,25201101,23340055,22883517,22736326,25422360,24661731,22563025,11883311,16644787,12107265,22065163,23011643,17509581,16309234,11163832,19931078,22266326,25134292,16533339,9065182,12372468,15104227,19931078,19931078,17983420,15120698,20063560,20190557,23302395,16249290,23472165,24012197,16084891,24571615,25912412,16750201,11912283,19055724,12029073,24648304,25912412,12934347,16150151,11020520,24127964,20137818,9102363,24018808,22884659,16616093,18849443,25912412,9065182,9043920,22563025,25996258,12934347,16202314,11020520,9886539,24127964,19467764,26054109,22447624,26409150,18222435,21397694,26054109
64793,CEP85,25449831,2454848,11675475,12760253,15588473,10381818,19230253,9436699,26216523,18490013,16750201,19055724,20858448,20537326,24188612,23141164,22017422,10433073,9764347,8738720,15507512,25912412,25194152,20031030,24188612,19429661,25446850,22384446,19903049,19401003,24613539,17624337,24210790,9130910,24613539,17609243,15236995,14748845,18955785,16723371,18644593,15019822,16723371,16762179,17141400,18644593,15019822,25201101,23340055,22883517,22736326,25422360,24661731,22563025,11883311,16644787,12107265,22065163,23011643,17509581,16309234,11163832,19931078,22266326,25134292,16533339,9065182,12372468,15104227,19931078,19931078,17983420,15120698,20063560,20190557,23302395,16249290,23472165,24012197,16084891,24571615,25912412,16750201,11912283,19055724,12029073,24648304,25912412,12934347,16150151,11020520,24127964,20137818,9102363,24018808,22884659,16616093,18849443,25912412,9065182,9043920,22563025,25996258,12934347,16202314,11020520,9886539,24127964,19467764,26054109,22447624,26409150,18222435,21397694,26054109
4057,LTF,25449831,2454848,11675475,12760253,15588473,10381818,19230253,9436699,26216523,18490013,16750201,19055724,20858448,20537326,24188612,23141164,22017422,10433073,9764347,8738720,15507512,25912412,25194152,20031030,24188612,19429661,25446850,22384446,19903049,19401003,24613539,17624337,24210790,9130910,24613539,17609243,15236995,14748845,18955785,16723371,18644593,15019822,16723371,16762179,17141400,18644593,15019822,25201101,23340055,22883517,22736326,25422360,24661731,22563025,11883311,16644787,12107265,22065163,23011643,17509581,16309234,11163832,19931078,22266326,25134292,16533339,9065182,12372468,15104227,19931078,19931078,17983420,15120698,20063560,20190557,23302395,16249290,23472165,24012197,16084891,24571615,25912412,16750201,11912283,19055724,12029073,24648304,25912412,12934347,16150151,11020520,24127964,20137818,9102363,24018808,22884659,16616093,18849443,25912412,9065182,9043920,22563025,25996258,12934347,16202314,11020520,9886539,24127964,19467764,26054109,22447624,26409150,18222435,21397694,26054109
6360,CCL16,25449831,2454848,11675475,12760253,15588473,10381818,19230253,9436699,26216523,18490013,16750201,19055724,20858448,20537326,24188612,23141164,22017422,10433073,9764347,8738720,15507512,25912412,25194152,20031030,24188612,19429661,25446850,22384446,19903049,19401003,24613539,17624337,24210790,9130910,24613539,17609243,15236995,14748845,18955785,16723371,18644593,15019822,16723371,16762179,17141400,18644593,15019822,25201101,23340055,22883517,22736326,25422360,24661731,22563025,11883311,16644787,12107265,22065163,23011643,17509581,16309234,11163832,19931078,22266326,25134292,16533339,9065182,12372468,15104227,19931078,19931078,17983420,15120698,20063560,20190557,23302395,16249290,23472165,24012197,16084891,24571615,25912412,16750201,11912283,19055724,12029073,24648304,25912412,12934347,16150151,11020520,24127964,20137818,9102363,24018808,22884659,16616093,18849443,25912412,9065182,9043920,22563025,25996258,12934347,16202314,11020520,9886539,24127964,19467764,26054109,22447624,26409150,18222435,21397694,26054109
6361,CCL17,25449831,2454848,11675475,12760253,15588473,10381818,19230253,9436699,26216523,18490013,16750201,19055724,20858448,20537326,24188612,23141164,22017422,10433073,9764347,8738720,15507512,25912412,25194152,20031030,24188612,19429661,25446850,22384446,19903049,19401003,24613539,17624337,24210790,9130910,24613539,17609243,15236995,14748845,18955785,16723371,18644593,15019822,16723371,16762179,17141400,18644593,15019822,25201101,23340055,22883517,22736326,25422360,24661731,22563025,11883311,16644787,12107265,22065163,23011643,17509581,16309234,11163832,19931078,22266326,25134292,16533339,9065182,12372468,15104227,19931078,19931078,17983420,15120698,20063560,20190557,23302395,16249290,23472165,24012197,16084891,24571615,25912412,16750201,11912283,19055724,12029073,24648304,25912412,12934347,16150151,11020520,24127964,20137818,9102363,24018808,22884659,16616093,18849443,25912412,9065182,9043920,22563025,25996258,12934347,16202314,11020520,9886539,24127964,19467764,26054109,22447624,26409150,18222435,21397694,26054109
6363,CCL19,25449831,2454848,11675475,12760253,15588473,10381818,19230253,9436699,26216523,18490013,16750201,19055724,20858448,20537326,24188612,23141164,22017422,10433073,9764347,8738720,15507512,25912412,25194152,20031030,24188612,19429661,25446850,22384446,19903049,19401003,24613539,17624337,24210790,9130910,24613539,17609243,15236995,14748845,18955785,16723371,18644593,15019822,16723371,16762179,17141400,18644593,15019822,25201101,23340055,22883517,22736326,25422360,24661731,22563025,11883311,16644787,12107265,22065163,23011643,17509581,16309234,11163832,19931078,22266326,25134292,16533339,9065182,12372468,15104227,19931078,19931078,17983420,15120698,20063560,20190557,23302395,16249290,23472165,24012197,16084891,24571615,25912412,16750201,11912283,19055724,12029073,24648304,25912412,12934347,16150151,11020520,24127964,20137818,9102363,24018808,22884659,16616093,18849443,25912412,9065182,9043920,22563025,25996258,12934347,16202314,11020520,9886539,24127964,19467764,26054109,22447624,26409150,18222435,21397694,26054109
6347,CCL2,25449831,2454848,11675475,12760253,15588473,10381818,19230253,9436699,26216523,18490013,16750201,19055724,20858448,20537326,24188612,23141164,22017422,10433073,9764347,8738720,15507512,25912412,25194152,20031030,24188612,19429661,25446850,22384446,19903049,19401003,24613539,17624337,24210790,9130910,24613539,17609243,15236995,14748845,18955785,16723371,18644593,15019822,16723371,16762179,17141400,18644593,15019822,25201101,23340055,22883517,22736326,25422360,24661731,22563025,11883311,16644787,12107265,22065163,23011643,17509581,16309234,11163832,19931078,22266326,25134292,16533339,9065182,12372468,15104227,19931078,19931078,17983420,15120698,20063560,20190557,23302395,16249290,23472165,24012197,16084891,24571615,25912412,16750201,11912283,19055724,12029073,24648304,25912412,12934347,16150151,11020520,24127964,20137818,9102363,24018808,22884659,16616093,18849443,25912412,9065182,9043920,22563025,25996258,12934347,16202314,11020520,9886539,24127964,19467764,26054109,22447624,26409150,18222435,21397694,26054109
6366,CCL21,25449831,2454848,11675475,12760253,15588473,10381818,19230253,9436699,26216523,18490013,16750201,19055724,20858448,20537326,24188612,23141164,22017422,10433073,9764347,8738720,15507512,25912412,25194152,20031030,24188612,19429661,25446850,22384446,19903049,19401003,24613539,17624337,24210790,9130910,24613539,17609243,15236995,14748845,18955785,16723371,18644593,15019822,16723371,16762179,17141400,18644593,15019822,25201101,23340055,22883517,22736326,25422360,24661731,22563025,11883311,16644787,12107265,22065163,23011643,17509581,16309234,11163832,19931078,22266326,25134292,16533339,9065182,12372468,15104227,19931078,19931078,17983420,15120698,20063560,20190557,23302395,16249290,23472165,24012197,16084891,24571615,25912412,16750201,11912283,19055724,12029073,24648304,25912412,12934347,16150151,11020520,24127964,20137818,9102363,24018808,22884659,16616093,18849443,25912412,9065182,9043920,22563025,25996258,12934347,16202314,11020520,9886539,24127964,19467764,26054109,22447624,26409150,18222435,21397694,26054109
6352,CCL5,25449831,2454848,11675475,12760253,15588473,10381818,19230253,9436699,26216523,18490013,16750201,19055724,20858448,20537326,24188612,23141164,22017422,10433073,9764347,8738720,15507512,25912412,25194152,20031030,24188612,19429661,25446850,22384446,19903049,19401003,24613539,17624337,24210790,9130910,24613539,17609243,15236995,14748845,18955785,16723371,18644593,15019822,16723371,16762179,17141400,18644593,15019822,25201101,23340055,22883517,22736326,25422360,24661731,22563025,11883311,16644787,12107265,22065163,23011643,17509581,16309234,11163832,19931078,22266326,25134292,16533339,9065182,12372468,15104227,19931078,19931078,17983420,15120698,20063560,20190557,23302395,16249290,23472165,24012197,16084891,24571615,25912412,16750201,11912283,19055724,12029073,24648304,25912412,12934347,16150151,11020520,24127964,20137818,9102363,24018808,22884659,16616093,18849443,25912412,9065182,9043920,22563025,25996258,12934347,16202314,11020520,9886539,24127964,19467764,26054109,22447624,26409150,18222435,21397694,26054109
595,CCND1,25449831,2454848,11675475,12760253,15588473,10381818,19230253,9436699,26216523,18490013,16750201,19055724,20858448,20537326,24188612,23141164,22017422,10433073,9764347,8738720,15507512,25912412,25194152,20031030,24188612,19429661,25446850,22384446,19903049,19401003,24613539,17624337,24210790,9130910,24613539,17609243,15236995,14748845,18955785,16723371,18644593,15019822,16723371,16762179,17141400,18644593,15019822,25201101,23340055,22883517,22736326,25422360,24661731,22563025,11883311,16644787,12107265,22065163,23011643,17509581,16309234,11163832,19931078,22266326,25134292,16533339,9065182,12372468,15104227,19931078,19931078,17983420,15120698,20063560,20190557,23302395,16249290,23472165,24012197,16084891,24571615,25912412,16750201,11912283,19055724,12029073,24648304,25912412,12934347,16150151,11020520,24127964,20137818,9102363,24018808,22884659,16616093,18849443,25912412,9065182,9043920,22563025,25996258,12934347,16202314,11020520,9886539,24127964,19467764,26054109,22447624,26409150,18222435,21397694,26054109
1230,CCR1,25449831,2454848,11675475,12760253,15588473,10381818,19230253,9436699,26216523,18490013,16750201,19055724,20858448,20537326,24188612,23141164,22017422,10433073,9764347,8738720,15507512,25912412,25194152,20031030,24188612,19429661,25446850,22384446,19903049,19401003,24613539,17624337,24210790,9130910,24613539,17609243,15236995,14748845,18955785,16723371,18644593,15019822,16723371,16762179,17141400,18644593,15019822,25201101,23340055,22883517,22736326,25422360,24661731,22563025,11883311,16644787,12107265,22065163,23011643,17509581,16309234,11163832,19931078,22266326,25134292,16533339,9065182,12372468,15104227,19931078,19931078,17983420,15120698,20063560,20190557,23302395,16249290,23472165,24012197,16084891,24571615,25912412,16750201,11912283,19055724,12029073,24648304,25912412,12934347,16150151,11020520,24127964,20137818,9102363,24018808,22884659,16616093,18849443,25912412,9065182,9043920,22563025,25996258,12934347,16202314,11020520,9886539,24127964,19467764,26054109,22447624,26409150,18222435,21397694,26054109
4311,MME,25449831,2454848,11675475,12760253,15588473,10381818,19230253,9436699,26216523,18490013,16750201,19055724,20858448,20537326,24188612,23141164,22017422,10433073,9764347,8738720,15507512,25912412,25194152,20031030,24188612,19429661,25446850,22384446,19903049,19401003,24613539,17624337,24210790,9130910,24613539,17609243,15236995,14748845,18955785,16723371,18644593,15019822,16723371,16762179,17141400,18644593,15019822,25201101,23340055,22883517,22736326,25422360,24661731,22563025,11883311,16644787,12107265,22065163,23011643,17509581,16309234,11163832,19931078,22266326,25134292,16533339,9065182,12372468,15104227,19931078,19931078,17983420,15120698,20063560,20190557,23302395,16249290,23472165,24012197,16084891,24571615,25912412,16750201,11912283,19055724,12029073,24648304,25912412,12934347,16150151,11020520,24127964,20137818,9102363,24018808,22884659,16616093,18849443,25912412,9065182,9043920,22563025,25996258,12934347,16202314,11020520,9886539,24127964,19467764,26054109,22447624,26409150,18222435,21397694,26054109
8842,PROM1,25449831,2454848,11675475,12760253,15588473,10381818,19230253,9436699,26216523,18490013,16750201,19055724,20858448,20537326,24188612,23141164,22017422,10433073,9764347,8738720,15507512,25912412,25194152,20031030,24188612,19429661,25446850,22384446,19903049,19401003,24613539,17624337,24210790,9130910,24613539,17609243,15236995,14748845,18955785,16723371,18644593,15019822,16723371,16762179,17141400,18644593,15019822,25201101,23340055,22883517,22736326,25422360,24661731,22563025,11883311,16644787,12107265,22065163,23011643,17509581,16309234,11163832,19931078,22266326,25134292,16533339,9065182,12372468,15104227,19931078,19931078,17983420,15120698,20063560,20190557,23302395,16249290,23472165,24012197,16084891,24571615,25912412,16750201,11912283,19055724,12029073,24648304,25912412,12934347,16150151,11020520,24127964,20137818,9102363,24018808,22884659,16616093,18849443,25912412,9065182,9043920,22563025,25996258,12934347,16202314,11020520,9886539,24127964,19467764,26054109,22447624,26409150,18222435,21397694,26054109
682,BSG,25449831,2454848,11675475,12760253,15588473,10381818,19230253,9436699,26216523,18490013,16750201,19055724,20858448,20537326,24188612,23141164,22017422,10433073,9764347,8738720,15507512,25912412,25194152,20031030,24188612,19429661,25446850,22384446,19903049,19401003,24613539,17624337,24210790,9130910,24613539,17609243,15236995,14748845,18955785,16723371,18644593,15019822,16723371,16762179,17141400,18644593,15019822,25201101,23340055,22883517,22736326,25422360,24661731,22563025,11883311,16644787,12107265,22065163,23011643,17509581,16309234,11163832,19931078,22266326,25134292,16533339,9065182,12372468,15104227,19931078,19931078,17983420,15120698,20063560,20190557,23302395,16249290,23472165,24012197,16084891,24571615,25912412,16750201,11912283,19055724,12029073,24648304,25912412,12934347,16150151,11020520,24127964,20137818,9102363,24018808,22884659,16616093,18849443,25912412,9065182,9043920,22563025,25996258,12934347,16202314,11020520,9886539,24127964,19467764,26054109,22447624,26409150,18222435,21397694,26054109
3689,ITGB2,25449831,2454848,11675475,12760253,15588473,10381818,19230253,9436699,26216523,18490013,16750201,19055724,20858448,20537326,24188612,23141164,22017422,10433073,9764347,8738720,15507512,25912412,25194152,20031030,24188612,19429661,25446850,22384446,19903049,19401003,24613539,17624337,24210790,9130910,24613539,17609243,15236995,14748845,18955785,16723371,18644593,15019822,16723371,16762179,17141400,18644593,15019822,25201101,23340055,22883517,22736326,25422360,24661731,22563025,11883311,16644787,12107265,22065163,23011643,17509581,16309234,11163832,19931078,22266326,25134292,16533339,9065182,12372468,15104227,19931078,19931078,17983420,15120698,20063560,20190557,23302395,16249290,23472165,24012197,16084891,24571615,25912412,16750201,11912283,19055724,12029073,24648304,25912412,12934347,16150151,11020520,24127964,20137818,9102363,24018808,22884659,16616093,18849443,25912412,9065182,9043920,22563025,25996258,12934347,16202314,11020520,9886539,24127964,19467764,26054109,22447624,26409150,18222435,21397694,26054109
2208,FCER2,25449831,2454848,11675475,12760253,15588473,10381818,19230253,9436699,26216523,18490013,16750201,19055724,20858448,20537326,24188612,23141164,22017422,10433073,9764347,8738720,15507512,25912412,25194152,20031030,24188612,19429661,25446850,22384446,19903049,19401003,24613539,17624337,24210790,9130910,24613539,17609243,15236995,14748845,18955785,16723371,18644593,15019822,16723371,16762179,17141400,18644593,15019822,25201101,23340055,22883517,22736326,25422360,24661731,22563025,11883311,16644787,12107265,22065163,23011643,17509581,16309234,11163832,19931078,22266326,25134292,16533339,9065182,12372468,15104227,19931078,19931078,17983420,15120698,20063560,20190557,23302395,16249290,23472165,24012197,16084891,24571615,25912412,16750201,11912283,19055724,12029073,24648304,25912412,12934347,16150151,11020520,24127964,20137818,9102363,24018808,22884659,16616093,18849443,25912412,9065182,9043920,22563025,25996258,12934347,16202314,11020520,9886539,24127964,19467764,26054109,22447624,26409150,18222435,21397694,26054109
3553,IL1B,25449831,2454848,11675475,12760253,15588473,10381818,19230253,9436699,26216523,18490013,16750201,19055724,20858448,20537326,24188612,23141164,22017422,10433073,9764347,8738720,15507512,25912412,25194152,20031030,24188612,19429661,25446850,22384446,19903049,19401003,24613539,17624337,24210790,9130910,24613539,17609243,15236995,14748845,18955785,16723371,18644593,15019822,16723371,16762179,17141400,18644593,15019822,25201101,23340055,22883517,22736326,25422360,24661731,22563025,11883311,16644787,12107265,22065163,23011643,17509581,16309234,11163832,19931078,22266326,25134292,16533339,9065182,12372468,15104227,19931078,19931078,17983420,15120698,20063560,20190557,23302395,16249290,23472165,24012197,16084891,24571615,25912412,16750201,11912283,19055724,12029073,24648304,25912412,12934347,16150151,11020520,24127964,20137818,9102363,24018808,22884659,16616093,18849443,25912412,9065182,9043920,22563025,25996258,12934347,16202314,11020520,9886539,24127964,19467764,26054109,22447624,26409150,18222435,21397694,26054109
948,CD36,25449831,2454848,11675475,12760253,15588473,10381818,19230253,9436699,26216523,18490013,16750201,19055724,20858448,20537326,24188612,23141164,22017422,10433073,9764347,8738720,15507512,25912412,25194152,20031030,24188612,19429661,25446850,22384446,19903049,19401003,24613539,17624337,24210790,9130910,24613539,17609243,15236995,14748845,18955785,16723371,18644593,15019822,16723371,16762179,17141400,18644593,15019822,25201101,23340055,22883517,22736326,25422360,24661731,22563025,11883311,16644787,12107265,22065163,23011643,17509581,16309234,11163832,19931078,22266326,25134292,16533339,9065182,12372468,15104227,19931078,19931078,17983420,15120698,20063560,20190557,23302395,16249290,23472165,24012197,16084891,24571615,25912412,16750201,11912283,19055724,12029073,24648304,25912412,12934347,16150151,11020520,24127964,20137818,9102363,24018808,22884659,16616093,18849443,25912412,9065182,9043920,22563025,25996258,12934347,16202314,11020520,9886539,24127964,19467764,26054109,22447624,26409150,18222435,21397694,26054109
9588,PRDX6,25449831,25449831,25449831,25449831,2454848,2454848,2454848,2454848,11675475,11675475,11675475,11675475,12760253,12760253,12760253,12760253,15588473,15588473,15588473,15588473,10381818,10381818,10381818,10381818,19230253,19230253,19230253,19230253,9436699,9436699,9436699,9436699,26216523,26216523,26216523,26216523,18490013,18490013,18490013,18490013,16750201,16750201,16750201,16750201,19055724,19055724,19055724,19055724,20858448,20858448,20858448,20858448,20537326,20537326,20537326,20537326,24188612,24188612,24188612,24188612,23141164,23141164,23141164,23141164,22017422,22017422,22017422,22017422,10433073,10433073,10433073,10433073,9764347,9764347,9764347,9764347,8738720,8738720,8738720,8738720,15507512,15507512,15507512,15507512,25912412,25912412,25912412,25912412,25194152,25194152,25194152,25194152,20031030,20031030,20031030,20031030,24188612,24188612,24188612,24188612,19429661,19429661,19429661,19429661,25446850,25446850,25446850,25446850,22384446,22384446,22384446,22384446,19903049,19903049,19903049,19903
406959,MIR183,25449831,25449831,2454848,2454848,11675475,11675475,12760253,12760253,15588473,15588473,10381818,10381818,19230253,19230253,9436699,9436699,26216523,26216523,18490013,18490013,16750201,16750201,19055724,19055724,20858448,20858448,20537326,20537326,24188612,24188612,23141164,23141164,22017422,22017422,10433073,10433073,9764347,9764347,8738720,8738720,15507512,15507512,25912412,25912412,25194152,25194152,20031030,20031030,24188612,24188612,19429661,19429661,25446850,25446850,22384446,22384446,19903049,19903049,19401003,19401003,24613539,24613539,17624337,17624337,24210790,24210790,9130910,9130910,24613539,24613539,17609243,17609243,15236995,15236995,14748845,14748845,18955785,18955785,16723371,16723371,18644593,18644593,15019822,15019822,16723371,16723371,16762179,16762179,17141400,17141400,18644593,18644593,15019822,15019822,25201101,25201101,23340055,23340055,22883517,22883517,22736326,22736326,25422360,25422360,24661731,24661731,22563025,22563025,11883311,11883311,16644787,16644787,12107265,12107265,22065163
960,CD44,25449831,25449831,2454848,2454848,11675475,11675475,12760253,12760253,15588473,15588473,10381818,10381818,19230253,19230253,9436699,9436699,26216523,26216523,18490013,18490013,16750201,16750201,19055724,19055724,20858448,20858448,20537326,20537326,24188612,24188612,23141164,23141164,22017422,22017422,10433073,10433073,9764347,9764347,8738720,8738720,15507512,15507512,25912412,25912412,25194152,25194152,20031030,20031030,24188612,24188612,19429661,19429661,25446850,25446850,22384446,22384446,19903049,19903049,19401003,19401003,24613539,24613539,17624337,17624337,24210790,24210790,9130910,9130910,24613539,24613539,17609243,17609243,15236995,15236995,14748845,14748845,18955785,18955785,16723371,16723371,18644593,18644593,15019822,15019822,16723371,16723371,16762179,16762179,17141400,17141400,18644593,18644593,15019822,15019822,25201101,25201101,23340055,23340055,22883517,22883517,22736326,22736326,25422360,25422360,24661731,24661731,22563025,22563025,11883311,11883311,16644787,16644787,12107265,12107265,22065163
3383,ICAM1,25449831,2454848,11675475,12760253,15588473,10381818,19230253,9436699,26216523,18490013,16750201,19055724,20858448,20537326,24188612,23141164,22017422,10433073,9764347,8738720,15507512,25912412,25194152,20031030,24188612,19429661,25446850,22384446,19903049,19401003,24613539,17624337,24210790,9130910,24613539,17609243,15236995,14748845,18955785,16723371,18644593,15019822,16723371,16762179,17141400,18644593,15019822,25201101,23340055,22883517,22736326,25422360,24661731,22563025,11883311,16644787,12107265,22065163,23011643,17509581,16309234,11163832,19931078,22266326,25134292,16533339,9065182,12372468,15104227,19931078,19931078,17983420,15120698,20063560,20190557,23302395,16249290,23472165,24012197,16084891,24571615,25912412,16750201,11912283,19055724,12029073,24648304,25912412,12934347,16150151,11020520,24127964,20137818,9102363,24018808,22884659,16616093,18849443,25912412,9065182,9043920,22563025,25996258,12934347,16202314,11020520,9886539,24127964,19467764,26054109,22447624,26409150,18222435,21397694,26054109
4684,NCAM1,25449831,2454848,11675475,12760253,15588473,10381818,19230253,9436699,26216523,18490013,16750201,19055724,20858448,20537326,24188612,23141164,22017422,10433073,9764347,8738720,15507512,25912412,25194152,20031030,24188612,19429661,25446850,22384446,19903049,19401003,24613539,17624337,24210790,9130910,24613539,17609243,15236995,14748845,18955785,16723371,18644593,15019822,16723371,16762179,17141400,18644593,15019822,25201101,23340055,22883517,22736326,25422360,24661731,22563025,11883311,16644787,12107265,22065163,23011643,17509581,16309234,11163832,19931078,22266326,25134292,16533339,9065182,12372468,15104227,19931078,19931078,17983420,15120698,20063560,20190557,23302395,16249290,23472165,24012197,16084891,24571615,25912412,16750201,11912283,19055724,12029073,24648304,25912412,12934347,16150151,11020520,24127964,20137818,9102363,24018808,22884659,16616093,18849443,25912412,9065182,9043920,22563025,25996258,12934347,16202314,11020520,9886539,24127964,19467764,26054109,22447624,26409150,18222435,21397694,26054109
3553,IL1B,25449831,25449831,25449831,25449831,25449831,25449831,25449831,25449831,25449831,25449831,2454848,2454848,2454848,2454848,2454848,2454848,2454848,2454848,2454848,2454848,11675475,11675475,11675475,11675475,11675475,11675475,11675475,11675475,11675475,11675475,12760253,12760253,12760253,12760253,12760253,12760253,12760253,12760253,12760253,12760253,15588473,15588473,15588473,15588473,15588473,15588473,15588473,15588473,15588473,15588473,10381818,10381818,10381818,10381818,10381818,10381818,10381818,10381818,10381818,10381818,19230253,19230253,19230253,19230253,19230253,19230253,19230253,19230253,19230253,19230253,9436699,9436699,9436699,9436699,9436699,9436699,9436699,9436699,9436699,9436699,26216523,26216523,26216523,26216523,26216523,26216523,26216523,26216523,26216523,26216523,18490013,18490013,18490013,18490013,18490013,18490013,18490013,18490013,18490013,18490013,16750201,16750201,16750201,16750201,16750201,16750201,16750201,16750201,16750201,16750201,19055724,19055724,19055724,19055724,19055724,19055724,
999,CDH1,25449831,2454848,11675475,12760253,15588473,10381818,19230253,9436699,26216523,18490013,16750201,19055724,20858448,20537326,24188612,23141164,22017422,10433073,9764347,8738720,15507512,25912412,25194152,20031030,24188612,19429661,25446850,22384446,19903049,19401003,24613539,17624337,24210790,9130910,24613539,17609243,15236995,14748845,18955785,16723371,18644593,15019822,16723371,16762179,17141400,18644593,15019822,25201101,23340055,22883517,22736326,25422360,24661731,22563025,11883311,16644787,12107265,22065163,23011643,17509581,16309234,11163832,19931078,22266326,25134292,16533339,9065182,12372468,15104227,19931078,19931078,17983420,15120698,20063560,20190557,23302395,16249290,23472165,24012197,16084891,24571615,25912412,16750201,11912283,19055724,12029073,24648304,25912412,12934347,16150151,11020520,24127964,20137818,9102363,24018808,22884659,16616093,18849443,25912412,9065182,9043920,22563025,25996258,12934347,16202314,11020520,9886539,24127964,19467764,26054109,22447624,26409150,18222435,21397694,26054109
1026,CDKN1A,25449831,2454848,11675475,12760253,15588473,10381818,19230253,9436699,26216523,18490013,16750201,19055724,20858448,20537326,24188612,23141164,22017422,10433073,9764347,8738720,15507512,25912412,25194152,20031030,24188612,19429661,25446850,22384446,19903049,19401003,24613539,17624337,24210790,9130910,24613539,17609243,15236995,14748845,18955785,16723371,18644593,15019822,16723371,16762179,17141400,18644593,15019822,25201101,23340055,22883517,22736326,25422360,24661731,22563025,11883311,16644787,12107265,22065163,23011643,17509581,16309234,11163832,19931078,22266326,25134292,16533339,9065182,12372468,15104227,19931078,19931078,17983420,15120698,20063560,20190557,23302395,16249290,23472165,24012197,16084891,24571615,25912412,16750201,11912283,19055724,12029073,24648304,25912412,12934347,16150151,11020520,24127964,20137818,9102363,24018808,22884659,16616093,18849443,25912412,9065182,9043920,22563025,25996258,12934347,16202314,11020520,9886539,24127964,19467764,26054109,22447624,26409150,18222435,21397694,26054109
10272,FSTL3,25449831,25449831,2454848,2454848,11675475,11675475,12760253,12760253,15588473,15588473,10381818,10381818,19230253,19230253,9436699,9436699,26216523,26216523,18490013,18490013,16750201,16750201,19055724,19055724,20858448,20858448,20537326,20537326,24188612,24188612,23141164,23141164,22017422,22017422,10433073,10433073,9764347,9764347,8738720,8738720,15507512,15507512,25912412,25912412,25194152,25194152,20031030,20031030,24188612,24188612,19429661,19429661,25446850,25446850,22384446,22384446,19903049,19903049,19401003,19401003,24613539,24613539,17624337,17624337,24210790,24210790,9130910,9130910,24613539,24613539,17609243,17609243,15236995,15236995,14748845,14748845,18955785,18955785,16723371,16723371,18644593,18644593,15019822,15019822,16723371,16723371,16762179,16762179,17141400,17141400,18644593,18644593,15019822,15019822,25201101,25201101,23340055,23340055,22883517,22883517,22736326,22736326,25422360,25422360,24661731,24661731,22563025,22563025,11883311,11883311,16644787,16644787,12107265,12107265,22065163
1029,CDKN2A,25449831,25449831,2454848,2454848,11675475,11675475,12760253,12760253,15588473,15588473,10381818,10381818,19230253,19230253,9436699,9436699,26216523,26216523,18490013,18490013,16750201,16750201,19055724,19055724,20858448,20858448,20537326,20537326,24188612,24188612,23141164,23141164,22017422,22017422,10433073,10433073,9764347,9764347,8738720,8738720,15507512,15507512,25912412,25912412,25194152,25194152,20031030,20031030,24188612,24188612,19429661,19429661,25446850,25446850,22384446,22384446,19903049,19903049,19401003,19401003,24613539,24613539,17624337,17624337,24210790,24210790,9130910,9130910,24613539,24613539,17609243,17609243,15236995,15236995,14748845,14748845,18955785,18955785,16723371,16723371,18644593,18644593,15019822,15019822,16723371,16723371,16762179,16762179,17141400,17141400,18644593,18644593,15019822,15019822,25201101,25201101,23340055,23340055,22883517,22883517,22736326,22736326,25422360,25422360,24661731,24661731,22563025,22563025,11883311,11883311,16644787,16644787,12107265,12107265,22065163
1044,CDX1,25449831,2454848,11675475,12760253,15588473,10381818,19230253,9436699,26216523,18490013,16750201,19055724,20858448,20537326,24188612,23141164,22017422,10433073,9764347,8738720,15507512,25912412,25194152,20031030,24188612,19429661,25446850,22384446,19903049,19401003,24613539,17624337,24210790,9130910,24613539,17609243,15236995,14748845,18955785,16723371,18644593,15019822,16723371,16762179,17141400,18644593,15019822,25201101,23340055,22883517,22736326,25422360,24661731,22563025,11883311,16644787,12107265,22065163,23011643,17509581,16309234,11163832,19931078,22266326,25134292,16533339,9065182,12372468,15104227,19931078,19931078,17983420,15120698,20063560,20190557,23302395,16249290,23472165,24012197,16084891,24571615,25912412,16750201,11912283,19055724,12029073,24648304,25912412,12934347,16150151,11020520,24127964,20137818,9102363,24018808,22884659,16616093,18849443,25912412,9065182,9043920,22563025,25996258,12934347,16202314,11020520,9886539,24127964,19467764,26054109,22447624,26409150,18222435,21397694,26054109
1071,CETP,25449831,2454848,11675475,12760253,15588473,10381818,19230253,9436699,26216523,18490013,16750201,19055724,20858448,20537326,24188612,23141164,22017422,10433073,9764347,8738720,15507512,25912412,25194152,20031030,24188612,19429661,25446850,22384446,19903049,19401003,24613539,17624337,24210790,9130910,24613539,17609243,15236995,14748845,18955785,16723371,18644593,15019822,16723371,16762179,17141400,18644593,15019822,25201101,23340055,22883517,22736326,25422360,24661731,22563025,11883311,16644787,12107265,22065163,23011643,17509581,16309234,11163832,19931078,22266326,25134292,16533339,9065182,12372468,15104227,19931078,19931078,17983420,15120698,20063560,20190557,23302395,16249290,23472165,24012197,16084891,24571615,25912412,16750201,11912283,19055724,12029073,24648304,25912412,12934347,16150151,11020520,24127964,20137818,9102363,24018808,22884659,16616093,18849443,25912412,9065182,9043920,22563025,25996258,12934347,16202314,11020520,9886539,24127964,19467764,26054109,22447624,26409150,18222435,21397694,26054109
1072,CFL1,25449831,2454848,11675475,12760253,15588473,10381818,19230253,9436699,26216523,18490013,16750201,19055724,20858448,20537326,24188612,23141164,22017422,10433073,9764347,8738720,15507512,25912412,25194152,20031030,24188612,19429661,25446850,22384446,19903049,19401003,24613539,17624337,24210790,9130910,24613539,17609243,15236995,14748845,18955785,16723371,18644593,15019822,16723371,16762179,17141400,18644593,15019822,25201101,23340055,22883517,22736326,25422360,24661731,22563025,11883311,16644787,12107265,22065163,23011643,17509581,16309234,11163832,19931078,22266326,25134292,16533339,9065182,12372468,15104227,19931078,19931078,17983420,15120698,20063560,20190557,23302395,16249290,23472165,24012197,16084891,24571615,25912412,16750201,11912283,19055724,12029073,24648304,25912412,12934347,16150151,11020520,24127964,20137818,9102363,24018808,22884659,16616093,18849443,25912412,9065182,9043920,22563025,25996258,12934347,16202314,11020520,9886539,24127964,19467764,26054109,22447624,26409150,18222435,21397694,26054109
1080,CFTR,25449831,25449831,25449831,2454848,2454848,2454848,11675475,11675475,11675475,12760253,12760253,12760253,15588473,15588473,15588473,10381818,10381818,10381818,19230253,19230253,19230253,9436699,9436699,9436699,26216523,26216523,26216523,18490013,18490013,18490013,16750201,16750201,16750201,19055724,19055724,19055724,20858448,20858448,20858448,20537326,20537326,20537326,24188612,24188612,24188612,23141164,23141164,23141164,22017422,22017422,22017422,10433073,10433073,10433073,9764347,9764347,9764347,8738720,8738720,8738720,15507512,15507512,15507512,25912412,25912412,25912412,25194152,25194152,25194152,20031030,20031030,20031030,24188612,24188612,24188612,19429661,19429661,19429661,25446850,25446850,25446850,22384446,22384446,22384446,19903049,19903049,19903049,19401003,19401003,19401003,24613539,24613539,24613539,17624337,17624337,17624337,24210790,24210790,24210790,9130910,9130910,9130910,24613539,24613539,24613539,17609243,17609243,17609243,15236995,15236995,15236995,14748845,14748845,14748845,18955785,1895
11200,CHEK2,25449831,2454848,11675475,12760253,15588473,10381818,19230253,9436699,26216523,18490013,16750201,19055724,20858448,20537326,24188612,23141164,22017422,10433073,9764347,8738720,15507512,25912412,25194152,20031030,24188612,19429661,25446850,22384446,19903049,19401003,24613539,17624337,24210790,9130910,24613539,17609243,15236995,14748845,18955785,16723371,18644593,15019822,16723371,16762179,17141400,18644593,15019822,25201101,23340055,22883517,22736326,25422360,24661731,22563025,11883311,16644787,12107265,22065163,23011643,17509581,16309234,11163832,19931078,22266326,25134292,16533339,9065182,12372468,15104227,19931078,19931078,17983420,15120698,20063560,20190557,23302395,16249290,23472165,24012197,16084891,24571615,25912412,16750201,11912283,19055724,12029073,24648304,25912412,12934347,16150151,11020520,24127964,20137818,9102363,24018808,22884659,16616093,18849443,25912412,9065182,9043920,22563025,25996258,12934347,16202314,11020520,9886539,24127964,19467764,26054109,22447624,26409150,18222435,21397694,26054109
9435,CHST2,25449831,2454848,11675475,12760253,15588473,10381818,19230253,9436699,26216523,18490013,16750201,19055724,20858448,20537326,24188612,23141164,22017422,10433073,9764347,8738720,15507512,25912412,25194152,20031030,24188612,19429661,25446850,22384446,19903049,19401003,24613539,17624337,24210790,9130910,24613539,17609243,15236995,14748845,18955785,16723371,18644593,15019822,16723371,16762179,17141400,18644593,15019822,25201101,23340055,22883517,22736326,25422360,24661731,22563025,11883311,16644787,12107265,22065163,23011643,17509581,16309234,11163832,19931078,22266326,25134292,16533339,9065182,12372468,15104227,19931078,19931078,17983420,15120698,20063560,20190557,23302395,16249290,23472165,24012197,16084891,24571615,25912412,16750201,11912283,19055724,12029073,24648304,25912412,12934347,16150151,11020520,24127964,20137818,9102363,24018808,22884659,16616093,18849443,25912412,9065182,9043920,22563025,25996258,12934347,16202314,11020520,9886539,24127964,19467764,26054109,22447624,26409150,18222435,21397694,26054109
1365,CLDN3,25449831,2454848,11675475,12760253,15588473,10381818,19230253,9436699,26216523,18490013,16750201,19055724,20858448,20537326,24188612,23141164,22017422,10433073,9764347,8738720,15507512,25912412,25194152,20031030,24188612,19429661,25446850,22384446,19903049,19401003,24613539,17624337,24210790,9130910,24613539,17609243,15236995,14748845,18955785,16723371,18644593,15019822,16723371,16762179,17141400,18644593,15019822,25201101,23340055,22883517,22736326,25422360,24661731,22563025,11883311,16644787,12107265,22065163,23011643,17509581,16309234,11163832,19931078,22266326,25134292,16533339,9065182,12372468,15104227,19931078,19931078,17983420,15120698,20063560,20190557,23302395,16249290,23472165,24012197,16084891,24571615,25912412,16750201,11912283,19055724,12029073,24648304,25912412,12934347,16150151,11020520,24127964,20137818,9102363,24018808,22884659,16616093,18849443,25912412,9065182,9043920,22563025,25996258,12934347,16202314,11020520,9886539,24127964,19467764,26054109,22447624,26409150,18222435,21397694,26054109
1364,CLDN4,25449831,2454848,11675475,12760253,15588473,10381818,19230253,9436699,26216523,18490013,16750201,19055724,20858448,20537326,24188612,23141164,22017422,10433073,9764347,8738720,15507512,25912412,25194152,20031030,24188612,19429661,25446850,22384446,19903049,19401003,24613539,17624337,24210790,9130910,24613539,17609243,15236995,14748845,18955785,16723371,18644593,15019822,16723371,16762179,17141400,18644593,15019822,25201101,23340055,22883517,22736326,25422360,24661731,22563025,11883311,16644787,12107265,22065163,23011643,17509581,16309234,11163832,19931078,22266326,25134292,16533339,9065182,12372468,15104227,19931078,19931078,17983420,15120698,20063560,20190557,23302395,16249290,23472165,24012197,16084891,24571615,25912412,16750201,11912283,19055724,12029073,24648304,25912412,12934347,16150151,11020520,24127964,20137818,9102363,24018808,22884659,16616093,18849443,25912412,9065182,9043920,22563025,25996258,12934347,16202314,11020520,9886539,24127964,19467764,26054109,22447624,26409150,18222435,21397694,26054109
7122,CLDN5,25449831,2454848,11675475,12760253,15588473,10381818,19230253,9436699,26216523,18490013,16750201,19055724,20858448,20537326,24188612,23141164,22017422,10433073,9764347,8738720,15507512,25912412,25194152,20031030,24188612,19429661,25446850,22384446,19903049,19401003,24613539,17624337,24210790,9130910,24613539,17609243,15236995,14748845,18955785,16723371,18644593,15019822,16723371,16762179,17141400,18644593,15019822,25201101,23340055,22883517,22736326,25422360,24661731,22563025,11883311,16644787,12107265,22065163,23011643,17509581,16309234,11163832,19931078,22266326,25134292,16533339,9065182,12372468,15104227,19931078,19931078,17983420,15120698,20063560,20190557,23302395,16249290,23472165,24012197,16084891,24571615,25912412,16750201,11912283,19055724,12029073,24648304,25912412,12934347,16150151,11020520,24127964,20137818,9102363,24018808,22884659,16616093,18849443,25912412,9065182,9043920,22563025,25996258,12934347,16202314,11020520,9886539,24127964,19467764,26054109,22447624,26409150,18222435,21397694,26054109
1366,CLDN7,25449831,2454848,11675475,12760253,15588473,10381818,19230253,9436699,26216523,18490013,16750201,19055724,20858448,20537326,24188612,23141164,22017422,10433073,9764347,8738720,15507512,25912412,25194152,20031030,24188612,19429661,25446850,22384446,19903049,19401003,24613539,17624337,24210790,9130910,24613539,17609243,15236995,14748845,18955785,16723371,18644593,15019822,16723371,16762179,17141400,18644593,15019822,25201101,23340055,22883517,22736326,25422360,24661731,22563025,11883311,16644787,12107265,22065163,23011643,17509581,16309234,11163832,19931078,22266326,25134292,16533339,9065182,12372468,15104227,19931078,19931078,17983420,15120698,20063560,20190557,23302395,16249290,23472165,24012197,16084891,24571615,25912412,16750201,11912283,19055724,12029073,24648304,25912412,12934347,16150151,11020520,24127964,20137818,9102363,24018808,22884659,16616093,18849443,25912412,9065182,9043920,22563025,25996258,12934347,16202314,11020520,9886539,24127964,19467764,26054109,22447624,26409150,18222435,21397694,26054109
9575,CLOCK,25449831,2454848,11675475,12760253,15588473,10381818,19230253,9436699,26216523,18490013,16750201,19055724,20858448,20537326,24188612,23141164,22017422,10433073,9764347,8738720,15507512,25912412,25194152,20031030,24188612,19429661,25446850,22384446,19903049,19401003,24613539,17624337,24210790,9130910,24613539,17609243,15236995,14748845,18955785,16723371,18644593,15019822,16723371,16762179,17141400,18644593,15019822,25201101,23340055,22883517,22736326,25422360,24661731,22563025,11883311,16644787,12107265,22065163,23011643,17509581,16309234,11163832,19931078,22266326,25134292,16533339,9065182,12372468,15104227,19931078,19931078,17983420,15120698,20063560,20190557,23302395,16249290,23472165,24012197,16084891,24571615,25912412,16750201,11912283,19055724,12029073,24648304,25912412,12934347,16150151,11020520,24127964,20137818,9102363,24018808,22884659,16616093,18849443,25912412,9065182,9043920,22563025,25996258,12934347,16202314,11020520,9886539,24127964,19467764,26054109,22447624,26409150,18222435,21397694,26054109
80781,COL18A1,25449831,2454848,11675475,12760253,15588473,10381818,19230253,9436699,26216523,18490013,16750201,19055724,20858448,20537326,24188612,23141164,22017422,10433073,9764347,8738720,15507512,25912412,25194152,20031030,24188612,19429661,25446850,22384446,19903049,19401003,24613539,17624337,24210790,9130910,24613539,17609243,15236995,14748845,18955785,16723371,18644593,15019822,16723371,16762179,17141400,18644593,15019822,25201101,23340055,22883517,22736326,25422360,24661731,22563025,11883311,16644787,12107265,22065163,23011643,17509581,16309234,11163832,19931078,22266326,25134292,16533339,9065182,12372468,15104227,19931078,19931078,17983420,15120698,20063560,20190557,23302395,16249290,23472165,24012197,16084891,24571615,25912412,16750201,11912283,19055724,12029073,24648304,25912412,12934347,16150151,11020520,24127964,20137818,9102363,24018808,22884659,16616093,18849443,25912412,9065182,9043920,22563025,25996258,12934347,16202314,11020520,9886539,24127964,19467764,26054109,22447624,26409150,18222435,21397694,26054109
1312,COMT,25449831,2454848,11675475,12760253,15588473,10381818,19230253,9436699,26216523,18490013,16750201,19055724,20858448,20537326,24188612,23141164,22017422,10433073,9764347,8738720,15507512,25912412,25194152,20031030,24188612,19429661,25446850,22384446,19903049,19401003,24613539,17624337,24210790,9130910,24613539,17609243,15236995,14748845,18955785,16723371,18644593,15019822,16723371,16762179,17141400,18644593,15019822,25201101,23340055,22883517,22736326,25422360,24661731,22563025,11883311,16644787,12107265,22065163,23011643,17509581,16309234,11163832,19931078,22266326,25134292,16533339,9065182,12372468,15104227,19931078,19931078,17983420,15120698,20063560,20190557,23302395,16249290,23472165,24012197,16084891,24571615,25912412,16750201,11912283,19055724,12029073,24648304,25912412,12934347,16150151,11020520,24127964,20137818,9102363,24018808,22884659,16616093,18849443,25912412,9065182,9043920,22563025,25996258,12934347,16202314,11020520,9886539,24127964,19467764,26054109,22447624,26409150,18222435,21397694,26054109
10987,COPS5,25449831,2454848,11675475,12760253,15588473,10381818,19230253,9436699,26216523,18490013,16750201,19055724,20858448,20537326,24188612,23141164,22017422,10433073,9764347,8738720,15507512,25912412,25194152,20031030,24188612,19429661,25446850,22384446,19903049,19401003,24613539,17624337,24210790,9130910,24613539,17609243,15236995,14748845,18955785,16723371,18644593,15019822,16723371,16762179,17141400,18644593,15019822,25201101,23340055,22883517,22736326,25422360,24661731,22563025,11883311,16644787,12107265,22065163,23011643,17509581,16309234,11163832,19931078,22266326,25134292,16533339,9065182,12372468,15104227,19931078,19931078,17983420,15120698,20063560,20190557,23302395,16249290,23472165,24012197,16084891,24571615,25912412,16750201,11912283,19055724,12029073,24648304,25912412,12934347,16150151,11020520,24127964,20137818,9102363,24018808,22884659,16616093,18849443,25912412,9065182,9043920,22563025,25996258,12934347,16202314,11020520,9886539,24127964,19467764,26054109,22447624,26409150,18222435,21397694,26054109
5742,PTGS1,25449831,2454848,11675475,12760253,15588473,10381818,19230253,9436699,26216523,18490013,16750201,19055724,20858448,20537326,24188612,23141164,22017422,10433073,9764347,8738720,15507512,25912412,25194152,20031030,24188612,19429661,25446850,22384446,19903049,19401003,24613539,17624337,24210790,9130910,24613539,17609243,15236995,14748845,18955785,16723371,18644593,15019822,16723371,16762179,17141400,18644593,15019822,25201101,23340055,22883517,22736326,25422360,24661731,22563025,11883311,16644787,12107265,22065163,23011643,17509581,16309234,11163832,19931078,22266326,25134292,16533339,9065182,12372468,15104227,19931078,19931078,17983420,15120698,20063560,20190557,23302395,16249290,23472165,24012197,16084891,24571615,25912412,16750201,11912283,19055724,12029073,24648304,25912412,12934347,16150151,11020520,24127964,20137818,9102363,24018808,22884659,16616093,18849443,25912412,9065182,9043920,22563025,25996258,12934347,16202314,11020520,9886539,24127964,19467764,26054109,22447624,26409150,18222435,21397694,26054109
5743,PTGS2,25449831,2454848,11675475,12760253,15588473,10381818,19230253,9436699,26216523,18490013,16750201,19055724,20858448,20537326,24188612,23141164,22017422,10433073,9764347,8738720,15507512,25912412,25194152,20031030,24188612,19429661,25446850,22384446,19903049,19401003,24613539,17624337,24210790,9130910,24613539,17609243,15236995,14748845,18955785,16723371,18644593,15019822,16723371,16762179,17141400,18644593,15019822,25201101,23340055,22883517,22736326,25422360,24661731,22563025,11883311,16644787,12107265,22065163,23011643,17509581,16309234,11163832,19931078,22266326,25134292,16533339,9065182,12372468,15104227,19931078,19931078,17983420,15120698,20063560,20190557,23302395,16249290,23472165,24012197,16084891,24571615,25912412,16750201,11912283,19055724,12029073,24648304,25912412,12934347,16150151,11020520,24127964,20137818,9102363,24018808,22884659,16616093,18849443,25912412,9065182,9043920,22563025,25996258,12934347,16202314,11020520,9886539,24127964,19467764,26054109,22447624,26409150,18222435,21397694,26054109
1356,CP,25449831,2454848,11675475,12760253,15588473,10381818,19230253,9436699,26216523,18490013,16750201,19055724,20858448,20537326,24188612,23141164,22017422,10433073,9764347,8738720,15507512,25912412,25194152,20031030,24188612,19429661,25446850,22384446,19903049,19401003,24613539,17624337,24210790,9130910,24613539,17609243,15236995,14748845,18955785,16723371,18644593,15019822,16723371,16762179,17141400,18644593,15019822,25201101,23340055,22883517,22736326,25422360,24661731,22563025,11883311,16644787,12107265,22065163,23011643,17509581,16309234,11163832,19931078,22266326,25134292,16533339,9065182,12372468,15104227,19931078,19931078,17983420,15120698,20063560,20190557,23302395,16249290,23472165,24012197,16084891,24571615,25912412,16750201,11912283,19055724,12029073,24648304,25912412,12934347,16150151,11020520,24127964,20137818,9102363,24018808,22884659,16616093,18849443,25912412,9065182,9043920,22563025,25996258,12934347,16202314,11020520,9886539,24127964,19467764,26054109,22447624,26409150,18222435,21397694,26054109
1392,CRH,25449831,2454848,11675475,12760253,15588473,10381818,19230253,9436699,26216523,18490013,16750201,19055724,20858448,20537326,24188612,23141164,22017422,10433073,9764347,8738720,15507512,25912412,25194152,20031030,24188612,19429661,25446850,22384446,19903049,19401003,24613539,17624337,24210790,9130910,24613539,17609243,15236995,14748845,18955785,16723371,18644593,15019822,16723371,16762179,17141400,18644593,15019822,25201101,23340055,22883517,22736326,25422360,24661731,22563025,11883311,16644787,12107265,22065163,23011643,17509581,16309234,11163832,19931078,22266326,25134292,16533339,9065182,12372468,15104227,19931078,19931078,17983420,15120698,20063560,20190557,23302395,16249290,23472165,24012197,16084891,24571615,25912412,16750201,11912283,19055724,12029073,24648304,25912412,12934347,16150151,11020520,24127964,20137818,9102363,24018808,22884659,16616093,18849443,25912412,9065182,9043920,22563025,25996258,12934347,16202314,11020520,9886539,24127964,19467764,26054109,22447624,26409150,18222435,21397694,26054109
1394,CRHR1,25449831,2454848,11675475,12760253,15588473,10381818,19230253,9436699,26216523,18490013,16750201,19055724,20858448,20537326,24188612,23141164,22017422,10433073,9764347,8738720,15507512,25912412,25194152,20031030,24188612,19429661,25446850,22384446,19903049,19401003,24613539,17624337,24210790,9130910,24613539,17609243,15236995,14748845,18955785,16723371,18644593,15019822,16723371,16762179,17141400,18644593,15019822,25201101,23340055,22883517,22736326,25422360,24661731,22563025,11883311,16644787,12107265,22065163,23011643,17509581,16309234,11163832,19931078,22266326,25134292,16533339,9065182,12372468,15104227,19931078,19931078,17983420,15120698,20063560,20190557,23302395,16249290,23472165,24012197,16084891,24571615,25912412,16750201,11912283,19055724,12029073,24648304,25912412,12934347,16150151,11020520,24127964,20137818,9102363,24018808,22884659,16616093,18849443,25912412,9065182,9043920,22563025,25996258,12934347,16202314,11020520,9886539,24127964,19467764,26054109,22447624,26409150,18222435,21397694,26054109
1395,CRHR2,25449831,2454848,11675475,12760253,15588473,10381818,19230253,9436699,26216523,18490013,16750201,19055724,20858448,20537326,24188612,23141164,22017422,10433073,9764347,8738720,15507512,25912412,25194152,20031030,24188612,19429661,25446850,22384446,19903049,19401003,24613539,17624337,24210790,9130910,24613539,17609243,15236995,14748845,18955785,16723371,18644593,15019822,16723371,16762179,17141400,18644593,15019822,25201101,23340055,22883517,22736326,25422360,24661731,22563025,11883311,16644787,12107265,22065163,23011643,17509581,16309234,11163832,19931078,22266326,25134292,16533339,9065182,12372468,15104227,19931078,19931078,17983420,15120698,20063560,20190557,23302395,16249290,23472165,24012197,16084891,24571615,25912412,16750201,11912283,19055724,12029073,24648304,25912412,12934347,16150151,11020520,24127964,20137818,9102363,24018808,22884659,16616093,18849443,25912412,9065182,9043920,22563025,25996258,12934347,16202314,11020520,9886539,24127964,19467764,26054109,22447624,26409150,18222435,21397694,26054109
1398,CRK,25449831,2454848,11675475,12760253,15588473,10381818,19230253,9436699,26216523,18490013,16750201,19055724,20858448,20537326,24188612,23141164,22017422,10433073,9764347,8738720,15507512,25912412,25194152,20031030,24188612,19429661,25446850,22384446,19903049,19401003,24613539,17624337,24210790,9130910,24613539,17609243,15236995,14748845,18955785,16723371,18644593,15019822,16723371,16762179,17141400,18644593,15019822,25201101,23340055,22883517,22736326,25422360,24661731,22563025,11883311,16644787,12107265,22065163,23011643,17509581,16309234,11163832,19931078,22266326,25134292,16533339,9065182,12372468,15104227,19931078,19931078,17983420,15120698,20063560,20190557,23302395,16249290,23472165,24012197,16084891,24571615,25912412,16750201,11912283,19055724,12029073,24648304,25912412,12934347,16150151,11020520,24127964,20137818,9102363,24018808,22884659,16616093,18849443,25912412,9065182,9043920,22563025,25996258,12934347,16202314,11020520,9886539,24127964,19467764,26054109,22447624,26409150,18222435,21397694,26054109
1808,DPYSL2,25449831,2454848,11675475,12760253,15588473,10381818,19230253,9436699,26216523,18490013,16750201,19055724,20858448,20537326,24188612,23141164,22017422,10433073,9764347,8738720,15507512,25912412,25194152,20031030,24188612,19429661,25446850,22384446,19903049,19401003,24613539,17624337,24210790,9130910,24613539,17609243,15236995,14748845,18955785,16723371,18644593,15019822,16723371,16762179,17141400,18644593,15019822,25201101,23340055,22883517,22736326,25422360,24661731,22563025,11883311,16644787,12107265,22065163,23011643,17509581,16309234,11163832,19931078,22266326,25134292,16533339,9065182,12372468,15104227,19931078,19931078,17983420,15120698,20063560,20190557,23302395,16249290,23472165,24012197,16084891,24571615,25912412,16750201,11912283,19055724,12029073,24648304,25912412,12934347,16150151,11020520,24127964,20137818,9102363,24018808,22884659,16616093,18849443,25912412,9065182,9043920,22563025,25996258,12934347,16202314,11020520,9886539,24127964,19467764,26054109,22447624,26409150,18222435,21397694,26054109
1410,CRYAB,25449831,2454848,11675475,12760253,15588473,10381818,19230253,9436699,26216523,18490013,16750201,19055724,20858448,20537326,24188612,23141164,22017422,10433073,9764347,8738720,15507512,25912412,25194152,20031030,24188612,19429661,25446850,22384446,19903049,19401003,24613539,17624337,24210790,9130910,24613539,17609243,15236995,14748845,18955785,16723371,18644593,15019822,16723371,16762179,17141400,18644593,15019822,25201101,23340055,22883517,22736326,25422360,24661731,22563025,11883311,16644787,12107265,22065163,23011643,17509581,16309234,11163832,19931078,22266326,25134292,16533339,9065182,12372468,15104227,19931078,19931078,17983420,15120698,20063560,20190557,23302395,16249290,23472165,24012197,16084891,24571615,25912412,16750201,11912283,19055724,12029073,24648304,25912412,12934347,16150151,11020520,24127964,20137818,9102363,24018808,22884659,16616093,18849443,25912412,9065182,9043920,22563025,25996258,12934347,16202314,11020520,9886539,24127964,19467764,26054109,22447624,26409150,18222435,21397694,26054109
1435,CSF1,25449831,2454848,11675475,12760253,15588473,10381818,19230253,9436699,26216523,18490013,16750201,19055724,20858448,20537326,24188612,23141164,22017422,10433073,9764347,8738720,15507512,25912412,25194152,20031030,24188612,19429661,25446850,22384446,19903049,19401003,24613539,17624337,24210790,9130910,24613539,17609243,15236995,14748845,18955785,16723371,18644593,15019822,16723371,16762179,17141400,18644593,15019822,25201101,23340055,22883517,22736326,25422360,24661731,22563025,11883311,16644787,12107265,22065163,23011643,17509581,16309234,11163832,19931078,22266326,25134292,16533339,9065182,12372468,15104227,19931078,19931078,17983420,15120698,20063560,20190557,23302395,16249290,23472165,24012197,16084891,24571615,25912412,16750201,11912283,19055724,12029073,24648304,25912412,12934347,16150151,11020520,24127964,20137818,9102363,24018808,22884659,16616093,18849443,25912412,9065182,9043920,22563025,25996258,12934347,16202314,11020520,9886539,24127964,19467764,26054109,22447624,26409150,18222435,21397694,26054109
1436,CSF1R,25449831,2454848,11675475,12760253,15588473,10381818,19230253,9436699,26216523,18490013,16750201,19055724,20858448,20537326,24188612,23141164,22017422,10433073,9764347,8738720,15507512,25912412,25194152,20031030,24188612,19429661,25446850,22384446,19903049,19401003,24613539,17624337,24210790,9130910,24613539,17609243,15236995,14748845,18955785,16723371,18644593,15019822,16723371,16762179,17141400,18644593,15019822,25201101,23340055,22883517,22736326,25422360,24661731,22563025,11883311,16644787,12107265,22065163,23011643,17509581,16309234,11163832,19931078,22266326,25134292,16533339,9065182,12372468,15104227,19931078,19931078,17983420,15120698,20063560,20190557,23302395,16249290,23472165,24012197,16084891,24571615,25912412,16750201,11912283,19055724,12029073,24648304,25912412,12934347,16150151,11020520,24127964,20137818,9102363,24018808,22884659,16616093,18849443,25912412,9065182,9043920,22563025,25996258,12934347,16202314,11020520,9886539,24127964,19467764,26054109,22447624,26409150,18222435,21397694,26054109
1495,CTNNA1,25449831,2454848,11675475,12760253,15588473,10381818,19230253,9436699,26216523,18490013,16750201,19055724,20858448,20537326,24188612,23141164,22017422,10433073,9764347,8738720,15507512,25912412,25194152,20031030,24188612,19429661,25446850,22384446,19903049,19401003,24613539,17624337,24210790,9130910,24613539,17609243,15236995,14748845,18955785,16723371,18644593,15019822,16723371,16762179,17141400,18644593,15019822,25201101,23340055,22883517,22736326,25422360,24661731,22563025,11883311,16644787,12107265,22065163,23011643,17509581,16309234,11163832,19931078,22266326,25134292,16533339,9065182,12372468,15104227,19931078,19931078,17983420,15120698,20063560,20190557,23302395,16249290,23472165,24012197,16084891,24571615,25912412,16750201,11912283,19055724,12029073,24648304,25912412,12934347,16150151,11020520,24127964,20137818,9102363,24018808,22884659,16616093,18849443,25912412,9065182,9043920,22563025,25996258,12934347,16202314,11020520,9886539,24127964,19467764,26054109,22447624,26409150,18222435,21397694,26054109
1499,CTNNB1,25449831,2454848,11675475,12760253,15588473,10381818,19230253,9436699,26216523,18490013,16750201,19055724,20858448,20537326,24188612,23141164,22017422,10433073,9764347,8738720,15507512,25912412,25194152,20031030,24188612,19429661,25446850,22384446,19903049,19401003,24613539,17624337,24210790,9130910,24613539,17609243,15236995,14748845,18955785,16723371,18644593,15019822,16723371,16762179,17141400,18644593,15019822,25201101,23340055,22883517,22736326,25422360,24661731,22563025,11883311,16644787,12107265,22065163,23011643,17509581,16309234,11163832,19931078,22266326,25134292,16533339,9065182,12372468,15104227,19931078,19931078,17983420,15120698,20063560,20190557,23302395,16249290,23472165,24012197,16084891,24571615,25912412,16750201,11912283,19055724,12029073,24648304,25912412,12934347,16150151,11020520,24127964,20137818,9102363,24018808,22884659,16616093,18849443,25912412,9065182,9043920,22563025,25996258,12934347,16202314,11020520,9886539,24127964,19467764,26054109,22447624,26409150,18222435,21397694,26054109
1508,CTSB,25449831,2454848,11675475,12760253,15588473,10381818,19230253,9436699,26216523,18490013,16750201,19055724,20858448,20537326,24188612,23141164,22017422,10433073,9764347,8738720,15507512,25912412,25194152,20031030,24188612,19429661,25446850,22384446,19903049,19401003,24613539,17624337,24210790,9130910,24613539,17609243,15236995,14748845,18955785,16723371,18644593,15019822,16723371,16762179,17141400,18644593,15019822,25201101,23340055,22883517,22736326,25422360,24661731,22563025,11883311,16644787,12107265,22065163,23011643,17509581,16309234,11163832,19931078,22266326,25134292,16533339,9065182,12372468,15104227,19931078,19931078,17983420,15120698,20063560,20190557,23302395,16249290,23472165,24012197,16084891,24571615,25912412,16750201,11912283,19055724,12029073,24648304,25912412,12934347,16150151,11020520,24127964,20137818,9102363,24018808,22884659,16616093,18849443,25912412,9065182,9043920,22563025,25996258,12934347,16202314,11020520,9886539,24127964,19467764,26054109,22447624,26409150,18222435,21397694,26054109
1509,CTSD,25449831,2454848,11675475,12760253,15588473,10381818,19230253,9436699,26216523,18490013,16750201,19055724,20858448,20537326,24188612,23141164,22017422,10433073,9764347,8738720,15507512,25912412,25194152,20031030,24188612,19429661,25446850,22384446,19903049,19401003,24613539,17624337,24210790,9130910,24613539,17609243,15236995,14748845,18955785,16723371,18644593,15019822,16723371,16762179,17141400,18644593,15019822,25201101,23340055,22883517,22736326,25422360,24661731,22563025,11883311,16644787,12107265,22065163,23011643,17509581,16309234,11163832,19931078,22266326,25134292,16533339,9065182,12372468,15104227,19931078,19931078,17983420,15120698,20063560,20190557,23302395,16249290,23472165,24012197,16084891,24571615,25912412,16750201,11912283,19055724,12029073,24648304,25912412,12934347,16150151,11020520,24127964,20137818,9102363,24018808,22884659,16616093,18849443,25912412,9065182,9043920,22563025,25996258,12934347,16202314,11020520,9886539,24127964,19467764,26054109,22447624,26409150,18222435,21397694,26054109
1511,CTSG,25449831,2454848,11675475,12760253,15588473,10381818,19230253,9436699,26216523,18490013,16750201,19055724,20858448,20537326,24188612,23141164,22017422,10433073,9764347,8738720,15507512,25912412,25194152,20031030,24188612,19429661,25446850,22384446,19903049,19401003,24613539,17624337,24210790,9130910,24613539,17609243,15236995,14748845,18955785,16723371,18644593,15019822,16723371,16762179,17141400,18644593,15019822,25201101,23340055,22883517,22736326,25422360,24661731,22563025,11883311,16644787,12107265,22065163,23011643,17509581,16309234,11163832,19931078,22266326,25134292,16533339,9065182,12372468,15104227,19931078,19931078,17983420,15120698,20063560,20190557,23302395,16249290,23472165,24012197,16084891,24571615,25912412,16750201,11912283,19055724,12029073,24648304,25912412,12934347,16150151,11020520,24127964,20137818,9102363,24018808,22884659,16616093,18849443,25912412,9065182,9043920,22563025,25996258,12934347,16202314,11020520,9886539,24127964,19467764,26054109,22447624,26409150,18222435,21397694,26054109
6376,CX3CL1,25449831,2454848,11675475,12760253,15588473,10381818,19230253,9436699,26216523,18490013,16750201,19055724,20858448,20537326,24188612,23141164,22017422,10433073,9764347,8738720,15507512,25912412,25194152,20031030,24188612,19429661,25446850,22384446,19903049,19401003,24613539,17624337,24210790,9130910,24613539,17609243,15236995,14748845,18955785,16723371,18644593,15019822,16723371,16762179,17141400,18644593,15019822,25201101,23340055,22883517,22736326,25422360,24661731,22563025,11883311,16644787,12107265,22065163,23011643,17509581,16309234,11163832,19931078,22266326,25134292,16533339,9065182,12372468,15104227,19931078,19931078,17983420,15120698,20063560,20190557,23302395,16249290,23472165,24012197,16084891,24571615,25912412,16750201,11912283,19055724,12029073,24648304,25912412,12934347,16150151,11020520,24127964,20137818,9102363,24018808,22884659,16616093,18849443,25912412,9065182,9043920,22563025,25996258,12934347,16202314,11020520,9886539,24127964,19467764,26054109,22447624,26409150,18222435,21397694,26054109
2697,GJA1,25449831,2454848,11675475,12760253,15588473,10381818,19230253,9436699,26216523,18490013,16750201,19055724,20858448,20537326,24188612,23141164,22017422,10433073,9764347,8738720,15507512,25912412,25194152,20031030,24188612,19429661,25446850,22384446,19903049,19401003,24613539,17624337,24210790,9130910,24613539,17609243,15236995,14748845,18955785,16723371,18644593,15019822,16723371,16762179,17141400,18644593,15019822,25201101,23340055,22883517,22736326,25422360,24661731,22563025,11883311,16644787,12107265,22065163,23011643,17509581,16309234,11163832,19931078,22266326,25134292,16533339,9065182,12372468,15104227,19931078,19931078,17983420,15120698,20063560,20190557,23302395,16249290,23472165,24012197,16084891,24571615,25912412,16750201,11912283,19055724,12029073,24648304,25912412,12934347,16150151,11020520,24127964,20137818,9102363,24018808,22884659,16616093,18849443,25912412,9065182,9043920,22563025,25996258,12934347,16202314,11020520,9886539,24127964,19467764,26054109,22447624,26409150,18222435,21397694,26054109
2919,CXCL1,25449831,2454848,11675475,12760253,15588473,10381818,19230253,9436699,26216523,18490013,16750201,19055724,20858448,20537326,24188612,23141164,22017422,10433073,9764347,8738720,15507512,25912412,25194152,20031030,24188612,19429661,25446850,22384446,19903049,19401003,24613539,17624337,24210790,9130910,24613539,17609243,15236995,14748845,18955785,16723371,18644593,15019822,16723371,16762179,17141400,18644593,15019822,25201101,23340055,22883517,22736326,25422360,24661731,22563025,11883311,16644787,12107265,22065163,23011643,17509581,16309234,11163832,19931078,22266326,25134292,16533339,9065182,12372468,15104227,19931078,19931078,17983420,15120698,20063560,20190557,23302395,16249290,23472165,24012197,16084891,24571615,25912412,16750201,11912283,19055724,12029073,24648304,25912412,12934347,16150151,11020520,24127964,20137818,9102363,24018808,22884659,16616093,18849443,25912412,9065182,9043920,22563025,25996258,12934347,16202314,11020520,9886539,24127964,19467764,26054109,22447624,26409150,18222435,21397694,26054109
3627,CXCL10,25449831,2454848,11675475,12760253,15588473,10381818,19230253,9436699,26216523,18490013,16750201,19055724,20858448,20537326,24188612,23141164,22017422,10433073,9764347,8738720,15507512,25912412,25194152,20031030,24188612,19429661,25446850,22384446,19903049,19401003,24613539,17624337,24210790,9130910,24613539,17609243,15236995,14748845,18955785,16723371,18644593,15019822,16723371,16762179,17141400,18644593,15019822,25201101,23340055,22883517,22736326,25422360,24661731,22563025,11883311,16644787,12107265,22065163,23011643,17509581,16309234,11163832,19931078,22266326,25134292,16533339,9065182,12372468,15104227,19931078,19931078,17983420,15120698,20063560,20190557,23302395,16249290,23472165,24012197,16084891,24571615,25912412,16750201,11912283,19055724,12029073,24648304,25912412,12934347,16150151,11020520,24127964,20137818,9102363,24018808,22884659,16616093,18849443,25912412,9065182,9043920,22563025,25996258,12934347,16202314,11020520,9886539,24127964,19467764,26054109,22447624,26409150,18222435,21397694,26054109
6387,CXCL12,25449831,2454848,11675475,12760253,15588473,10381818,19230253,9436699,26216523,18490013,16750201,19055724,20858448,20537326,24188612,23141164,22017422,10433073,9764347,8738720,15507512,25912412,25194152,20031030,24188612,19429661,25446850,22384446,19903049,19401003,24613539,17624337,24210790,9130910,24613539,17609243,15236995,14748845,18955785,16723371,18644593,15019822,16723371,16762179,17141400,18644593,15019822,25201101,23340055,22883517,22736326,25422360,24661731,22563025,11883311,16644787,12107265,22065163,23011643,17509581,16309234,11163832,19931078,22266326,25134292,16533339,9065182,12372468,15104227,19931078,19931078,17983420,15120698,20063560,20190557,23302395,16249290,23472165,24012197,16084891,24571615,25912412,16750201,11912283,19055724,12029073,24648304,25912412,12934347,16150151,11020520,24127964,20137818,9102363,24018808,22884659,16616093,18849443,25912412,9065182,9043920,22563025,25996258,12934347,16202314,11020520,9886539,24127964,19467764,26054109,22447624,26409150,18222435,21397694,26054109
10563,CXCL13,25449831,2454848,11675475,12760253,15588473,10381818,19230253,9436699,26216523,18490013,16750201,19055724,20858448,20537326,24188612,23141164,22017422,10433073,9764347,8738720,15507512,25912412,25194152,20031030,24188612,19429661,25446850,22384446,19903049,19401003,24613539,17624337,24210790,9130910,24613539,17609243,15236995,14748845,18955785,16723371,18644593,15019822,16723371,16762179,17141400,18644593,15019822,25201101,23340055,22883517,22736326,25422360,24661731,22563025,11883311,16644787,12107265,22065163,23011643,17509581,16309234,11163832,19931078,22266326,25134292,16533339,9065182,12372468,15104227,19931078,19931078,17983420,15120698,20063560,20190557,23302395,16249290,23472165,24012197,16084891,24571615,25912412,16750201,11912283,19055724,12029073,24648304,25912412,12934347,16150151,11020520,24127964,20137818,9102363,24018808,22884659,16616093,18849443,25912412,9065182,9043920,22563025,25996258,12934347,16202314,11020520,9886539,24127964,19467764,26054109,22447624,26409150,18222435,21397694,26054109
9547,CXCL14,25449831,2454848,11675475,12760253,15588473,10381818,19230253,9436699,26216523,18490013,16750201,19055724,20858448,20537326,24188612,23141164,22017422,10433073,9764347,8738720,15507512,25912412,25194152,20031030,24188612,19429661,25446850,22384446,19903049,19401003,24613539,17624337,24210790,9130910,24613539,17609243,15236995,14748845,18955785,16723371,18644593,15019822,16723371,16762179,17141400,18644593,15019822,25201101,23340055,22883517,22736326,25422360,24661731,22563025,11883311,16644787,12107265,22065163,23011643,17509581,16309234,11163832,19931078,22266326,25134292,16533339,9065182,12372468,15104227,19931078,19931078,17983420,15120698,20063560,20190557,23302395,16249290,23472165,24012197,16084891,24571615,25912412,16750201,11912283,19055724,12029073,24648304,25912412,12934347,16150151,11020520,24127964,20137818,9102363,24018808,22884659,16616093,18849443,25912412,9065182,9043920,22563025,25996258,12934347,16202314,11020520,9886539,24127964,19467764,26054109,22447624,26409150,18222435,21397694,26054109
58191,CXCL16,25449831,2454848,11675475,12760253,15588473,10381818,19230253,9436699,26216523,18490013,16750201,19055724,20858448,20537326,24188612,23141164,22017422,10433073,9764347,8738720,15507512,25912412,25194152,20031030,24188612,19429661,25446850,22384446,19903049,19401003,24613539,17624337,24210790,9130910,24613539,17609243,15236995,14748845,18955785,16723371,18644593,15019822,16723371,16762179,17141400,18644593,15019822,25201101,23340055,22883517,22736326,25422360,24661731,22563025,11883311,16644787,12107265,22065163,23011643,17509581,16309234,11163832,19931078,22266326,25134292,16533339,9065182,12372468,15104227,19931078,19931078,17983420,15120698,20063560,20190557,23302395,16249290,23472165,24012197,16084891,24571615,25912412,16750201,11912283,19055724,12029073,24648304,25912412,12934347,16150151,11020520,24127964,20137818,9102363,24018808,22884659,16616093,18849443,25912412,9065182,9043920,22563025,25996258,12934347,16202314,11020520,9886539,24127964,19467764,26054109,22447624,26409150,18222435,21397694,26054109
3576,CXCL8,25449831,2454848,11675475,12760253,15588473,10381818,19230253,9436699,26216523,18490013,16750201,19055724,20858448,20537326,24188612,23141164,22017422,10433073,9764347,8738720,15507512,25912412,25194152,20031030,24188612,19429661,25446850,22384446,19903049,19401003,24613539,17624337,24210790,9130910,24613539,17609243,15236995,14748845,18955785,16723371,18644593,15019822,16723371,16762179,17141400,18644593,15019822,25201101,23340055,22883517,22736326,25422360,24661731,22563025,11883311,16644787,12107265,22065163,23011643,17509581,16309234,11163832,19931078,22266326,25134292,16533339,9065182,12372468,15104227,19931078,19931078,17983420,15120698,20063560,20190557,23302395,16249290,23472165,24012197,16084891,24571615,25912412,16750201,11912283,19055724,12029073,24648304,25912412,12934347,16150151,11020520,24127964,20137818,9102363,24018808,22884659,16616093,18849443,25912412,9065182,9043920,22563025,25996258,12934347,16202314,11020520,9886539,24127964,19467764,26054109,22447624,26409150,18222435,21397694,26054109
3577,CXCR1,25449831,2454848,11675475,12760253,15588473,10381818,19230253,9436699,26216523,18490013,16750201,19055724,20858448,20537326,24188612,23141164,22017422,10433073,9764347,8738720,15507512,25912412,25194152,20031030,24188612,19429661,25446850,22384446,19903049,19401003,24613539,17624337,24210790,9130910,24613539,17609243,15236995,14748845,18955785,16723371,18644593,15019822,16723371,16762179,17141400,18644593,15019822,25201101,23340055,22883517,22736326,25422360,24661731,22563025,11883311,16644787,12107265,22065163,23011643,17509581,16309234,11163832,19931078,22266326,25134292,16533339,9065182,12372468,15104227,19931078,19931078,17983420,15120698,20063560,20190557,23302395,16249290,23472165,24012197,16084891,24571615,25912412,16750201,11912283,19055724,12029073,24648304,25912412,12934347,16150151,11020520,24127964,20137818,9102363,24018808,22884659,16616093,18849443,25912412,9065182,9043920,22563025,25996258,12934347,16202314,11020520,9886539,24127964,19467764,26054109,22447624,26409150,18222435,21397694,26054109
3579,CXCR2,25449831,2454848,11675475,12760253,15588473,10381818,19230253,9436699,26216523,18490013,16750201,19055724,20858448,20537326,24188612,23141164,22017422,10433073,9764347,8738720,15507512,25912412,25194152,20031030,24188612,19429661,25446850,22384446,19903049,19401003,24613539,17624337,24210790,9130910,24613539,17609243,15236995,14748845,18955785,16723371,18644593,15019822,16723371,16762179,17141400,18644593,15019822,25201101,23340055,22883517,22736326,25422360,24661731,22563025,11883311,16644787,12107265,22065163,23011643,17509581,16309234,11163832,19931078,22266326,25134292,16533339,9065182,12372468,15104227,19931078,19931078,17983420,15120698,20063560,20190557,23302395,16249290,23472165,24012197,16084891,24571615,25912412,16750201,11912283,19055724,12029073,24648304,25912412,12934347,16150151,11020520,24127964,20137818,9102363,24018808,22884659,16616093,18849443,25912412,9065182,9043920,22563025,25996258,12934347,16202314,11020520,9886539,24127964,19467764,26054109,22447624,26409150,18222435,21397694,26054109
2833,CXCR3,25449831,2454848,11675475,12760253,15588473,10381818,19230253,9436699,26216523,18490013,16750201,19055724,20858448,20537326,24188612,23141164,22017422,10433073,9764347,8738720,15507512,25912412,25194152,20031030,24188612,19429661,25446850,22384446,19903049,19401003,24613539,17624337,24210790,9130910,24613539,17609243,15236995,14748845,18955785,16723371,18644593,15019822,16723371,16762179,17141400,18644593,15019822,25201101,23340055,22883517,22736326,25422360,24661731,22563025,11883311,16644787,12107265,22065163,23011643,17509581,16309234,11163832,19931078,22266326,25134292,16533339,9065182,12372468,15104227,19931078,19931078,17983420,15120698,20063560,20190557,23302395,16249290,23472165,24012197,16084891,24571615,25912412,16750201,11912283,19055724,12029073,24648304,25912412,12934347,16150151,11020520,24127964,20137818,9102363,24018808,22884659,16616093,18849443,25912412,9065182,9043920,22563025,25996258,12934347,16202314,11020520,9886539,24127964,19467764,26054109,22447624,26409150,18222435,21397694,26054109
7852,CXCR4,25449831,2454848,11675475,12760253,15588473,10381818,19230253,9436699,26216523,18490013,16750201,19055724,20858448,20537326,24188612,23141164,22017422,10433073,9764347,8738720,15507512,25912412,25194152,20031030,24188612,19429661,25446850,22384446,19903049,19401003,24613539,17624337,24210790,9130910,24613539,17609243,15236995,14748845,18955785,16723371,18644593,15019822,16723371,16762179,17141400,18644593,15019822,25201101,23340055,22883517,22736326,25422360,24661731,22563025,11883311,16644787,12107265,22065163,23011643,17509581,16309234,11163832,19931078,22266326,25134292,16533339,9065182,12372468,15104227,19931078,19931078,17983420,15120698,20063560,20190557,23302395,16249290,23472165,24012197,16084891,24571615,25912412,16750201,11912283,19055724,12029073,24648304,25912412,12934347,16150151,11020520,24127964,20137818,9102363,24018808,22884659,16616093,18849443,25912412,9065182,9043920,22563025,25996258,12934347,16202314,11020520,9886539,24127964,19467764,26054109,22447624,26409150,18222435,21397694,26054109
10663,CXCR6,25449831,2454848,11675475,12760253,15588473,10381818,19230253,9436699,26216523,18490013,16750201,19055724,20858448,20537326,24188612,23141164,22017422,10433073,9764347,8738720,15507512,25912412,25194152,20031030,24188612,19429661,25446850,22384446,19903049,19401003,24613539,17624337,24210790,9130910,24613539,17609243,15236995,14748845,18955785,16723371,18644593,15019822,16723371,16762179,17141400,18644593,15019822,25201101,23340055,22883517,22736326,25422360,24661731,22563025,11883311,16644787,12107265,22065163,23011643,17509581,16309234,11163832,19931078,22266326,25134292,16533339,9065182,12372468,15104227,19931078,19931078,17983420,15120698,20063560,20190557,23302395,16249290,23472165,24012197,16084891,24571615,25912412,16750201,11912283,19055724,12029073,24648304,25912412,12934347,16150151,11020520,24127964,20137818,9102363,24018808,22884659,16616093,18849443,25912412,9065182,9043920,22563025,25996258,12934347,16202314,11020520,9886539,24127964,19467764,26054109,22447624,26409150,18222435,21397694,26054109
1586,CYP17A1,25449831,2454848,11675475,12760253,15588473,10381818,19230253,9436699,26216523,18490013,16750201,19055724,20858448,20537326,24188612,23141164,22017422,10433073,9764347,8738720,15507512,25912412,25194152,20031030,24188612,19429661,25446850,22384446,19903049,19401003,24613539,17624337,24210790,9130910,24613539,17609243,15236995,14748845,18955785,16723371,18644593,15019822,16723371,16762179,17141400,18644593,15019822,25201101,23340055,22883517,22736326,25422360,24661731,22563025,11883311,16644787,12107265,22065163,23011643,17509581,16309234,11163832,19931078,22266326,25134292,16533339,9065182,12372468,15104227,19931078,19931078,17983420,15120698,20063560,20190557,23302395,16249290,23472165,24012197,16084891,24571615,25912412,16750201,11912283,19055724,12029073,24648304,25912412,12934347,16150151,11020520,24127964,20137818,9102363,24018808,22884659,16616093,18849443,25912412,9065182,9043920,22563025,25996258,12934347,16202314,11020520,9886539,24127964,19467764,26054109,22447624,26409150,18222435,21397694,26054109
1544,CYP1A2,25449831,2454848,11675475,12760253,15588473,10381818,19230253,9436699,26216523,18490013,16750201,19055724,20858448,20537326,24188612,23141164,22017422,10433073,9764347,8738720,15507512,25912412,25194152,20031030,24188612,19429661,25446850,22384446,19903049,19401003,24613539,17624337,24210790,9130910,24613539,17609243,15236995,14748845,18955785,16723371,18644593,15019822,16723371,16762179,17141400,18644593,15019822,25201101,23340055,22883517,22736326,25422360,24661731,22563025,11883311,16644787,12107265,22065163,23011643,17509581,16309234,11163832,19931078,22266326,25134292,16533339,9065182,12372468,15104227,19931078,19931078,17983420,15120698,20063560,20190557,23302395,16249290,23472165,24012197,16084891,24571615,25912412,16750201,11912283,19055724,12029073,24648304,25912412,12934347,16150151,11020520,24127964,20137818,9102363,24018808,22884659,16616093,18849443,25912412,9065182,9043920,22563025,25996258,12934347,16202314,11020520,9886539,24127964,19467764,26054109,22447624,26409150,18222435,21397694,26054109
1545,CYP1B1,25449831,2454848,11675475,12760253,15588473,10381818,19230253,9436699,26216523,18490013,16750201,19055724,20858448,20537326,24188612,23141164,22017422,10433073,9764347,8738720,15507512,25912412,25194152,20031030,24188612,19429661,25446850,22384446,19903049,19401003,24613539,17624337,24210790,9130910,24613539,17609243,15236995,14748845,18955785,16723371,18644593,15019822,16723371,16762179,17141400,18644593,15019822,25201101,23340055,22883517,22736326,25422360,24661731,22563025,11883311,16644787,12107265,22065163,23011643,17509581,16309234,11163832,19931078,22266326,25134292,16533339,9065182,12372468,15104227,19931078,19931078,17983420,15120698,20063560,20190557,23302395,16249290,23472165,24012197,16084891,24571615,25912412,16750201,11912283,19055724,12029073,24648304,25912412,12934347,16150151,11020520,24127964,20137818,9102363,24018808,22884659,16616093,18849443,25912412,9065182,9043920,22563025,25996258,12934347,16202314,11020520,9886539,24127964,19467764,26054109,22447624,26409150,18222435,21397694,26054109
1592,CYP26A1,25449831,2454848,11675475,12760253,15588473,10381818,19230253,9436699,26216523,18490013,16750201,19055724,20858448,20537326,24188612,23141164,22017422,10433073,9764347,8738720,15507512,25912412,25194152,20031030,24188612,19429661,25446850,22384446,19903049,19401003,24613539,17624337,24210790,9130910,24613539,17609243,15236995,14748845,18955785,16723371,18644593,15019822,16723371,16762179,17141400,18644593,15019822,25201101,23340055,22883517,22736326,25422360,24661731,22563025,11883311,16644787,12107265,22065163,23011643,17509581,16309234,11163832,19931078,22266326,25134292,16533339,9065182,12372468,15104227,19931078,19931078,17983420,15120698,20063560,20190557,23302395,16249290,23472165,24012197,16084891,24571615,25912412,16750201,11912283,19055724,12029073,24648304,25912412,12934347,16150151,11020520,24127964,20137818,9102363,24018808,22884659,16616093,18849443,25912412,9065182,9043920,22563025,25996258,12934347,16202314,11020520,9886539,24127964,19467764,26054109,22447624,26409150,18222435,21397694,26054109
1555,CYP2B6,25449831,2454848,11675475,12760253,15588473,10381818,19230253,9436699,26216523,18490013,16750201,19055724,20858448,20537326,24188612,23141164,22017422,10433073,9764347,8738720,15507512,25912412,25194152,20031030,24188612,19429661,25446850,22384446,19903049,19401003,24613539,17624337,24210790,9130910,24613539,17609243,15236995,14748845,18955785,16723371,18644593,15019822,16723371,16762179,17141400,18644593,15019822,25201101,23340055,22883517,22736326,25422360,24661731,22563025,11883311,16644787,12107265,22065163,23011643,17509581,16309234,11163832,19931078,22266326,25134292,16533339,9065182,12372468,15104227,19931078,19931078,17983420,15120698,20063560,20190557,23302395,16249290,23472165,24012197,16084891,24571615,25912412,16750201,11912283,19055724,12029073,24648304,25912412,12934347,16150151,11020520,24127964,20137818,9102363,24018808,22884659,16616093,18849443,25912412,9065182,9043920,22563025,25996258,12934347,16202314,11020520,9886539,24127964,19467764,26054109,22447624,26409150,18222435,21397694,26054109
1557,CYP2C19,25449831,2454848,11675475,12760253,15588473,10381818,19230253,9436699,26216523,18490013,16750201,19055724,20858448,20537326,24188612,23141164,22017422,10433073,9764347,8738720,15507512,25912412,25194152,20031030,24188612,19429661,25446850,22384446,19903049,19401003,24613539,17624337,24210790,9130910,24613539,17609243,15236995,14748845,18955785,16723371,18644593,15019822,16723371,16762179,17141400,18644593,15019822,25201101,23340055,22883517,22736326,25422360,24661731,22563025,11883311,16644787,12107265,22065163,23011643,17509581,16309234,11163832,19931078,22266326,25134292,16533339,9065182,12372468,15104227,19931078,19931078,17983420,15120698,20063560,20190557,23302395,16249290,23472165,24012197,16084891,24571615,25912412,16750201,11912283,19055724,12029073,24648304,25912412,12934347,16150151,11020520,24127964,20137818,9102363,24018808,22884659,16616093,18849443,25912412,9065182,9043920,22563025,25996258,12934347,16202314,11020520,9886539,24127964,19467764,26054109,22447624,26409150,18222435,21397694,26054109
3491,CYR61,25449831,2454848,11675475,12760253,15588473,10381818,19230253,9436699,26216523,18490013,16750201,19055724,20858448,20537326,24188612,23141164,22017422,10433073,9764347,8738720,15507512,25912412,25194152,20031030,24188612,19429661,25446850,22384446,19903049,19401003,24613539,17624337,24210790,9130910,24613539,17609243,15236995,14748845,18955785,16723371,18644593,15019822,16723371,16762179,17141400,18644593,15019822,25201101,23340055,22883517,22736326,25422360,24661731,22563025,11883311,16644787,12107265,22065163,23011643,17509581,16309234,11163832,19931078,22266326,25134292,16533339,9065182,12372468,15104227,19931078,19931078,17983420,15120698,20063560,20190557,23302395,16249290,23472165,24012197,16084891,24571615,25912412,16750201,11912283,19055724,12029073,24648304,25912412,12934347,16150151,11020520,24127964,20137818,9102363,24018808,22884659,16616093,18849443,25912412,9065182,9043920,22563025,25996258,12934347,16202314,11020520,9886539,24127964,19467764,26054109,22447624,26409150,18222435,21397694,26054109
1603,DAD1,25449831,2454848,11675475,12760253,15588473,10381818,19230253,9436699,26216523,18490013,16750201,19055724,20858448,20537326,24188612,23141164,22017422,10433073,9764347,8738720,15507512,25912412,25194152,20031030,24188612,19429661,25446850,22384446,19903049,19401003,24613539,17624337,24210790,9130910,24613539,17609243,15236995,14748845,18955785,16723371,18644593,15019822,16723371,16762179,17141400,18644593,15019822,25201101,23340055,22883517,22736326,25422360,24661731,22563025,11883311,16644787,12107265,22065163,23011643,17509581,16309234,11163832,19931078,22266326,25134292,16533339,9065182,12372468,15104227,19931078,19931078,17983420,15120698,20063560,20190557,23302395,16249290,23472165,24012197,16084891,24571615,25912412,16750201,11912283,19055724,12029073,24648304,25912412,12934347,16150151,11020520,24127964,20137818,9102363,24018808,22884659,16616093,18849443,25912412,9065182,9043920,22563025,25996258,12934347,16202314,11020520,9886539,24127964,19467764,26054109,22447624,26409150,18222435,21397694,26054109
1673,DEFB4A,25449831,2454848,11675475,12760253,15588473,10381818,19230253,9436699,26216523,18490013,16750201,19055724,20858448,20537326,24188612,23141164,22017422,10433073,9764347,8738720,15507512,25912412,25194152,20031030,24188612,19429661,25446850,22384446,19903049,19401003,24613539,17624337,24210790,9130910,24613539,17609243,15236995,14748845,18955785,16723371,18644593,15019822,16723371,16762179,17141400,18644593,15019822,25201101,23340055,22883517,22736326,25422360,24661731,22563025,11883311,16644787,12107265,22065163,23011643,17509581,16309234,11163832,19931078,22266326,25134292,16533339,9065182,12372468,15104227,19931078,19931078,17983420,15120698,20063560,20190557,23302395,16249290,23472165,24012197,16084891,24571615,25912412,16750201,11912283,19055724,12029073,24648304,25912412,12934347,16150151,11020520,24127964,20137818,9102363,24018808,22884659,16616093,18849443,25912412,9065182,9043920,22563025,25996258,12934347,16202314,11020520,9886539,24127964,19467764,26054109,22447624,26409150,18222435,21397694,26054109
23405,DICER1,25449831,2454848,11675475,12760253,15588473,10381818,19230253,9436699,26216523,18490013,16750201,19055724,20858448,20537326,24188612,23141164,22017422,10433073,9764347,8738720,15507512,25912412,25194152,20031030,24188612,19429661,25446850,22384446,19903049,19401003,24613539,17624337,24210790,9130910,24613539,17609243,15236995,14748845,18955785,16723371,18644593,15019822,16723371,16762179,17141400,18644593,15019822,25201101,23340055,22883517,22736326,25422360,24661731,22563025,11883311,16644787,12107265,22065163,23011643,17509581,16309234,11163832,19931078,22266326,25134292,16533339,9065182,12372468,15104227,19931078,19931078,17983420,15120698,20063560,20190557,23302395,16249290,23472165,24012197,16084891,24571615,25912412,16750201,11912283,19055724,12029073,24648304,25912412,12934347,16150151,11020520,24127964,20137818,9102363,24018808,22884659,16616093,18849443,25912412,9065182,9043920,22563025,25996258,12934347,16202314,11020520,9886539,24127964,19467764,26054109,22447624,26409150,18222435,21397694,26054109
11315,PARK7,25449831,2454848,11675475,12760253,15588473,10381818,19230253,9436699,26216523,18490013,16750201,19055724,20858448,20537326,24188612,23141164,22017422,10433073,9764347,8738720,15507512,25912412,25194152,20031030,24188612,19429661,25446850,22384446,19903049,19401003,24613539,17624337,24210790,9130910,24613539,17609243,15236995,14748845,18955785,16723371,18644593,15019822,16723371,16762179,17141400,18644593,15019822,25201101,23340055,22883517,22736326,25422360,24661731,22563025,11883311,16644787,12107265,22065163,23011643,17509581,16309234,11163832,19931078,22266326,25134292,16533339,9065182,12372468,15104227,19931078,19931078,17983420,15120698,20063560,20190557,23302395,16249290,23472165,24012197,16084891,24571615,25912412,16750201,11912283,19055724,12029073,24648304,25912412,12934347,16150151,11020520,24127964,20137818,9102363,24018808,22884659,16616093,18849443,25912412,9065182,9043920,22563025,25996258,12934347,16202314,11020520,9886539,24127964,19467764,26054109,22447624,26409150,18222435,21397694,26054109
22943,DKK1,25449831,2454848,11675475,12760253,15588473,10381818,19230253,9436699,26216523,18490013,16750201,19055724,20858448,20537326,24188612,23141164,22017422,10433073,9764347,8738720,15507512,25912412,25194152,20031030,24188612,19429661,25446850,22384446,19903049,19401003,24613539,17624337,24210790,9130910,24613539,17609243,15236995,14748845,18955785,16723371,18644593,15019822,16723371,16762179,17141400,18644593,15019822,25201101,23340055,22883517,22736326,25422360,24661731,22563025,11883311,16644787,12107265,22065163,23011643,17509581,16309234,11163832,19931078,22266326,25134292,16533339,9065182,12372468,15104227,19931078,19931078,17983420,15120698,20063560,20190557,23302395,16249290,23472165,24012197,16084891,24571615,25912412,16750201,11912283,19055724,12029073,24648304,25912412,12934347,16150151,11020520,24127964,20137818,9102363,24018808,22884659,16616093,18849443,25912412,9065182,9043920,22563025,25996258,12934347,16202314,11020520,9886539,24127964,19467764,26054109,22447624,26409150,18222435,21397694,26054109
54567,DLL4,25449831,2454848,11675475,12760253,15588473,10381818,19230253,9436699,26216523,18490013,16750201,19055724,20858448,20537326,24188612,23141164,22017422,10433073,9764347,8738720,15507512,25912412,25194152,20031030,24188612,19429661,25446850,22384446,19903049,19401003,24613539,17624337,24210790,9130910,24613539,17609243,15236995,14748845,18955785,16723371,18644593,15019822,16723371,16762179,17141400,18644593,15019822,25201101,23340055,22883517,22736326,25422360,24661731,22563025,11883311,16644787,12107265,22065163,23011643,17509581,16309234,11163832,19931078,22266326,25134292,16533339,9065182,12372468,15104227,19931078,19931078,17983420,15120698,20063560,20190557,23302395,16249290,23472165,24012197,16084891,24571615,25912412,16750201,11912283,19055724,12029073,24648304,25912412,12934347,16150151,11020520,24127964,20137818,9102363,24018808,22884659,16616093,18849443,25912412,9065182,9043920,22563025,25996258,12934347,16202314,11020520,9886539,24127964,19467764,26054109,22447624,26409150,18222435,21397694,26054109
1749,DLX5,25449831,2454848,11675475,12760253,15588473,10381818,19230253,9436699,26216523,18490013,16750201,19055724,20858448,20537326,24188612,23141164,22017422,10433073,9764347,8738720,15507512,25912412,25194152,20031030,24188612,19429661,25446850,22384446,19903049,19401003,24613539,17624337,24210790,9130910,24613539,17609243,15236995,14748845,18955785,16723371,18644593,15019822,16723371,16762179,17141400,18644593,15019822,25201101,23340055,22883517,22736326,25422360,24661731,22563025,11883311,16644787,12107265,22065163,23011643,17509581,16309234,11163832,19931078,22266326,25134292,16533339,9065182,12372468,15104227,19931078,19931078,17983420,15120698,20063560,20190557,23302395,16249290,23472165,24012197,16084891,24571615,25912412,16750201,11912283,19055724,12029073,24648304,25912412,12934347,16150151,11020520,24127964,20137818,9102363,24018808,22884659,16616093,18849443,25912412,9065182,9043920,22563025,25996258,12934347,16202314,11020520,9886539,24127964,19467764,26054109,22447624,26409150,18222435,21397694,26054109
1786,DNMT1,25449831,2454848,11675475,12760253,15588473,10381818,19230253,9436699,26216523,18490013,16750201,19055724,20858448,20537326,24188612,23141164,22017422,10433073,9764347,8738720,15507512,25912412,25194152,20031030,24188612,19429661,25446850,22384446,19903049,19401003,24613539,17624337,24210790,9130910,24613539,17609243,15236995,14748845,18955785,16723371,18644593,15019822,16723371,16762179,17141400,18644593,15019822,25201101,23340055,22883517,22736326,25422360,24661731,22563025,11883311,16644787,12107265,22065163,23011643,17509581,16309234,11163832,19931078,22266326,25134292,16533339,9065182,12372468,15104227,19931078,19931078,17983420,15120698,20063560,20190557,23302395,16249290,23472165,24012197,16084891,24571615,25912412,16750201,11912283,19055724,12029073,24648304,25912412,12934347,16150151,11020520,24127964,20137818,9102363,24018808,22884659,16616093,18849443,25912412,9065182,9043920,22563025,25996258,12934347,16202314,11020520,9886539,24127964,19467764,26054109,22447624,26409150,18222435,21397694,26054109
1788,DNMT3A,25449831,2454848,11675475,12760253,15588473,10381818,19230253,9436699,26216523,18490013,16750201,19055724,20858448,20537326,24188612,23141164,22017422,10433073,9764347,8738720,15507512,25912412,25194152,20031030,24188612,19429661,25446850,22384446,19903049,19401003,24613539,17624337,24210790,9130910,24613539,17609243,15236995,14748845,18955785,16723371,18644593,15019822,16723371,16762179,17141400,18644593,15019822,25201101,23340055,22883517,22736326,25422360,24661731,22563025,11883311,16644787,12107265,22065163,23011643,17509581,16309234,11163832,19931078,22266326,25134292,16533339,9065182,12372468,15104227,19931078,19931078,17983420,15120698,20063560,20190557,23302395,16249290,23472165,24012197,16084891,24571615,25912412,16750201,11912283,19055724,12029073,24648304,25912412,12934347,16150151,11020520,24127964,20137818,9102363,24018808,22884659,16616093,18849443,25912412,9065182,9043920,22563025,25996258,12934347,16202314,11020520,9886539,24127964,19467764,26054109,22447624,26409150,18222435,21397694,26054109
1789,DNMT3B,25449831,2454848,11675475,12760253,15588473,10381818,19230253,9436699,26216523,18490013,16750201,19055724,20858448,20537326,24188612,23141164,22017422,10433073,9764347,8738720,15507512,25912412,25194152,20031030,24188612,19429661,25446850,22384446,19903049,19401003,24613539,17624337,24210790,9130910,24613539,17609243,15236995,14748845,18955785,16723371,18644593,15019822,16723371,16762179,17141400,18644593,15019822,25201101,23340055,22883517,22736326,25422360,24661731,22563025,11883311,16644787,12107265,22065163,23011643,17509581,16309234,11163832,19931078,22266326,25134292,16533339,9065182,12372468,15104227,19931078,19931078,17983420,15120698,20063560,20190557,23302395,16249290,23472165,24012197,16084891,24571615,25912412,16750201,11912283,19055724,12029073,24648304,25912412,12934347,16150151,11020520,24127964,20137818,9102363,24018808,22884659,16616093,18849443,25912412,9065182,9043920,22563025,25996258,12934347,16202314,11020520,9886539,24127964,19467764,26054109,22447624,26409150,18222435,21397694,26054109
29947,DNMT3L,25449831,2454848,11675475,12760253,15588473,10381818,19230253,9436699,26216523,18490013,16750201,19055724,20858448,20537326,24188612,23141164,22017422,10433073,9764347,8738720,15507512,25912412,25194152,20031030,24188612,19429661,25446850,22384446,19903049,19401003,24613539,17624337,24210790,9130910,24613539,17609243,15236995,14748845,18955785,16723371,18644593,15019822,16723371,16762179,17141400,18644593,15019822,25201101,23340055,22883517,22736326,25422360,24661731,22563025,11883311,16644787,12107265,22065163,23011643,17509581,16309234,11163832,19931078,22266326,25134292,16533339,9065182,12372468,15104227,19931078,19931078,17983420,15120698,20063560,20190557,23302395,16249290,23472165,24012197,16084891,24571615,25912412,16750201,11912283,19055724,12029073,24648304,25912412,12934347,16150151,11020520,24127964,20137818,9102363,24018808,22884659,16616093,18849443,25912412,9065182,9043920,22563025,25996258,12934347,16202314,11020520,9886539,24127964,19467764,26054109,22447624,26409150,18222435,21397694,26054109
1804,DPP6,25449831,2454848,11675475,12760253,15588473,10381818,19230253,9436699,26216523,18490013,16750201,19055724,20858448,20537326,24188612,23141164,22017422,10433073,9764347,8738720,15507512,25912412,25194152,20031030,24188612,19429661,25446850,22384446,19903049,19401003,24613539,17624337,24210790,9130910,24613539,17609243,15236995,14748845,18955785,16723371,18644593,15019822,16723371,16762179,17141400,18644593,15019822,25201101,23340055,22883517,22736326,25422360,24661731,22563025,11883311,16644787,12107265,22065163,23011643,17509581,16309234,11163832,19931078,22266326,25134292,16533339,9065182,12372468,15104227,19931078,19931078,17983420,15120698,20063560,20190557,23302395,16249290,23472165,24012197,16084891,24571615,25912412,16750201,11912283,19055724,12029073,24648304,25912412,12934347,16150151,11020520,24127964,20137818,9102363,24018808,22884659,16616093,18849443,25912412,9065182,9043920,22563025,25996258,12934347,16202314,11020520,9886539,24127964,19467764,26054109,22447624,26409150,18222435,21397694,26054109
27242,TNFRSF21,25449831,2454848,11675475,12760253,15588473,10381818,19230253,9436699,26216523,18490013,16750201,19055724,20858448,20537326,24188612,23141164,22017422,10433073,9764347,8738720,15507512,25912412,25194152,20031030,24188612,19429661,25446850,22384446,19903049,19401003,24613539,17624337,24210790,9130910,24613539,17609243,15236995,14748845,18955785,16723371,18644593,15019822,16723371,16762179,17141400,18644593,15019822,25201101,23340055,22883517,22736326,25422360,24661731,22563025,11883311,16644787,12107265,22065163,23011643,17509581,16309234,11163832,19931078,22266326,25134292,16533339,9065182,12372468,15104227,19931078,19931078,17983420,15120698,20063560,20190557,23302395,16249290,23472165,24012197,16084891,24571615,25912412,16750201,11912283,19055724,12029073,24648304,25912412,12934347,16150151,11020520,24127964,20137818,9102363,24018808,22884659,16616093,18849443,25912412,9065182,9043920,22563025,25996258,12934347,16202314,11020520,9886539,24127964,19467764,26054109,22447624,26409150,18222435,21397694,26054109
1813,DRD2,25449831,2454848,11675475,12760253,15588473,10381818,19230253,9436699,26216523,18490013,16750201,19055724,20858448,20537326,24188612,23141164,22017422,10433073,9764347,8738720,15507512,25912412,25194152,20031030,24188612,19429661,25446850,22384446,19903049,19401003,24613539,17624337,24210790,9130910,24613539,17609243,15236995,14748845,18955785,16723371,18644593,15019822,16723371,16762179,17141400,18644593,15019822,25201101,23340055,22883517,22736326,25422360,24661731,22563025,11883311,16644787,12107265,22065163,23011643,17509581,16309234,11163832,19931078,22266326,25134292,16533339,9065182,12372468,15104227,19931078,19931078,17983420,15120698,20063560,20190557,23302395,16249290,23472165,24012197,16084891,24571615,25912412,16750201,11912283,19055724,12029073,24648304,25912412,12934347,16150151,11020520,24127964,20137818,9102363,24018808,22884659,16616093,18849443,25912412,9065182,9043920,22563025,25996258,12934347,16202314,11020520,9886539,24127964,19467764,26054109,22447624,26409150,18222435,21397694,26054109
1844,DUSP2,25449831,2454848,11675475,12760253,15588473,10381818,19230253,9436699,26216523,18490013,16750201,19055724,20858448,20537326,24188612,23141164,22017422,10433073,9764347,8738720,15507512,25912412,25194152,20031030,24188612,19429661,25446850,22384446,19903049,19401003,24613539,17624337,24210790,9130910,24613539,17609243,15236995,14748845,18955785,16723371,18644593,15019822,16723371,16762179,17141400,18644593,15019822,25201101,23340055,22883517,22736326,25422360,24661731,22563025,11883311,16644787,12107265,22065163,23011643,17509581,16309234,11163832,19931078,22266326,25134292,16533339,9065182,12372468,15104227,19931078,19931078,17983420,15120698,20063560,20190557,23302395,16249290,23472165,24012197,16084891,24571615,25912412,16750201,11912283,19055724,12029073,24648304,25912412,12934347,16150151,11020520,24127964,20137818,9102363,24018808,22884659,16616093,18849443,25912412,9065182,9043920,22563025,25996258,12934347,16202314,11020520,9886539,24127964,19467764,26054109,22447624,26409150,18222435,21397694,26054109
1906,EDN1,25449831,2454848,11675475,12760253,15588473,10381818,19230253,9436699,26216523,18490013,16750201,19055724,20858448,20537326,24188612,23141164,22017422,10433073,9764347,8738720,15507512,25912412,25194152,20031030,24188612,19429661,25446850,22384446,19903049,19401003,24613539,17624337,24210790,9130910,24613539,17609243,15236995,14748845,18955785,16723371,18644593,15019822,16723371,16762179,17141400,18644593,15019822,25201101,23340055,22883517,22736326,25422360,24661731,22563025,11883311,16644787,12107265,22065163,23011643,17509581,16309234,11163832,19931078,22266326,25134292,16533339,9065182,12372468,15104227,19931078,19931078,17983420,15120698,20063560,20190557,23302395,16249290,23472165,24012197,16084891,24571615,25912412,16750201,11912283,19055724,12029073,24648304,25912412,12934347,16150151,11020520,24127964,20137818,9102363,24018808,22884659,16616093,18849443,25912412,9065182,9043920,22563025,25996258,12934347,16202314,11020520,9886539,24127964,19467764,26054109,22447624,26409150,18222435,21397694,26054109
1909,EDNRA,25449831,2454848,11675475,12760253,15588473,10381818,19230253,9436699,26216523,18490013,16750201,19055724,20858448,20537326,24188612,23141164,22017422,10433073,9764347,8738720,15507512,25912412,25194152,20031030,24188612,19429661,25446850,22384446,19903049,19401003,24613539,17624337,24210790,9130910,24613539,17609243,15236995,14748845,18955785,16723371,18644593,15019822,16723371,16762179,17141400,18644593,15019822,25201101,23340055,22883517,22736326,25422360,24661731,22563025,11883311,16644787,12107265,22065163,23011643,17509581,16309234,11163832,19931078,22266326,25134292,16533339,9065182,12372468,15104227,19931078,19931078,17983420,15120698,20063560,20190557,23302395,16249290,23472165,24012197,16084891,24571615,25912412,16750201,11912283,19055724,12029073,24648304,25912412,12934347,16150151,11020520,24127964,20137818,9102363,24018808,22884659,16616093,18849443,25912412,9065182,9043920,22563025,25996258,12934347,16202314,11020520,9886539,24127964,19467764,26054109,22447624,26409150,18222435,21397694,26054109
1942,EFNA1,25449831,2454848,11675475,12760253,15588473,10381818,19230253,9436699,26216523,18490013,16750201,19055724,20858448,20537326,24188612,23141164,22017422,10433073,9764347,8738720,15507512,25912412,25194152,20031030,24188612,19429661,25446850,22384446,19903049,19401003,24613539,17624337,24210790,9130910,24613539,17609243,15236995,14748845,18955785,16723371,18644593,15019822,16723371,16762179,17141400,18644593,15019822,25201101,23340055,22883517,22736326,25422360,24661731,22563025,11883311,16644787,12107265,22065163,23011643,17509581,16309234,11163832,19931078,22266326,25134292,16533339,9065182,12372468,15104227,19931078,19931078,17983420,15120698,20063560,20190557,23302395,16249290,23472165,24012197,16084891,24571615,25912412,16750201,11912283,19055724,12029073,24648304,25912412,12934347,16150151,11020520,24127964,20137818,9102363,24018808,22884659,16616093,18849443,25912412,9065182,9043920,22563025,25996258,12934347,16202314,11020520,9886539,24127964,19467764,26054109,22447624,26409150,18222435,21397694,26054109
1950,EGF,25449831,2454848,11675475,12760253,15588473,10381818,19230253,9436699,26216523,18490013,16750201,19055724,20858448,20537326,24188612,23141164,22017422,10433073,9764347,8738720,15507512,25912412,25194152,20031030,24188612,19429661,25446850,22384446,19903049,19401003,24613539,17624337,24210790,9130910,24613539,17609243,15236995,14748845,18955785,16723371,18644593,15019822,16723371,16762179,17141400,18644593,15019822,25201101,23340055,22883517,22736326,25422360,24661731,22563025,11883311,16644787,12107265,22065163,23011643,17509581,16309234,11163832,19931078,22266326,25134292,16533339,9065182,12372468,15104227,19931078,19931078,17983420,15120698,20063560,20190557,23302395,16249290,23472165,24012197,16084891,24571615,25912412,16750201,11912283,19055724,12029073,24648304,25912412,12934347,16150151,11020520,24127964,20137818,9102363,24018808,22884659,16616093,18849443,25912412,9065182,9043920,22563025,25996258,12934347,16202314,11020520,9886539,24127964,19467764,26054109,22447624,26409150,18222435,21397694,26054109
1956,EGFR,25449831,2454848,11675475,12760253,15588473,10381818,19230253,9436699,26216523,18490013,16750201,19055724,20858448,20537326,24188612,23141164,22017422,10433073,9764347,8738720,15507512,25912412,25194152,20031030,24188612,19429661,25446850,22384446,19903049,19401003,24613539,17624337,24210790,9130910,24613539,17609243,15236995,14748845,18955785,16723371,18644593,15019822,16723371,16762179,17141400,18644593,15019822,25201101,23340055,22883517,22736326,25422360,24661731,22563025,11883311,16644787,12107265,22065163,23011643,17509581,16309234,11163832,19931078,22266326,25134292,16533339,9065182,12372468,15104227,19931078,19931078,17983420,15120698,20063560,20190557,23302395,16249290,23472165,24012197,16084891,24571615,25912412,16750201,11912283,19055724,12029073,24648304,25912412,12934347,16150151,11020520,24127964,20137818,9102363,24018808,22884659,16616093,18849443,25912412,9065182,9043920,22563025,25996258,12934347,16202314,11020520,9886539,24127964,19467764,26054109,22447624,26409150,18222435,21397694,26054109
10919,EHMT2,25449831,2454848,11675475,12760253,15588473,10381818,19230253,9436699,26216523,18490013,16750201,19055724,20858448,20537326,24188612,23141164,22017422,10433073,9764347,8738720,15507512,25912412,25194152,20031030,24188612,19429661,25446850,22384446,19903049,19401003,24613539,17624337,24210790,9130910,24613539,17609243,15236995,14748845,18955785,16723371,18644593,15019822,16723371,16762179,17141400,18644593,15019822,25201101,23340055,22883517,22736326,25422360,24661731,22563025,11883311,16644787,12107265,22065163,23011643,17509581,16309234,11163832,19931078,22266326,25134292,16533339,9065182,12372468,15104227,19931078,19931078,17983420,15120698,20063560,20190557,23302395,16249290,23472165,24012197,16084891,24571615,25912412,16750201,11912283,19055724,12029073,24648304,25912412,12934347,16150151,11020520,24127964,20137818,9102363,24018808,22884659,16616093,18849443,25912412,9065182,9043920,22563025,25996258,12934347,16202314,11020520,9886539,24127964,19467764,26054109,22447624,26409150,18222435,21397694,26054109
2022,ENG,25449831,2454848,11675475,12760253,15588473,10381818,19230253,9436699,26216523,18490013,16750201,19055724,20858448,20537326,24188612,23141164,22017422,10433073,9764347,8738720,15507512,25912412,25194152,20031030,24188612,19429661,25446850,22384446,19903049,19401003,24613539,17624337,24210790,9130910,24613539,17609243,15236995,14748845,18955785,16723371,18644593,15019822,16723371,16762179,17141400,18644593,15019822,25201101,23340055,22883517,22736326,25422360,24661731,22563025,11883311,16644787,12107265,22065163,23011643,17509581,16309234,11163832,19931078,22266326,25134292,16533339,9065182,12372468,15104227,19931078,19931078,17983420,15120698,20063560,20190557,23302395,16249290,23472165,24012197,16084891,24571615,25912412,16750201,11912283,19055724,12029073,24648304,25912412,12934347,16150151,11020520,24127964,20137818,9102363,24018808,22884659,16616093,18849443,25912412,9065182,9043920,22563025,25996258,12934347,16202314,11020520,9886539,24127964,19467764,26054109,22447624,26409150,18222435,21397694,26054109
2023,ENO1,25449831,2454848,11675475,12760253,15588473,10381818,19230253,9436699,26216523,18490013,16750201,19055724,20858448,20537326,24188612,23141164,22017422,10433073,9764347,8738720,15507512,25912412,25194152,20031030,24188612,19429661,25446850,22384446,19903049,19401003,24613539,17624337,24210790,9130910,24613539,17609243,15236995,14748845,18955785,16723371,18644593,15019822,16723371,16762179,17141400,18644593,15019822,25201101,23340055,22883517,22736326,25422360,24661731,22563025,11883311,16644787,12107265,22065163,23011643,17509581,16309234,11163832,19931078,22266326,25134292,16533339,9065182,12372468,15104227,19931078,19931078,17983420,15120698,20063560,20190557,23302395,16249290,23472165,24012197,16084891,24571615,25912412,16750201,11912283,19055724,12029073,24648304,25912412,12934347,16150151,11020520,24127964,20137818,9102363,24018808,22884659,16616093,18849443,25912412,9065182,9043920,22563025,25996258,12934347,16202314,11020520,9886539,24127964,19467764,26054109,22447624,26409150,18222435,21397694,26054109
5733,PTGER3,25449831,2454848,11675475,12760253,15588473,10381818,19230253,9436699,26216523,18490013,16750201,19055724,20858448,20537326,24188612,23141164,22017422,10433073,9764347,8738720,15507512,25912412,25194152,20031030,24188612,19429661,25446850,22384446,19903049,19401003,24613539,17624337,24210790,9130910,24613539,17609243,15236995,14748845,18955785,16723371,18644593,15019822,16723371,16762179,17141400,18644593,15019822,25201101,23340055,22883517,22736326,25422360,24661731,22563025,11883311,16644787,12107265,22065163,23011643,17509581,16309234,11163832,19931078,22266326,25134292,16533339,9065182,12372468,15104227,19931078,19931078,17983420,15120698,20063560,20190557,23302395,16249290,23472165,24012197,16084891,24571615,25912412,16750201,11912283,19055724,12029073,24648304,25912412,12934347,16150151,11020520,24127964,20137818,9102363,24018808,22884659,16616093,18849443,25912412,9065182,9043920,22563025,25996258,12934347,16202314,11020520,9886539,24127964,19467764,26054109,22447624,26409150,18222435,21397694,26054109
5734,PTGER4,25449831,2454848,11675475,12760253,15588473,10381818,19230253,9436699,26216523,18490013,16750201,19055724,20858448,20537326,24188612,23141164,22017422,10433073,9764347,8738720,15507512,25912412,25194152,20031030,24188612,19429661,25446850,22384446,19903049,19401003,24613539,17624337,24210790,9130910,24613539,17609243,15236995,14748845,18955785,16723371,18644593,15019822,16723371,16762179,17141400,18644593,15019822,25201101,23340055,22883517,22736326,25422360,24661731,22563025,11883311,16644787,12107265,22065163,23011643,17509581,16309234,11163832,19931078,22266326,25134292,16533339,9065182,12372468,15104227,19931078,19931078,17983420,15120698,20063560,20190557,23302395,16249290,23472165,24012197,16084891,24571615,25912412,16750201,11912283,19055724,12029073,24648304,25912412,12934347,16150151,11020520,24127964,20137818,9102363,24018808,22884659,16616093,18849443,25912412,9065182,9043920,22563025,25996258,12934347,16202314,11020520,9886539,24127964,19467764,26054109,22447624,26409150,18222435,21397694,26054109
4072,EPCAM,25449831,2454848,11675475,12760253,15588473,10381818,19230253,9436699,26216523,18490013,16750201,19055724,20858448,20537326,24188612,23141164,22017422,10433073,9764347,8738720,15507512,25912412,25194152,20031030,24188612,19429661,25446850,22384446,19903049,19401003,24613539,17624337,24210790,9130910,24613539,17609243,15236995,14748845,18955785,16723371,18644593,15019822,16723371,16762179,17141400,18644593,15019822,25201101,23340055,22883517,22736326,25422360,24661731,22563025,11883311,16644787,12107265,22065163,23011643,17509581,16309234,11163832,19931078,22266326,25134292,16533339,9065182,12372468,15104227,19931078,19931078,17983420,15120698,20063560,20190557,23302395,16249290,23472165,24012197,16084891,24571615,25912412,16750201,11912283,19055724,12029073,24648304,25912412,12934347,16150151,11020520,24127964,20137818,9102363,24018808,22884659,16616093,18849443,25912412,9065182,9043920,22563025,25996258,12934347,16202314,11020520,9886539,24127964,19467764,26054109,22447624,26409150,18222435,21397694,26054109
2099,ESR1,25449831,2454848,11675475,12760253,15588473,10381818,19230253,9436699,26216523,18490013,16750201,19055724,20858448,20537326,24188612,23141164,22017422,10433073,9764347,8738720,15507512,25912412,25194152,20031030,24188612,19429661,25446850,22384446,19903049,19401003,24613539,17624337,24210790,9130910,24613539,17609243,15236995,14748845,18955785,16723371,18644593,15019822,16723371,16762179,17141400,18644593,15019822,25201101,23340055,22883517,22736326,25422360,24661731,22563025,11883311,16644787,12107265,22065163,23011643,17509581,16309234,11163832,19931078,22266326,25134292,16533339,9065182,12372468,15104227,19931078,19931078,17983420,15120698,20063560,20190557,23302395,16249290,23472165,24012197,16084891,24571615,25912412,16750201,11912283,19055724,12029073,24648304,25912412,12934347,16150151,11020520,24127964,20137818,9102363,24018808,22884659,16616093,18849443,25912412,9065182,9043920,22563025,25996258,12934347,16202314,11020520,9886539,24127964,19467764,26054109,22447624,26409150,18222435,21397694,26054109
2064,ERBB2,25449831,2454848,11675475,12760253,15588473,10381818,19230253,9436699,26216523,18490013,16750201,19055724,20858448,20537326,24188612,23141164,22017422,10433073,9764347,8738720,15507512,25912412,25194152,20031030,24188612,19429661,25446850,22384446,19903049,19401003,24613539,17624337,24210790,9130910,24613539,17609243,15236995,14748845,18955785,16723371,18644593,15019822,16723371,16762179,17141400,18644593,15019822,25201101,23340055,22883517,22736326,25422360,24661731,22563025,11883311,16644787,12107265,22065163,23011643,17509581,16309234,11163832,19931078,22266326,25134292,16533339,9065182,12372468,15104227,19931078,19931078,17983420,15120698,20063560,20190557,23302395,16249290,23472165,24012197,16084891,24571615,25912412,16750201,11912283,19055724,12029073,24648304,25912412,12934347,16150151,11020520,24127964,20137818,9102363,24018808,22884659,16616093,18849443,25912412,9065182,9043920,22563025,25996258,12934347,16202314,11020520,9886539,24127964,19467764,26054109,22447624,26409150,18222435,21397694,26054109
5594,MAPK1,25449831,2454848,11675475,12760253,15588473,10381818,19230253,9436699,26216523,18490013,16750201,19055724,20858448,20537326,24188612,23141164,22017422,10433073,9764347,8738720,15507512,25912412,25194152,20031030,24188612,19429661,25446850,22384446,19903049,19401003,24613539,17624337,24210790,9130910,24613539,17609243,15236995,14748845,18955785,16723371,18644593,15019822,16723371,16762179,17141400,18644593,15019822,25201101,23340055,22883517,22736326,25422360,24661731,22563025,11883311,16644787,12107265,22065163,23011643,17509581,16309234,11163832,19931078,22266326,25134292,16533339,9065182,12372468,15104227,19931078,19931078,17983420,15120698,20063560,20190557,23302395,16249290,23472165,24012197,16084891,24571615,25912412,16750201,11912283,19055724,12029073,24648304,25912412,12934347,16150151,11020520,24127964,20137818,9102363,24018808,22884659,16616093,18849443,25912412,9065182,9043920,22563025,25996258,12934347,16202314,11020520,9886539,24127964,19467764,26054109,22447624,26409150,18222435,21397694,26054109
30816,ERVW-1,25449831,2454848,11675475,12760253,15588473,10381818,19230253,9436699,26216523,18490013,16750201,19055724,20858448,20537326,24188612,23141164,22017422,10433073,9764347,8738720,15507512,25912412,25194152,20031030,24188612,19429661,25446850,22384446,19903049,19401003,24613539,17624337,24210790,9130910,24613539,17609243,15236995,14748845,18955785,16723371,18644593,15019822,16723371,16762179,17141400,18644593,15019822,25201101,23340055,22883517,22736326,25422360,24661731,22563025,11883311,16644787,12107265,22065163,23011643,17509581,16309234,11163832,19931078,22266326,25134292,16533339,9065182,12372468,15104227,19931078,19931078,17983420,15120698,20063560,20190557,23302395,16249290,23472165,24012197,16084891,24571615,25912412,16750201,11912283,19055724,12029073,24648304,25912412,12934347,16150151,11020520,24127964,20137818,9102363,24018808,22884659,16616093,18849443,25912412,9065182,9043920,22563025,25996258,12934347,16202314,11020520,9886539,24127964,19467764,26054109,22447624,26409150,18222435,21397694,26054109
3569,IL6,25449831,25449831,25449831,25449831,25449831,25449831,25449831,25449831,2454848,2454848,2454848,2454848,2454848,2454848,2454848,2454848,11675475,11675475,11675475,11675475,11675475,11675475,11675475,11675475,12760253,12760253,12760253,12760253,12760253,12760253,12760253,12760253,15588473,15588473,15588473,15588473,15588473,15588473,15588473,15588473,10381818,10381818,10381818,10381818,10381818,10381818,10381818,10381818,19230253,19230253,19230253,19230253,19230253,19230253,19230253,19230253,9436699,9436699,9436699,9436699,9436699,9436699,9436699,9436699,26216523,26216523,26216523,26216523,26216523,26216523,26216523,26216523,18490013,18490013,18490013,18490013,18490013,18490013,18490013,18490013,16750201,16750201,16750201,16750201,16750201,16750201,16750201,16750201,19055724,19055724,19055724,19055724,19055724,19055724,19055724,19055724,20858448,20858448,20858448,20858448,20858448,20858448,20858448,20858448,20537326,20537326,20537326,20537326,20537326,20537326,20537326,20537326,24188612,24188612,24188612,24188
2192,FBLN1,25449831,2454848,11675475,12760253,15588473,10381818,19230253,9436699,26216523,18490013,16750201,19055724,20858448,20537326,24188612,23141164,22017422,10433073,9764347,8738720,15507512,25912412,25194152,20031030,24188612,19429661,25446850,22384446,19903049,19401003,24613539,17624337,24210790,9130910,24613539,17609243,15236995,14748845,18955785,16723371,18644593,15019822,16723371,16762179,17141400,18644593,15019822,25201101,23340055,22883517,22736326,25422360,24661731,22563025,11883311,16644787,12107265,22065163,23011643,17509581,16309234,11163832,19931078,22266326,25134292,16533339,9065182,12372468,15104227,19931078,19931078,17983420,15120698,20063560,20190557,23302395,16249290,23472165,24012197,16084891,24571615,25912412,16750201,11912283,19055724,12029073,24648304,25912412,12934347,16150151,11020520,24127964,20137818,9102363,24018808,22884659,16616093,18849443,25912412,9065182,9043920,22563025,25996258,12934347,16202314,11020520,9886539,24127964,19467764,26054109,22447624,26409150,18222435,21397694,26054109
115352,FCRL3,25449831,2454848,11675475,12760253,15588473,10381818,19230253,9436699,26216523,18490013,16750201,19055724,20858448,20537326,24188612,23141164,22017422,10433073,9764347,8738720,15507512,25912412,25194152,20031030,24188612,19429661,25446850,22384446,19903049,19401003,24613539,17624337,24210790,9130910,24613539,17609243,15236995,14748845,18955785,16723371,18644593,15019822,16723371,16762179,17141400,18644593,15019822,25201101,23340055,22883517,22736326,25422360,24661731,22563025,11883311,16644787,12107265,22065163,23011643,17509581,16309234,11163832,19931078,22266326,25134292,16533339,9065182,12372468,15104227,19931078,19931078,17983420,15120698,20063560,20190557,23302395,16249290,23472165,24012197,16084891,24571615,25912412,16750201,11912283,19055724,12029073,24648304,25912412,12934347,16150151,11020520,24127964,20137818,9102363,24018808,22884659,16616093,18849443,25912412,9065182,9043920,22563025,25996258,12934347,16202314,11020520,9886539,24127964,19467764,26054109,22447624,26409150,18222435,21397694,26054109
2243,FGA,25449831,2454848,11675475,12760253,15588473,10381818,19230253,9436699,26216523,18490013,16750201,19055724,20858448,20537326,24188612,23141164,22017422,10433073,9764347,8738720,15507512,25912412,25194152,20031030,24188612,19429661,25446850,22384446,19903049,19401003,24613539,17624337,24210790,9130910,24613539,17609243,15236995,14748845,18955785,16723371,18644593,15019822,16723371,16762179,17141400,18644593,15019822,25201101,23340055,22883517,22736326,25422360,24661731,22563025,11883311,16644787,12107265,22065163,23011643,17509581,16309234,11163832,19931078,22266326,25134292,16533339,9065182,12372468,15104227,19931078,19931078,17983420,15120698,20063560,20190557,23302395,16249290,23472165,24012197,16084891,24571615,25912412,16750201,11912283,19055724,12029073,24648304,25912412,12934347,16150151,11020520,24127964,20137818,9102363,24018808,22884659,16616093,18849443,25912412,9065182,9043920,22563025,25996258,12934347,16202314,11020520,9886539,24127964,19467764,26054109,22447624,26409150,18222435,21397694,26054109
2246,FGF1,25449831,2454848,11675475,12760253,15588473,10381818,19230253,9436699,26216523,18490013,16750201,19055724,20858448,20537326,24188612,23141164,22017422,10433073,9764347,8738720,15507512,25912412,25194152,20031030,24188612,19429661,25446850,22384446,19903049,19401003,24613539,17624337,24210790,9130910,24613539,17609243,15236995,14748845,18955785,16723371,18644593,15019822,16723371,16762179,17141400,18644593,15019822,25201101,23340055,22883517,22736326,25422360,24661731,22563025,11883311,16644787,12107265,22065163,23011643,17509581,16309234,11163832,19931078,22266326,25134292,16533339,9065182,12372468,15104227,19931078,19931078,17983420,15120698,20063560,20190557,23302395,16249290,23472165,24012197,16084891,24571615,25912412,16750201,11912283,19055724,12029073,24648304,25912412,12934347,16150151,11020520,24127964,20137818,9102363,24018808,22884659,16616093,18849443,25912412,9065182,9043920,22563025,25996258,12934347,16202314,11020520,9886539,24127964,19467764,26054109,22447624,26409150,18222435,21397694,26054109
2247,FGF2,25449831,2454848,11675475,12760253,15588473,10381818,19230253,9436699,26216523,18490013,16750201,19055724,20858448,20537326,24188612,23141164,22017422,10433073,9764347,8738720,15507512,25912412,25194152,20031030,24188612,19429661,25446850,22384446,19903049,19401003,24613539,17624337,24210790,9130910,24613539,17609243,15236995,14748845,18955785,16723371,18644593,15019822,16723371,16762179,17141400,18644593,15019822,25201101,23340055,22883517,22736326,25422360,24661731,22563025,11883311,16644787,12107265,22065163,23011643,17509581,16309234,11163832,19931078,22266326,25134292,16533339,9065182,12372468,15104227,19931078,19931078,17983420,15120698,20063560,20190557,23302395,16249290,23472165,24012197,16084891,24571615,25912412,16750201,11912283,19055724,12029073,24648304,25912412,12934347,16150151,11020520,24127964,20137818,9102363,24018808,22884659,16616093,18849443,25912412,9065182,9043920,22563025,25996258,12934347,16202314,11020520,9886539,24127964,19467764,26054109,22447624,26409150,18222435,21397694,26054109
2260,FGFR1,25449831,2454848,11675475,12760253,15588473,10381818,19230253,9436699,26216523,18490013,16750201,19055724,20858448,20537326,24188612,23141164,22017422,10433073,9764347,8738720,15507512,25912412,25194152,20031030,24188612,19429661,25446850,22384446,19903049,19401003,24613539,17624337,24210790,9130910,24613539,17609243,15236995,14748845,18955785,16723371,18644593,15019822,16723371,16762179,17141400,18644593,15019822,25201101,23340055,22883517,22736326,25422360,24661731,22563025,11883311,16644787,12107265,22065163,23011643,17509581,16309234,11163832,19931078,22266326,25134292,16533339,9065182,12372468,15104227,19931078,19931078,17983420,15120698,20063560,20190557,23302395,16249290,23472165,24012197,16084891,24571615,25912412,16750201,11912283,19055724,12029073,24648304,25912412,12934347,16150151,11020520,24127964,20137818,9102363,24018808,22884659,16616093,18849443,25912412,9065182,9043920,22563025,25996258,12934347,16202314,11020520,9886539,24127964,19467764,26054109,22447624,26409150,18222435,21397694,26054109
2288,FKBP4,25449831,2454848,11675475,12760253,15588473,10381818,19230253,9436699,26216523,18490013,16750201,19055724,20858448,20537326,24188612,23141164,22017422,10433073,9764347,8738720,15507512,25912412,25194152,20031030,24188612,19429661,25446850,22384446,19903049,19401003,24613539,17624337,24210790,9130910,24613539,17609243,15236995,14748845,18955785,16723371,18644593,15019822,16723371,16762179,17141400,18644593,15019822,25201101,23340055,22883517,22736326,25422360,24661731,22563025,11883311,16644787,12107265,22065163,23011643,17509581,16309234,11163832,19931078,22266326,25134292,16533339,9065182,12372468,15104227,19931078,19931078,17983420,15120698,20063560,20190557,23302395,16249290,23472165,24012197,16084891,24571615,25912412,16750201,11912283,19055724,12029073,24648304,25912412,12934347,16150151,11020520,24127964,20137818,9102363,24018808,22884659,16616093,18849443,25912412,9065182,9043920,22563025,25996258,12934347,16202314,11020520,9886539,24127964,19467764,26054109,22447624,26409150,18222435,21397694,26054109
2289,FKBP5,25449831,2454848,11675475,12760253,15588473,10381818,19230253,9436699,26216523,18490013,16750201,19055724,20858448,20537326,24188612,23141164,22017422,10433073,9764347,8738720,15507512,25912412,25194152,20031030,24188612,19429661,25446850,22384446,19903049,19401003,24613539,17624337,24210790,9130910,24613539,17609243,15236995,14748845,18955785,16723371,18644593,15019822,16723371,16762179,17141400,18644593,15019822,25201101,23340055,22883517,22736326,25422360,24661731,22563025,11883311,16644787,12107265,22065163,23011643,17509581,16309234,11163832,19931078,22266326,25134292,16533339,9065182,12372468,15104227,19931078,19931078,17983420,15120698,20063560,20190557,23302395,16249290,23472165,24012197,16084891,24571615,25912412,16750201,11912283,19055724,12029073,24648304,25912412,12934347,16150151,11020520,24127964,20137818,9102363,24018808,22884659,16616093,18849443,25912412,9065182,9043920,22563025,25996258,12934347,16202314,11020520,9886539,24127964,19467764,26054109,22447624,26409150,18222435,21397694,26054109
2321,FLT1,25449831,2454848,11675475,12760253,15588473,10381818,19230253,9436699,26216523,18490013,16750201,19055724,20858448,20537326,24188612,23141164,22017422,10433073,9764347,8738720,15507512,25912412,25194152,20031030,24188612,19429661,25446850,22384446,19903049,19401003,24613539,17624337,24210790,9130910,24613539,17609243,15236995,14748845,18955785,16723371,18644593,15019822,16723371,16762179,17141400,18644593,15019822,25201101,23340055,22883517,22736326,25422360,24661731,22563025,11883311,16644787,12107265,22065163,23011643,17509581,16309234,11163832,19931078,22266326,25134292,16533339,9065182,12372468,15104227,19931078,19931078,17983420,15120698,20063560,20190557,23302395,16249290,23472165,24012197,16084891,24571615,25912412,16750201,11912283,19055724,12029073,24648304,25912412,12934347,16150151,11020520,24127964,20137818,9102363,24018808,22884659,16616093,18849443,25912412,9065182,9043920,22563025,25996258,12934347,16202314,11020520,9886539,24127964,19467764,26054109,22447624,26409150,18222435,21397694,26054109
2324,FLT4,25449831,25449831,2454848,2454848,11675475,11675475,12760253,12760253,15588473,15588473,10381818,10381818,19230253,19230253,9436699,9436699,26216523,26216523,18490013,18490013,16750201,16750201,19055724,19055724,20858448,20858448,20537326,20537326,24188612,24188612,23141164,23141164,22017422,22017422,10433073,10433073,9764347,9764347,8738720,8738720,15507512,15507512,25912412,25912412,25194152,25194152,20031030,20031030,24188612,24188612,19429661,19429661,25446850,25446850,22384446,22384446,19903049,19903049,19401003,19401003,24613539,24613539,17624337,17624337,24210790,24210790,9130910,9130910,24613539,24613539,17609243,17609243,15236995,15236995,14748845,14748845,18955785,18955785,16723371,16723371,18644593,18644593,15019822,15019822,16723371,16723371,16762179,16762179,17141400,17141400,18644593,18644593,15019822,15019822,25201101,25201101,23340055,23340055,22883517,22883517,22736326,22736326,25422360,25422360,24661731,24661731,22563025,22563025,11883311,11883311,16644787,16644787,12107265,12107265,22065163
2353,FOS,25449831,2454848,11675475,12760253,15588473,10381818,19230253,9436699,26216523,18490013,16750201,19055724,20858448,20537326,24188612,23141164,22017422,10433073,9764347,8738720,15507512,25912412,25194152,20031030,24188612,19429661,25446850,22384446,19903049,19401003,24613539,17624337,24210790,9130910,24613539,17609243,15236995,14748845,18955785,16723371,18644593,15019822,16723371,16762179,17141400,18644593,15019822,25201101,23340055,22883517,22736326,25422360,24661731,22563025,11883311,16644787,12107265,22065163,23011643,17509581,16309234,11163832,19931078,22266326,25134292,16533339,9065182,12372468,15104227,19931078,19931078,17983420,15120698,20063560,20190557,23302395,16249290,23472165,24012197,16084891,24571615,25912412,16750201,11912283,19055724,12029073,24648304,25912412,12934347,16150151,11020520,24127964,20137818,9102363,24018808,22884659,16616093,18849443,25912412,9065182,9043920,22563025,25996258,12934347,16202314,11020520,9886539,24127964,19467764,26054109,22447624,26409150,18222435,21397694,26054109
2357,FPR1,25449831,2454848,11675475,12760253,15588473,10381818,19230253,9436699,26216523,18490013,16750201,19055724,20858448,20537326,24188612,23141164,22017422,10433073,9764347,8738720,15507512,25912412,25194152,20031030,24188612,19429661,25446850,22384446,19903049,19401003,24613539,17624337,24210790,9130910,24613539,17609243,15236995,14748845,18955785,16723371,18644593,15019822,16723371,16762179,17141400,18644593,15019822,25201101,23340055,22883517,22736326,25422360,24661731,22563025,11883311,16644787,12107265,22065163,23011643,17509581,16309234,11163832,19931078,22266326,25134292,16533339,9065182,12372468,15104227,19931078,19931078,17983420,15120698,20063560,20190557,23302395,16249290,23472165,24012197,16084891,24571615,25912412,16750201,11912283,19055724,12029073,24648304,25912412,12934347,16150151,11020520,24127964,20137818,9102363,24018808,22884659,16616093,18849443,25912412,9065182,9043920,22563025,25996258,12934347,16202314,11020520,9886539,24127964,19467764,26054109,22447624,26409150,18222435,21397694,26054109
2488,FSHB,25449831,2454848,11675475,12760253,15588473,10381818,19230253,9436699,26216523,18490013,16750201,19055724,20858448,20537326,24188612,23141164,22017422,10433073,9764347,8738720,15507512,25912412,25194152,20031030,24188612,19429661,25446850,22384446,19903049,19401003,24613539,17624337,24210790,9130910,24613539,17609243,15236995,14748845,18955785,16723371,18644593,15019822,16723371,16762179,17141400,18644593,15019822,25201101,23340055,22883517,22736326,25422360,24661731,22563025,11883311,16644787,12107265,22065163,23011643,17509581,16309234,11163832,19931078,22266326,25134292,16533339,9065182,12372468,15104227,19931078,19931078,17983420,15120698,20063560,20190557,23302395,16249290,23472165,24012197,16084891,24571615,25912412,16750201,11912283,19055724,12029073,24648304,25912412,12934347,16150151,11020520,24127964,20137818,9102363,24018808,22884659,16616093,18849443,25912412,9065182,9043920,22563025,25996258,12934347,16202314,11020520,9886539,24127964,19467764,26054109,22447624,26409150,18222435,21397694,26054109
2492,FSHR,25449831,2454848,11675475,12760253,15588473,10381818,19230253,9436699,26216523,18490013,16750201,19055724,20858448,20537326,24188612,23141164,22017422,10433073,9764347,8738720,15507512,25912412,25194152,20031030,24188612,19429661,25446850,22384446,19903049,19401003,24613539,17624337,24210790,9130910,24613539,17609243,15236995,14748845,18955785,16723371,18644593,15019822,16723371,16762179,17141400,18644593,15019822,25201101,23340055,22883517,22736326,25422360,24661731,22563025,11883311,16644787,12107265,22065163,23011643,17509581,16309234,11163832,19931078,22266326,25134292,16533339,9065182,12372468,15104227,19931078,19931078,17983420,15120698,20063560,20190557,23302395,16249290,23472165,24012197,16084891,24571615,25912412,16750201,11912283,19055724,12029073,24648304,25912412,12934347,16150151,11020520,24127964,20137818,9102363,24018808,22884659,16616093,18849443,25912412,9065182,9043920,22563025,25996258,12934347,16202314,11020520,9886539,24127964,19467764,26054109,22447624,26409150,18222435,21397694,26054109
10468,FST,25449831,2454848,11675475,12760253,15588473,10381818,19230253,9436699,26216523,18490013,16750201,19055724,20858448,20537326,24188612,23141164,22017422,10433073,9764347,8738720,15507512,25912412,25194152,20031030,24188612,19429661,25446850,22384446,19903049,19401003,24613539,17624337,24210790,9130910,24613539,17609243,15236995,14748845,18955785,16723371,18644593,15019822,16723371,16762179,17141400,18644593,15019822,25201101,23340055,22883517,22736326,25422360,24661731,22563025,11883311,16644787,12107265,22065163,23011643,17509581,16309234,11163832,19931078,22266326,25134292,16533339,9065182,12372468,15104227,19931078,19931078,17983420,15120698,20063560,20190557,23302395,16249290,23472165,24012197,16084891,24571615,25912412,16750201,11912283,19055724,12029073,24648304,25912412,12934347,16150151,11020520,24127964,20137818,9102363,24018808,22884659,16616093,18849443,25912412,9065182,9043920,22563025,25996258,12934347,16202314,11020520,9886539,24127964,19467764,26054109,22447624,26409150,18222435,21397694,26054109
50486,G0S2,25449831,2454848,11675475,12760253,15588473,10381818,19230253,9436699,26216523,18490013,16750201,19055724,20858448,20537326,24188612,23141164,22017422,10433073,9764347,8738720,15507512,25912412,25194152,20031030,24188612,19429661,25446850,22384446,19903049,19401003,24613539,17624337,24210790,9130910,24613539,17609243,15236995,14748845,18955785,16723371,18644593,15019822,16723371,16762179,17141400,18644593,15019822,25201101,23340055,22883517,22736326,25422360,24661731,22563025,11883311,16644787,12107265,22065163,23011643,17509581,16309234,11163832,19931078,22266326,25134292,16533339,9065182,12372468,15104227,19931078,19931078,17983420,15120698,20063560,20190557,23302395,16249290,23472165,24012197,16084891,24571615,25912412,16750201,11912283,19055724,12029073,24648304,25912412,12934347,16150151,11020520,24127964,20137818,9102363,24018808,22884659,16616093,18849443,25912412,9065182,9043920,22563025,25996258,12934347,16202314,11020520,9886539,24127964,19467764,26054109,22447624,26409150,18222435,21397694,26054109
2592,GALT,25449831,2454848,11675475,12760253,15588473,10381818,19230253,9436699,26216523,18490013,16750201,19055724,20858448,20537326,24188612,23141164,22017422,10433073,9764347,8738720,15507512,25912412,25194152,20031030,24188612,19429661,25446850,22384446,19903049,19401003,24613539,17624337,24210790,9130910,24613539,17609243,15236995,14748845,18955785,16723371,18644593,15019822,16723371,16762179,17141400,18644593,15019822,25201101,23340055,22883517,22736326,25422360,24661731,22563025,11883311,16644787,12107265,22065163,23011643,17509581,16309234,11163832,19931078,22266326,25134292,16533339,9065182,12372468,15104227,19931078,19931078,17983420,15120698,20063560,20190557,23302395,16249290,23472165,24012197,16084891,24571615,25912412,16750201,11912283,19055724,12029073,24648304,25912412,12934347,16150151,11020520,24127964,20137818,9102363,24018808,22884659,16616093,18849443,25912412,9065182,9043920,22563025,25996258,12934347,16202314,11020520,9886539,24127964,19467764,26054109,22447624,26409150,18222435,21397694,26054109
9518,GDF15,25449831,2454848,11675475,12760253,15588473,10381818,19230253,9436699,26216523,18490013,16750201,19055724,20858448,20537326,24188612,23141164,22017422,10433073,9764347,8738720,15507512,25912412,25194152,20031030,24188612,19429661,25446850,22384446,19903049,19401003,24613539,17624337,24210790,9130910,24613539,17609243,15236995,14748845,18955785,16723371,18644593,15019822,16723371,16762179,17141400,18644593,15019822,25201101,23340055,22883517,22736326,25422360,24661731,22563025,11883311,16644787,12107265,22065163,23011643,17509581,16309234,11163832,19931078,22266326,25134292,16533339,9065182,12372468,15104227,19931078,19931078,17983420,15120698,20063560,20190557,23302395,16249290,23472165,24012197,16084891,24571615,25912412,16750201,11912283,19055724,12029073,24648304,25912412,12934347,16150151,11020520,24127964,20137818,9102363,24018808,22884659,16616093,18849443,25912412,9065182,9043920,22563025,25996258,12934347,16202314,11020520,9886539,24127964,19467764,26054109,22447624,26409150,18222435,21397694,26054109
2661,GDF9,25449831,2454848,11675475,12760253,15588473,10381818,19230253,9436699,26216523,18490013,16750201,19055724,20858448,20537326,24188612,23141164,22017422,10433073,9764347,8738720,15507512,25912412,25194152,20031030,24188612,19429661,25446850,22384446,19903049,19401003,24613539,17624337,24210790,9130910,24613539,17609243,15236995,14748845,18955785,16723371,18644593,15019822,16723371,16762179,17141400,18644593,15019822,25201101,23340055,22883517,22736326,25422360,24661731,22563025,11883311,16644787,12107265,22065163,23011643,17509581,16309234,11163832,19931078,22266326,25134292,16533339,9065182,12372468,15104227,19931078,19931078,17983420,15120698,20063560,20190557,23302395,16249290,23472165,24012197,16084891,24571615,25912412,16750201,11912283,19055724,12029073,24648304,25912412,12934347,16150151,11020520,24127964,20137818,9102363,24018808,22884659,16616093,18849443,25912412,9065182,9043920,22563025,25996258,12934347,16202314,11020520,9886539,24127964,19467764,26054109,22447624,26409150,18222435,21397694,26054109
51738,GHRL,25449831,2454848,11675475,12760253,15588473,10381818,19230253,9436699,26216523,18490013,16750201,19055724,20858448,20537326,24188612,23141164,22017422,10433073,9764347,8738720,15507512,25912412,25194152,20031030,24188612,19429661,25446850,22384446,19903049,19401003,24613539,17624337,24210790,9130910,24613539,17609243,15236995,14748845,18955785,16723371,18644593,15019822,16723371,16762179,17141400,18644593,15019822,25201101,23340055,22883517,22736326,25422360,24661731,22563025,11883311,16644787,12107265,22065163,23011643,17509581,16309234,11163832,19931078,22266326,25134292,16533339,9065182,12372468,15104227,19931078,19931078,17983420,15120698,20063560,20190557,23302395,16249290,23472165,24012197,16084891,24571615,25912412,16750201,11912283,19055724,12029073,24648304,25912412,12934347,16150151,11020520,24127964,20137818,9102363,24018808,22884659,16616093,18849443,25912412,9065182,9043920,22563025,25996258,12934347,16202314,11020520,9886539,24127964,19467764,26054109,22447624,26409150,18222435,21397694,26054109
2691,GHRH,25449831,2454848,11675475,12760253,15588473,10381818,19230253,9436699,26216523,18490013,16750201,19055724,20858448,20537326,24188612,23141164,22017422,10433073,9764347,8738720,15507512,25912412,25194152,20031030,24188612,19429661,25446850,22384446,19903049,19401003,24613539,17624337,24210790,9130910,24613539,17609243,15236995,14748845,18955785,16723371,18644593,15019822,16723371,16762179,17141400,18644593,15019822,25201101,23340055,22883517,22736326,25422360,24661731,22563025,11883311,16644787,12107265,22065163,23011643,17509581,16309234,11163832,19931078,22266326,25134292,16533339,9065182,12372468,15104227,19931078,19931078,17983420,15120698,20063560,20190557,23302395,16249290,23472165,24012197,16084891,24571615,25912412,16750201,11912283,19055724,12029073,24648304,25912412,12934347,16150151,11020520,24127964,20137818,9102363,24018808,22884659,16616093,18849443,25912412,9065182,9043920,22563025,25996258,12934347,16202314,11020520,9886539,24127964,19467764,26054109,22447624,26409150,18222435,21397694,26054109
1439,CSF2RB,25449831,2454848,11675475,12760253,15588473,10381818,19230253,9436699,26216523,18490013,16750201,19055724,20858448,20537326,24188612,23141164,22017422,10433073,9764347,8738720,15507512,25912412,25194152,20031030,24188612,19429661,25446850,22384446,19903049,19401003,24613539,17624337,24210790,9130910,24613539,17609243,15236995,14748845,18955785,16723371,18644593,15019822,16723371,16762179,17141400,18644593,15019822,25201101,23340055,22883517,22736326,25422360,24661731,22563025,11883311,16644787,12107265,22065163,23011643,17509581,16309234,11163832,19931078,22266326,25134292,16533339,9065182,12372468,15104227,19931078,19931078,17983420,15120698,20063560,20190557,23302395,16249290,23472165,24012197,16084891,24571615,25912412,16750201,11912283,19055724,12029073,24648304,25912412,12934347,16150151,11020520,24127964,20137818,9102363,24018808,22884659,16616093,18849443,25912412,9065182,9043920,22563025,25996258,12934347,16202314,11020520,9886539,24127964,19467764,26054109,22447624,26409150,18222435,21397694,26054109
2852,GPER1,25449831,2454848,11675475,12760253,15588473,10381818,19230253,9436699,26216523,18490013,16750201,19055724,20858448,20537326,24188612,23141164,22017422,10433073,9764347,8738720,15507512,25912412,25194152,20031030,24188612,19429661,25446850,22384446,19903049,19401003,24613539,17624337,24210790,9130910,24613539,17609243,15236995,14748845,18955785,16723371,18644593,15019822,16723371,16762179,17141400,18644593,15019822,25201101,23340055,22883517,22736326,25422360,24661731,22563025,11883311,16644787,12107265,22065163,23011643,17509581,16309234,11163832,19931078,22266326,25134292,16533339,9065182,12372468,15104227,19931078,19931078,17983420,15120698,20063560,20190557,23302395,16249290,23472165,24012197,16084891,24571615,25912412,16750201,11912283,19055724,12029073,24648304,25912412,12934347,16150151,11020520,24127964,20137818,9102363,24018808,22884659,16616093,18849443,25912412,9065182,9043920,22563025,25996258,12934347,16202314,11020520,9886539,24127964,19467764,26054109,22447624,26409150,18222435,21397694,26054109
2878,GPX3,25449831,2454848,11675475,12760253,15588473,10381818,19230253,9436699,26216523,18490013,16750201,19055724,20858448,20537326,24188612,23141164,22017422,10433073,9764347,8738720,15507512,25912412,25194152,20031030,24188612,19429661,25446850,22384446,19903049,19401003,24613539,17624337,24210790,9130910,24613539,17609243,15236995,14748845,18955785,16723371,18644593,15019822,16723371,16762179,17141400,18644593,15019822,25201101,23340055,22883517,22736326,25422360,24661731,22563025,11883311,16644787,12107265,22065163,23011643,17509581,16309234,11163832,19931078,22266326,25134292,16533339,9065182,12372468,15104227,19931078,19931078,17983420,15120698,20063560,20190557,23302395,16249290,23472165,24012197,16084891,24571615,25912412,16750201,11912283,19055724,12029073,24648304,25912412,12934347,16150151,11020520,24127964,20137818,9102363,24018808,22884659,16616093,18849443,25912412,9065182,9043920,22563025,25996258,12934347,16202314,11020520,9886539,24127964,19467764,26054109,22447624,26409150,18222435,21397694,26054109
2888,GRB14,25449831,2454848,11675475,12760253,15588473,10381818,19230253,9436699,26216523,18490013,16750201,19055724,20858448,20537326,24188612,23141164,22017422,10433073,9764347,8738720,15507512,25912412,25194152,20031030,24188612,19429661,25446850,22384446,19903049,19401003,24613539,17624337,24210790,9130910,24613539,17609243,15236995,14748845,18955785,16723371,18644593,15019822,16723371,16762179,17141400,18644593,15019822,25201101,23340055,22883517,22736326,25422360,24661731,22563025,11883311,16644787,12107265,22065163,23011643,17509581,16309234,11163832,19931078,22266326,25134292,16533339,9065182,12372468,15104227,19931078,19931078,17983420,15120698,20063560,20190557,23302395,16249290,23472165,24012197,16084891,24571615,25912412,16750201,11912283,19055724,12029073,24648304,25912412,12934347,16150151,11020520,24127964,20137818,9102363,24018808,22884659,16616093,18849443,25912412,9065182,9043920,22563025,25996258,12934347,16202314,11020520,9886539,24127964,19467764,26054109,22447624,26409150,18222435,21397694,26054109
9687,GREB1,25449831,2454848,11675475,12760253,15588473,10381818,19230253,9436699,26216523,18490013,16750201,19055724,20858448,20537326,24188612,23141164,22017422,10433073,9764347,8738720,15507512,25912412,25194152,20031030,24188612,19429661,25446850,22384446,19903049,19401003,24613539,17624337,24210790,9130910,24613539,17609243,15236995,14748845,18955785,16723371,18644593,15019822,16723371,16762179,17141400,18644593,15019822,25201101,23340055,22883517,22736326,25422360,24661731,22563025,11883311,16644787,12107265,22065163,23011643,17509581,16309234,11163832,19931078,22266326,25134292,16533339,9065182,12372468,15104227,19931078,19931078,17983420,15120698,20063560,20190557,23302395,16249290,23472165,24012197,16084891,24571615,25912412,16750201,11912283,19055724,12029073,24648304,25912412,12934347,16150151,11020520,24127964,20137818,9102363,24018808,22884659,16616093,18849443,25912412,9065182,9043920,22563025,25996258,12934347,16202314,11020520,9886539,24127964,19467764,26054109,22447624,26409150,18222435,21397694,26054109
26585,GREM1,25449831,2454848,11675475,12760253,15588473,10381818,19230253,9436699,26216523,18490013,16750201,19055724,20858448,20537326,24188612,23141164,22017422,10433073,9764347,8738720,15507512,25912412,25194152,20031030,24188612,19429661,25446850,22384446,19903049,19401003,24613539,17624337,24210790,9130910,24613539,17609243,15236995,14748845,18955785,16723371,18644593,15019822,16723371,16762179,17141400,18644593,15019822,25201101,23340055,22883517,22736326,25422360,24661731,22563025,11883311,16644787,12107265,22065163,23011643,17509581,16309234,11163832,19931078,22266326,25134292,16533339,9065182,12372468,15104227,19931078,19931078,17983420,15120698,20063560,20190557,23302395,16249290,23472165,24012197,16084891,24571615,25912412,16750201,11912283,19055724,12029073,24648304,25912412,12934347,16150151,11020520,24127964,20137818,9102363,24018808,22884659,16616093,18849443,25912412,9065182,9043920,22563025,25996258,12934347,16202314,11020520,9886539,24127964,19467764,26054109,22447624,26409150,18222435,21397694,26054109
2952,GSTT1,25449831,2454848,11675475,12760253,15588473,10381818,19230253,9436699,26216523,18490013,16750201,19055724,20858448,20537326,24188612,23141164,22017422,10433073,9764347,8738720,15507512,25912412,25194152,20031030,24188612,19429661,25446850,22384446,19903049,19401003,24613539,17624337,24210790,9130910,24613539,17609243,15236995,14748845,18955785,16723371,18644593,15019822,16723371,16762179,17141400,18644593,15019822,25201101,23340055,22883517,22736326,25422360,24661731,22563025,11883311,16644787,12107265,22065163,23011643,17509581,16309234,11163832,19931078,22266326,25134292,16533339,9065182,12372468,15104227,19931078,19931078,17983420,15120698,20063560,20190557,23302395,16249290,23472165,24012197,16084891,24571615,25912412,16750201,11912283,19055724,12029073,24648304,25912412,12934347,16150151,11020520,24127964,20137818,9102363,24018808,22884659,16616093,18849443,25912412,9065182,9043920,22563025,25996258,12934347,16202314,11020520,9886539,24127964,19467764,26054109,22447624,26409150,18222435,21397694,26054109
283120,H19,25449831,2454848,11675475,12760253,15588473,10381818,19230253,9436699,26216523,18490013,16750201,19055724,20858448,20537326,24188612,23141164,22017422,10433073,9764347,8738720,15507512,25912412,25194152,20031030,24188612,19429661,25446850,22384446,19903049,19401003,24613539,17624337,24210790,9130910,24613539,17609243,15236995,14748845,18955785,16723371,18644593,15019822,16723371,16762179,17141400,18644593,15019822,25201101,23340055,22883517,22736326,25422360,24661731,22563025,11883311,16644787,12107265,22065163,23011643,17509581,16309234,11163832,19931078,22266326,25134292,16533339,9065182,12372468,15104227,19931078,19931078,17983420,15120698,20063560,20190557,23302395,16249290,23472165,24012197,16084891,24571615,25912412,16750201,11912283,19055724,12029073,24648304,25912412,12934347,16150151,11020520,24127964,20137818,9102363,24018808,22884659,16616093,18849443,25912412,9065182,9043920,22563025,25996258,12934347,16202314,11020520,9886539,24127964,19467764,26054109,22447624,26409150,18222435,21397694,26054109
3014,H2AFX,25449831,2454848,11675475,12760253,15588473,10381818,19230253,9436699,26216523,18490013,16750201,19055724,20858448,20537326,24188612,23141164,22017422,10433073,9764347,8738720,15507512,25912412,25194152,20031030,24188612,19429661,25446850,22384446,19903049,19401003,24613539,17624337,24210790,9130910,24613539,17609243,15236995,14748845,18955785,16723371,18644593,15019822,16723371,16762179,17141400,18644593,15019822,25201101,23340055,22883517,22736326,25422360,24661731,22563025,11883311,16644787,12107265,22065163,23011643,17509581,16309234,11163832,19931078,22266326,25134292,16533339,9065182,12372468,15104227,19931078,19931078,17983420,15120698,20063560,20190557,23302395,16249290,23472165,24012197,16084891,24571615,25912412,16750201,11912283,19055724,12029073,24648304,25912412,12934347,16150151,11020520,24127964,20137818,9102363,24018808,22884659,16616093,18849443,25912412,9065182,9043920,22563025,25996258,12934347,16202314,11020520,9886539,24127964,19467764,26054109,22447624,26409150,18222435,21397694,26054109
57817,HAMP,25449831,2454848,11675475,12760253,15588473,10381818,19230253,9436699,26216523,18490013,16750201,19055724,20858448,20537326,24188612,23141164,22017422,10433073,9764347,8738720,15507512,25912412,25194152,20031030,24188612,19429661,25446850,22384446,19903049,19401003,24613539,17624337,24210790,9130910,24613539,17609243,15236995,14748845,18955785,16723371,18644593,15019822,16723371,16762179,17141400,18644593,15019822,25201101,23340055,22883517,22736326,25422360,24661731,22563025,11883311,16644787,12107265,22065163,23011643,17509581,16309234,11163832,19931078,22266326,25134292,16533339,9065182,12372468,15104227,19931078,19931078,17983420,15120698,20063560,20190557,23302395,16249290,23472165,24012197,16084891,24571615,25912412,16750201,11912283,19055724,12029073,24648304,25912412,12934347,16150151,11020520,24127964,20137818,9102363,24018808,22884659,16616093,18849443,25912412,9065182,9043920,22563025,25996258,12934347,16202314,11020520,9886539,24127964,19467764,26054109,22447624,26409150,18222435,21397694,26054109
3065,HDAC1,25449831,2454848,11675475,12760253,15588473,10381818,19230253,9436699,26216523,18490013,16750201,19055724,20858448,20537326,24188612,23141164,22017422,10433073,9764347,8738720,15507512,25912412,25194152,20031030,24188612,19429661,25446850,22384446,19903049,19401003,24613539,17624337,24210790,9130910,24613539,17609243,15236995,14748845,18955785,16723371,18644593,15019822,16723371,16762179,17141400,18644593,15019822,25201101,23340055,22883517,22736326,25422360,24661731,22563025,11883311,16644787,12107265,22065163,23011643,17509581,16309234,11163832,19931078,22266326,25134292,16533339,9065182,12372468,15104227,19931078,19931078,17983420,15120698,20063560,20190557,23302395,16249290,23472165,24012197,16084891,24571615,25912412,16750201,11912283,19055724,12029073,24648304,25912412,12934347,16150151,11020520,24127964,20137818,9102363,24018808,22884659,16616093,18849443,25912412,9065182,9043920,22563025,25996258,12934347,16202314,11020520,9886539,24127964,19467764,26054109,22447624,26409150,18222435,21397694,26054109
3066,HDAC2,25449831,2454848,11675475,12760253,15588473,10381818,19230253,9436699,26216523,18490013,16750201,19055724,20858448,20537326,24188612,23141164,22017422,10433073,9764347,8738720,15507512,25912412,25194152,20031030,24188612,19429661,25446850,22384446,19903049,19401003,24613539,17624337,24210790,9130910,24613539,17609243,15236995,14748845,18955785,16723371,18644593,15019822,16723371,16762179,17141400,18644593,15019822,25201101,23340055,22883517,22736326,25422360,24661731,22563025,11883311,16644787,12107265,22065163,23011643,17509581,16309234,11163832,19931078,22266326,25134292,16533339,9065182,12372468,15104227,19931078,19931078,17983420,15120698,20063560,20190557,23302395,16249290,23472165,24012197,16084891,24571615,25912412,16750201,11912283,19055724,12029073,24648304,25912412,12934347,16150151,11020520,24127964,20137818,9102363,24018808,22884659,16616093,18849443,25912412,9065182,9043920,22563025,25996258,12934347,16202314,11020520,9886539,24127964,19467764,26054109,22447624,26409150,18222435,21397694,26054109
10406,WFDC2,25449831,2454848,11675475,12760253,15588473,10381818,19230253,9436699,26216523,18490013,16750201,19055724,20858448,20537326,24188612,23141164,22017422,10433073,9764347,8738720,15507512,25912412,25194152,20031030,24188612,19429661,25446850,22384446,19903049,19401003,24613539,17624337,24210790,9130910,24613539,17609243,15236995,14748845,18955785,16723371,18644593,15019822,16723371,16762179,17141400,18644593,15019822,25201101,23340055,22883517,22736326,25422360,24661731,22563025,11883311,16644787,12107265,22065163,23011643,17509581,16309234,11163832,19931078,22266326,25134292,16533339,9065182,12372468,15104227,19931078,19931078,17983420,15120698,20063560,20190557,23302395,16249290,23472165,24012197,16084891,24571615,25912412,16750201,11912283,19055724,12029073,24648304,25912412,12934347,16150151,11020520,24127964,20137818,9102363,24018808,22884659,16616093,18849443,25912412,9065182,9043920,22563025,25996258,12934347,16202314,11020520,9886539,24127964,19467764,26054109,22447624,26409150,18222435,21397694,26054109
2065,ERBB3,25449831,2454848,11675475,12760253,15588473,10381818,19230253,9436699,26216523,18490013,16750201,19055724,20858448,20537326,24188612,23141164,22017422,10433073,9764347,8738720,15507512,25912412,25194152,20031030,24188612,19429661,25446850,22384446,19903049,19401003,24613539,17624337,24210790,9130910,24613539,17609243,15236995,14748845,18955785,16723371,18644593,15019822,16723371,16762179,17141400,18644593,15019822,25201101,23340055,22883517,22736326,25422360,24661731,22563025,11883311,16644787,12107265,22065163,23011643,17509581,16309234,11163832,19931078,22266326,25134292,16533339,9065182,12372468,15104227,19931078,19931078,17983420,15120698,20063560,20190557,23302395,16249290,23472165,24012197,16084891,24571615,25912412,16750201,11912283,19055724,12029073,24648304,25912412,12934347,16150151,11020520,24127964,20137818,9102363,24018808,22884659,16616093,18849443,25912412,9065182,9043920,22563025,25996258,12934347,16202314,11020520,9886539,24127964,19467764,26054109,22447624,26409150,18222435,21397694,26054109
388585,HES5,25449831,2454848,11675475,12760253,15588473,10381818,19230253,9436699,26216523,18490013,16750201,19055724,20858448,20537326,24188612,23141164,22017422,10433073,9764347,8738720,15507512,25912412,25194152,20031030,24188612,19429661,25446850,22384446,19903049,19401003,24613539,17624337,24210790,9130910,24613539,17609243,15236995,14748845,18955785,16723371,18644593,15019822,16723371,16762179,17141400,18644593,15019822,25201101,23340055,22883517,22736326,25422360,24661731,22563025,11883311,16644787,12107265,22065163,23011643,17509581,16309234,11163832,19931078,22266326,25134292,16533339,9065182,12372468,15104227,19931078,19931078,17983420,15120698,20063560,20190557,23302395,16249290,23472165,24012197,16084891,24571615,25912412,16750201,11912283,19055724,12029073,24648304,25912412,12934347,16150151,11020520,24127964,20137818,9102363,24018808,22884659,16616093,18849443,25912412,9065182,9043920,22563025,25996258,12934347,16202314,11020520,9886539,24127964,19467764,26054109,22447624,26409150,18222435,21397694,26054109
23462,HEY1,25449831,2454848,11675475,12760253,15588473,10381818,19230253,9436699,26216523,18490013,16750201,19055724,20858448,20537326,24188612,23141164,22017422,10433073,9764347,8738720,15507512,25912412,25194152,20031030,24188612,19429661,25446850,22384446,19903049,19401003,24613539,17624337,24210790,9130910,24613539,17609243,15236995,14748845,18955785,16723371,18644593,15019822,16723371,16762179,17141400,18644593,15019822,25201101,23340055,22883517,22736326,25422360,24661731,22563025,11883311,16644787,12107265,22065163,23011643,17509581,16309234,11163832,19931078,22266326,25134292,16533339,9065182,12372468,15104227,19931078,19931078,17983420,15120698,20063560,20190557,23302395,16249290,23472165,24012197,16084891,24571615,25912412,16750201,11912283,19055724,12029073,24648304,25912412,12934347,16150151,11020520,24127964,20137818,9102363,24018808,22884659,16616093,18849443,25912412,9065182,9043920,22563025,25996258,12934347,16202314,11020520,9886539,24127964,19467764,26054109,22447624,26409150,18222435,21397694,26054109
3091,HIF1A,25449831,2454848,11675475,12760253,15588473,10381818,19230253,9436699,26216523,18490013,16750201,19055724,20858448,20537326,24188612,23141164,22017422,10433073,9764347,8738720,15507512,25912412,25194152,20031030,24188612,19429661,25446850,22384446,19903049,19401003,24613539,17624337,24210790,9130910,24613539,17609243,15236995,14748845,18955785,16723371,18644593,15019822,16723371,16762179,17141400,18644593,15019822,25201101,23340055,22883517,22736326,25422360,24661731,22563025,11883311,16644787,12107265,22065163,23011643,17509581,16309234,11163832,19931078,22266326,25134292,16533339,9065182,12372468,15104227,19931078,19931078,17983420,15120698,20063560,20190557,23302395,16249290,23472165,24012197,16084891,24571615,25912412,16750201,11912283,19055724,12029073,24648304,25912412,12934347,16150151,11020520,24127964,20137818,9102363,24018808,22884659,16616093,18849443,25912412,9065182,9043920,22563025,25996258,12934347,16202314,11020520,9886539,24127964,19467764,26054109,22447624,26409150,18222435,21397694,26054109
8290,HIST3H3,25449831,2454848,11675475,12760253,15588473,10381818,19230253,9436699,26216523,18490013,16750201,19055724,20858448,20537326,24188612,23141164,22017422,10433073,9764347,8738720,15507512,25912412,25194152,20031030,24188612,19429661,25446850,22384446,19903049,19401003,24613539,17624337,24210790,9130910,24613539,17609243,15236995,14748845,18955785,16723371,18644593,15019822,16723371,16762179,17141400,18644593,15019822,25201101,23340055,22883517,22736326,25422360,24661731,22563025,11883311,16644787,12107265,22065163,23011643,17509581,16309234,11163832,19931078,22266326,25134292,16533339,9065182,12372468,15104227,19931078,19931078,17983420,15120698,20063560,20190557,23302395,16249290,23472165,24012197,16084891,24571615,25912412,16750201,11912283,19055724,12029073,24648304,25912412,12934347,16150151,11020520,24127964,20137818,9102363,24018808,22884659,16616093,18849443,25912412,9065182,9043920,22563025,25996258,12934347,16202314,11020520,9886539,24127964,19467764,26054109,22447624,26409150,18222435,21397694,26054109
3105,HLA-A,25449831,2454848,11675475,12760253,15588473,10381818,19230253,9436699,26216523,18490013,16750201,19055724,20858448,20537326,24188612,23141164,22017422,10433073,9764347,8738720,15507512,25912412,25194152,20031030,24188612,19429661,25446850,22384446,19903049,19401003,24613539,17624337,24210790,9130910,24613539,17609243,15236995,14748845,18955785,16723371,18644593,15019822,16723371,16762179,17141400,18644593,15019822,25201101,23340055,22883517,22736326,25422360,24661731,22563025,11883311,16644787,12107265,22065163,23011643,17509581,16309234,11163832,19931078,22266326,25134292,16533339,9065182,12372468,15104227,19931078,19931078,17983420,15120698,20063560,20190557,23302395,16249290,23472165,24012197,16084891,24571615,25912412,16750201,11912283,19055724,12029073,24648304,25912412,12934347,16150151,11020520,24127964,20137818,9102363,24018808,22884659,16616093,18849443,25912412,9065182,9043920,22563025,25996258,12934347,16202314,11020520,9886539,24127964,19467764,26054109,22447624,26409150,18222435,21397694,26054109
3106,HLA-B,25449831,2454848,11675475,12760253,15588473,10381818,19230253,9436699,26216523,18490013,16750201,19055724,20858448,20537326,24188612,23141164,22017422,10433073,9764347,8738720,15507512,25912412,25194152,20031030,24188612,19429661,25446850,22384446,19903049,19401003,24613539,17624337,24210790,9130910,24613539,17609243,15236995,14748845,18955785,16723371,18644593,15019822,16723371,16762179,17141400,18644593,15019822,25201101,23340055,22883517,22736326,25422360,24661731,22563025,11883311,16644787,12107265,22065163,23011643,17509581,16309234,11163832,19931078,22266326,25134292,16533339,9065182,12372468,15104227,19931078,19931078,17983420,15120698,20063560,20190557,23302395,16249290,23472165,24012197,16084891,24571615,25912412,16750201,11912283,19055724,12029073,24648304,25912412,12934347,16150151,11020520,24127964,20137818,9102363,24018808,22884659,16616093,18849443,25912412,9065182,9043920,22563025,25996258,12934347,16202314,11020520,9886539,24127964,19467764,26054109,22447624,26409150,18222435,21397694,26054109
3107,HLA-C,25449831,2454848,11675475,12760253,15588473,10381818,19230253,9436699,26216523,18490013,16750201,19055724,20858448,20537326,24188612,23141164,22017422,10433073,9764347,8738720,15507512,25912412,25194152,20031030,24188612,19429661,25446850,22384446,19903049,19401003,24613539,17624337,24210790,9130910,24613539,17609243,15236995,14748845,18955785,16723371,18644593,15019822,16723371,16762179,17141400,18644593,15019822,25201101,23340055,22883517,22736326,25422360,24661731,22563025,11883311,16644787,12107265,22065163,23011643,17509581,16309234,11163832,19931078,22266326,25134292,16533339,9065182,12372468,15104227,19931078,19931078,17983420,15120698,20063560,20190557,23302395,16249290,23472165,24012197,16084891,24571615,25912412,16750201,11912283,19055724,12029073,24648304,25912412,12934347,16150151,11020520,24127964,20137818,9102363,24018808,22884659,16616093,18849443,25912412,9065182,9043920,22563025,25996258,12934347,16202314,11020520,9886539,24127964,19467764,26054109,22447624,26409150,18222435,21397694,26054109
3117,HLA-DQA1,25449831,2454848,11675475,12760253,15588473,10381818,19230253,9436699,26216523,18490013,16750201,19055724,20858448,20537326,24188612,23141164,22017422,10433073,9764347,8738720,15507512,25912412,25194152,20031030,24188612,19429661,25446850,22384446,19903049,19401003,24613539,17624337,24210790,9130910,24613539,17609243,15236995,14748845,18955785,16723371,18644593,15019822,16723371,16762179,17141400,18644593,15019822,25201101,23340055,22883517,22736326,25422360,24661731,22563025,11883311,16644787,12107265,22065163,23011643,17509581,16309234,11163832,19931078,22266326,25134292,16533339,9065182,12372468,15104227,19931078,19931078,17983420,15120698,20063560,20190557,23302395,16249290,23472165,24012197,16084891,24571615,25912412,16750201,11912283,19055724,12029073,24648304,25912412,12934347,16150151,11020520,24127964,20137818,9102363,24018808,22884659,16616093,18849443,25912412,9065182,9043920,22563025,25996258,12934347,16202314,11020520,9886539,24127964,19467764,26054109,22447624,26409150,18222435,21397694,26054109
3123,HLA-DRB1,25449831,2454848,11675475,12760253,15588473,10381818,19230253,9436699,26216523,18490013,16750201,19055724,20858448,20537326,24188612,23141164,22017422,10433073,9764347,8738720,15507512,25912412,25194152,20031030,24188612,19429661,25446850,22384446,19903049,19401003,24613539,17624337,24210790,9130910,24613539,17609243,15236995,14748845,18955785,16723371,18644593,15019822,16723371,16762179,17141400,18644593,15019822,25201101,23340055,22883517,22736326,25422360,24661731,22563025,11883311,16644787,12107265,22065163,23011643,17509581,16309234,11163832,19931078,22266326,25134292,16533339,9065182,12372468,15104227,19931078,19931078,17983420,15120698,20063560,20190557,23302395,16249290,23472165,24012197,16084891,24571615,25912412,16750201,11912283,19055724,12029073,24648304,25912412,12934347,16150151,11020520,24127964,20137818,9102363,24018808,22884659,16616093,18849443,25912412,9065182,9043920,22563025,25996258,12934347,16202314,11020520,9886539,24127964,19467764,26054109,22447624,26409150,18222435,21397694,26054109
3135,HLA-G,25449831,2454848,11675475,12760253,15588473,10381818,19230253,9436699,26216523,18490013,16750201,19055724,20858448,20537326,24188612,23141164,22017422,10433073,9764347,8738720,15507512,25912412,25194152,20031030,24188612,19429661,25446850,22384446,19903049,19401003,24613539,17624337,24210790,9130910,24613539,17609243,15236995,14748845,18955785,16723371,18644593,15019822,16723371,16762179,17141400,18644593,15019822,25201101,23340055,22883517,22736326,25422360,24661731,22563025,11883311,16644787,12107265,22065163,23011643,17509581,16309234,11163832,19931078,22266326,25134292,16533339,9065182,12372468,15104227,19931078,19931078,17983420,15120698,20063560,20190557,23302395,16249290,23472165,24012197,16084891,24571615,25912412,16750201,11912283,19055724,12029073,24648304,25912412,12934347,16150151,11020520,24127964,20137818,9102363,24018808,22884659,16616093,18849443,25912412,9065182,9043920,22563025,25996258,12934347,16202314,11020520,9886539,24127964,19467764,26054109,22447624,26409150,18222435,21397694,26054109
3159,HMGA1,25449831,2454848,11675475,12760253,15588473,10381818,19230253,9436699,26216523,18490013,16750201,19055724,20858448,20537326,24188612,23141164,22017422,10433073,9764347,8738720,15507512,25912412,25194152,20031030,24188612,19429661,25446850,22384446,19903049,19401003,24613539,17624337,24210790,9130910,24613539,17609243,15236995,14748845,18955785,16723371,18644593,15019822,16723371,16762179,17141400,18644593,15019822,25201101,23340055,22883517,22736326,25422360,24661731,22563025,11883311,16644787,12107265,22065163,23011643,17509581,16309234,11163832,19931078,22266326,25134292,16533339,9065182,12372468,15104227,19931078,19931078,17983420,15120698,20063560,20190557,23302395,16249290,23472165,24012197,16084891,24571615,25912412,16750201,11912283,19055724,12029073,24648304,25912412,12934347,16150151,11020520,24127964,20137818,9102363,24018808,22884659,16616093,18849443,25912412,9065182,9043920,22563025,25996258,12934347,16202314,11020520,9886539,24127964,19467764,26054109,22447624,26409150,18222435,21397694,26054109
8091,HMGA2,25449831,2454848,11675475,12760253,15588473,10381818,19230253,9436699,26216523,18490013,16750201,19055724,20858448,20537326,24188612,23141164,22017422,10433073,9764347,8738720,15507512,25912412,25194152,20031030,24188612,19429661,25446850,22384446,19903049,19401003,24613539,17624337,24210790,9130910,24613539,17609243,15236995,14748845,18955785,16723371,18644593,15019822,16723371,16762179,17141400,18644593,15019822,25201101,23340055,22883517,22736326,25422360,24661731,22563025,11883311,16644787,12107265,22065163,23011643,17509581,16309234,11163832,19931078,22266326,25134292,16533339,9065182,12372468,15104227,19931078,19931078,17983420,15120698,20063560,20190557,23302395,16249290,23472165,24012197,16084891,24571615,25912412,16750201,11912283,19055724,12029073,24648304,25912412,12934347,16150151,11020520,24127964,20137818,9102363,24018808,22884659,16616093,18849443,25912412,9065182,9043920,22563025,25996258,12934347,16202314,11020520,9886539,24127964,19467764,26054109,22447624,26409150,18222435,21397694,26054109
3146,HMGB1,25449831,2454848,11675475,12760253,15588473,10381818,19230253,9436699,26216523,18490013,16750201,19055724,20858448,20537326,24188612,23141164,22017422,10433073,9764347,8738720,15507512,25912412,25194152,20031030,24188612,19429661,25446850,22384446,19903049,19401003,24613539,17624337,24210790,9130910,24613539,17609243,15236995,14748845,18955785,16723371,18644593,15019822,16723371,16762179,17141400,18644593,15019822,25201101,23340055,22883517,22736326,25422360,24661731,22563025,11883311,16644787,12107265,22065163,23011643,17509581,16309234,11163832,19931078,22266326,25134292,16533339,9065182,12372468,15104227,19931078,19931078,17983420,15120698,20063560,20190557,23302395,16249290,23472165,24012197,16084891,24571615,25912412,16750201,11912283,19055724,12029073,24648304,25912412,12934347,16150151,11020520,24127964,20137818,9102363,24018808,22884659,16616093,18849443,25912412,9065182,9043920,22563025,25996258,12934347,16202314,11020520,9886539,24127964,19467764,26054109,22447624,26409150,18222435,21397694,26054109
3162,HMOX1,25449831,2454848,11675475,12760253,15588473,10381818,19230253,9436699,26216523,18490013,16750201,19055724,20858448,20537326,24188612,23141164,22017422,10433073,9764347,8738720,15507512,25912412,25194152,20031030,24188612,19429661,25446850,22384446,19903049,19401003,24613539,17624337,24210790,9130910,24613539,17609243,15236995,14748845,18955785,16723371,18644593,15019822,16723371,16762179,17141400,18644593,15019822,25201101,23340055,22883517,22736326,25422360,24661731,22563025,11883311,16644787,12107265,22065163,23011643,17509581,16309234,11163832,19931078,22266326,25134292,16533339,9065182,12372468,15104227,19931078,19931078,17983420,15120698,20063560,20190557,23302395,16249290,23472165,24012197,16084891,24571615,25912412,16750201,11912283,19055724,12029073,24648304,25912412,12934347,16150151,11020520,24127964,20137818,9102363,24018808,22884659,16616093,18849443,25912412,9065182,9043920,22563025,25996258,12934347,16202314,11020520,9886539,24127964,19467764,26054109,22447624,26409150,18222435,21397694,26054109
3163,HMOX2,25449831,2454848,11675475,12760253,15588473,10381818,19230253,9436699,26216523,18490013,16750201,19055724,20858448,20537326,24188612,23141164,22017422,10433073,9764347,8738720,15507512,25912412,25194152,20031030,24188612,19429661,25446850,22384446,19903049,19401003,24613539,17624337,24210790,9130910,24613539,17609243,15236995,14748845,18955785,16723371,18644593,15019822,16723371,16762179,17141400,18644593,15019822,25201101,23340055,22883517,22736326,25422360,24661731,22563025,11883311,16644787,12107265,22065163,23011643,17509581,16309234,11163832,19931078,22266326,25134292,16533339,9065182,12372468,15104227,19931078,19931078,17983420,15120698,20063560,20190557,23302395,16249290,23472165,24012197,16084891,24571615,25912412,16750201,11912283,19055724,12029073,24648304,25912412,12934347,16150151,11020520,24127964,20137818,9102363,24018808,22884659,16616093,18849443,25912412,9065182,9043920,22563025,25996258,12934347,16202314,11020520,9886539,24127964,19467764,26054109,22447624,26409150,18222435,21397694,26054109
3206,HOXA10,25449831,2454848,11675475,12760253,15588473,10381818,19230253,9436699,26216523,18490013,16750201,19055724,20858448,20537326,24188612,23141164,22017422,10433073,9764347,8738720,15507512,25912412,25194152,20031030,24188612,19429661,25446850,22384446,19903049,19401003,24613539,17624337,24210790,9130910,24613539,17609243,15236995,14748845,18955785,16723371,18644593,15019822,16723371,16762179,17141400,18644593,15019822,25201101,23340055,22883517,22736326,25422360,24661731,22563025,11883311,16644787,12107265,22065163,23011643,17509581,16309234,11163832,19931078,22266326,25134292,16533339,9065182,12372468,15104227,19931078,19931078,17983420,15120698,20063560,20190557,23302395,16249290,23472165,24012197,16084891,24571615,25912412,16750201,11912283,19055724,12029073,24648304,25912412,12934347,16150151,11020520,24127964,20137818,9102363,24018808,22884659,16616093,18849443,25912412,9065182,9043920,22563025,25996258,12934347,16202314,11020520,9886539,24127964,19467764,26054109,22447624,26409150,18222435,21397694,26054109
3207,HOXA11,25449831,2454848,11675475,12760253,15588473,10381818,19230253,9436699,26216523,18490013,16750201,19055724,20858448,20537326,24188612,23141164,22017422,10433073,9764347,8738720,15507512,25912412,25194152,20031030,24188612,19429661,25446850,22384446,19903049,19401003,24613539,17624337,24210790,9130910,24613539,17609243,15236995,14748845,18955785,16723371,18644593,15019822,16723371,16762179,17141400,18644593,15019822,25201101,23340055,22883517,22736326,25422360,24661731,22563025,11883311,16644787,12107265,22065163,23011643,17509581,16309234,11163832,19931078,22266326,25134292,16533339,9065182,12372468,15104227,19931078,19931078,17983420,15120698,20063560,20190557,23302395,16249290,23472165,24012197,16084891,24571615,25912412,16750201,11912283,19055724,12029073,24648304,25912412,12934347,16150151,11020520,24127964,20137818,9102363,24018808,22884659,16616093,18849443,25912412,9065182,9043920,22563025,25996258,12934347,16202314,11020520,9886539,24127964,19467764,26054109,22447624,26409150,18222435,21397694,26054109
3212,HOXB2,25449831,2454848,11675475,12760253,15588473,10381818,19230253,9436699,26216523,18490013,16750201,19055724,20858448,20537326,24188612,23141164,22017422,10433073,9764347,8738720,15507512,25912412,25194152,20031030,24188612,19429661,25446850,22384446,19903049,19401003,24613539,17624337,24210790,9130910,24613539,17609243,15236995,14748845,18955785,16723371,18644593,15019822,16723371,16762179,17141400,18644593,15019822,25201101,23340055,22883517,22736326,25422360,24661731,22563025,11883311,16644787,12107265,22065163,23011643,17509581,16309234,11163832,19931078,22266326,25134292,16533339,9065182,12372468,15104227,19931078,19931078,17983420,15120698,20063560,20190557,23302395,16249290,23472165,24012197,16084891,24571615,25912412,16750201,11912283,19055724,12029073,24648304,25912412,12934347,16150151,11020520,24127964,20137818,9102363,24018808,22884659,16616093,18849443,25912412,9065182,9043920,22563025,25996258,12934347,16202314,11020520,9886539,24127964,19467764,26054109,22447624,26409150,18222435,21397694,26054109
3240,HP,25449831,2454848,11675475,12760253,15588473,10381818,19230253,9436699,26216523,18490013,16750201,19055724,20858448,20537326,24188612,23141164,22017422,10433073,9764347,8738720,15507512,25912412,25194152,20031030,24188612,19429661,25446850,22384446,19903049,19401003,24613539,17624337,24210790,9130910,24613539,17609243,15236995,14748845,18955785,16723371,18644593,15019822,16723371,16762179,17141400,18644593,15019822,25201101,23340055,22883517,22736326,25422360,24661731,22563025,11883311,16644787,12107265,22065163,23011643,17509581,16309234,11163832,19931078,22266326,25134292,16533339,9065182,12372468,15104227,19931078,19931078,17983420,15120698,20063560,20190557,23302395,16249290,23472165,24012197,16084891,24571615,25912412,16750201,11912283,19055724,12029073,24648304,25912412,12934347,16150151,11020520,24127964,20137818,9102363,24018808,22884659,16616093,18849443,25912412,9065182,9043920,22563025,25996258,12934347,16202314,11020520,9886539,24127964,19467764,26054109,22447624,26409150,18222435,21397694,26054109
3248,HPGD,25449831,2454848,11675475,12760253,15588473,10381818,19230253,9436699,26216523,18490013,16750201,19055724,20858448,20537326,24188612,23141164,22017422,10433073,9764347,8738720,15507512,25912412,25194152,20031030,24188612,19429661,25446850,22384446,19903049,19401003,24613539,17624337,24210790,9130910,24613539,17609243,15236995,14748845,18955785,16723371,18644593,15019822,16723371,16762179,17141400,18644593,15019822,25201101,23340055,22883517,22736326,25422360,24661731,22563025,11883311,16644787,12107265,22065163,23011643,17509581,16309234,11163832,19931078,22266326,25134292,16533339,9065182,12372468,15104227,19931078,19931078,17983420,15120698,20063560,20190557,23302395,16249290,23472165,24012197,16084891,24571615,25912412,16750201,11912283,19055724,12029073,24648304,25912412,12934347,16150151,11020520,24127964,20137818,9102363,24018808,22884659,16616093,18849443,25912412,9065182,9043920,22563025,25996258,12934347,16202314,11020520,9886539,24127964,19467764,26054109,22447624,26409150,18222435,21397694,26054109
10855,HPSE,25449831,2454848,11675475,12760253,15588473,10381818,19230253,9436699,26216523,18490013,16750201,19055724,20858448,20537326,24188612,23141164,22017422,10433073,9764347,8738720,15507512,25912412,25194152,20031030,24188612,19429661,25446850,22384446,19903049,19401003,24613539,17624337,24210790,9130910,24613539,17609243,15236995,14748845,18955785,16723371,18644593,15019822,16723371,16762179,17141400,18644593,15019822,25201101,23340055,22883517,22736326,25422360,24661731,22563025,11883311,16644787,12107265,22065163,23011643,17509581,16309234,11163832,19931078,22266326,25134292,16533339,9065182,12372468,15104227,19931078,19931078,17983420,15120698,20063560,20190557,23302395,16249290,23472165,24012197,16084891,24571615,25912412,16750201,11912283,19055724,12029073,24648304,25912412,12934347,16150151,11020520,24127964,20137818,9102363,24018808,22884659,16616093,18849443,25912412,9065182,9043920,22563025,25996258,12934347,16202314,11020520,9886539,24127964,19467764,26054109,22447624,26409150,18222435,21397694,26054109
3263,HPX,25449831,2454848,11675475,12760253,15588473,10381818,19230253,9436699,26216523,18490013,16750201,19055724,20858448,20537326,24188612,23141164,22017422,10433073,9764347,8738720,15507512,25912412,25194152,20031030,24188612,19429661,25446850,22384446,19903049,19401003,24613539,17624337,24210790,9130910,24613539,17609243,15236995,14748845,18955785,16723371,18644593,15019822,16723371,16762179,17141400,18644593,15019822,25201101,23340055,22883517,22736326,25422360,24661731,22563025,11883311,16644787,12107265,22065163,23011643,17509581,16309234,11163832,19931078,22266326,25134292,16533339,9065182,12372468,15104227,19931078,19931078,17983420,15120698,20063560,20190557,23302395,16249290,23472165,24012197,16084891,24571615,25912412,16750201,11912283,19055724,12029073,24648304,25912412,12934347,16150151,11020520,24127964,20137818,9102363,24018808,22884659,16616093,18849443,25912412,9065182,9043920,22563025,25996258,12934347,16202314,11020520,9886539,24127964,19467764,26054109,22447624,26409150,18222435,21397694,26054109
3292,HSD17B1,25449831,2454848,11675475,12760253,15588473,10381818,19230253,9436699,26216523,18490013,16750201,19055724,20858448,20537326,24188612,23141164,22017422,10433073,9764347,8738720,15507512,25912412,25194152,20031030,24188612,19429661,25446850,22384446,19903049,19401003,24613539,17624337,24210790,9130910,24613539,17609243,15236995,14748845,18955785,16723371,18644593,15019822,16723371,16762179,17141400,18644593,15019822,25201101,23340055,22883517,22736326,25422360,24661731,22563025,11883311,16644787,12107265,22065163,23011643,17509581,16309234,11163832,19931078,22266326,25134292,16533339,9065182,12372468,15104227,19931078,19931078,17983420,15120698,20063560,20190557,23302395,16249290,23472165,24012197,16084891,24571615,25912412,16750201,11912283,19055724,12029073,24648304,25912412,12934347,16150151,11020520,24127964,20137818,9102363,24018808,22884659,16616093,18849443,25912412,9065182,9043920,22563025,25996258,12934347,16202314,11020520,9886539,24127964,19467764,26054109,22447624,26409150,18222435,21397694,26054109
3294,HSD17B2,25449831,2454848,11675475,12760253,15588473,10381818,19230253,9436699,26216523,18490013,16750201,19055724,20858448,20537326,24188612,23141164,22017422,10433073,9764347,8738720,15507512,25912412,25194152,20031030,24188612,19429661,25446850,22384446,19903049,19401003,24613539,17624337,24210790,9130910,24613539,17609243,15236995,14748845,18955785,16723371,18644593,15019822,16723371,16762179,17141400,18644593,15019822,25201101,23340055,22883517,22736326,25422360,24661731,22563025,11883311,16644787,12107265,22065163,23011643,17509581,16309234,11163832,19931078,22266326,25134292,16533339,9065182,12372468,15104227,19931078,19931078,17983420,15120698,20063560,20190557,23302395,16249290,23472165,24012197,16084891,24571615,25912412,16750201,11912283,19055724,12029073,24648304,25912412,12934347,16150151,11020520,24127964,20137818,9102363,24018808,22884659,16616093,18849443,25912412,9065182,9043920,22563025,25996258,12934347,16202314,11020520,9886539,24127964,19467764,26054109,22447624,26409150,18222435,21397694,26054109
3293,HSD17B3,25449831,2454848,11675475,12760253,15588473,10381818,19230253,9436699,26216523,18490013,16750201,19055724,20858448,20537326,24188612,23141164,22017422,10433073,9764347,8738720,15507512,25912412,25194152,20031030,24188612,19429661,25446850,22384446,19903049,19401003,24613539,17624337,24210790,9130910,24613539,17609243,15236995,14748845,18955785,16723371,18644593,15019822,16723371,16762179,17141400,18644593,15019822,25201101,23340055,22883517,22736326,25422360,24661731,22563025,11883311,16644787,12107265,22065163,23011643,17509581,16309234,11163832,19931078,22266326,25134292,16533339,9065182,12372468,15104227,19931078,19931078,17983420,15120698,20063560,20190557,23302395,16249290,23472165,24012197,16084891,24571615,25912412,16750201,11912283,19055724,12029073,24648304,25912412,12934347,16150151,11020520,24127964,20137818,9102363,24018808,22884659,16616093,18849443,25912412,9065182,9043920,22563025,25996258,12934347,16202314,11020520,9886539,24127964,19467764,26054109,22447624,26409150,18222435,21397694,26054109
51478,HSD17B7,25449831,2454848,11675475,12760253,15588473,10381818,19230253,9436699,26216523,18490013,16750201,19055724,20858448,20537326,24188612,23141164,22017422,10433073,9764347,8738720,15507512,25912412,25194152,20031030,24188612,19429661,25446850,22384446,19903049,19401003,24613539,17624337,24210790,9130910,24613539,17609243,15236995,14748845,18955785,16723371,18644593,15019822,16723371,16762179,17141400,18644593,15019822,25201101,23340055,22883517,22736326,25422360,24661731,22563025,11883311,16644787,12107265,22065163,23011643,17509581,16309234,11163832,19931078,22266326,25134292,16533339,9065182,12372468,15104227,19931078,19931078,17983420,15120698,20063560,20190557,23302395,16249290,23472165,24012197,16084891,24571615,25912412,16750201,11912283,19055724,12029073,24648304,25912412,12934347,16150151,11020520,24127964,20137818,9102363,24018808,22884659,16616093,18849443,25912412,9065182,9043920,22563025,25996258,12934347,16202314,11020520,9886539,24127964,19467764,26054109,22447624,26409150,18222435,21397694,26054109
3284,HSD3B2,25449831,2454848,11675475,12760253,15588473,10381818,19230253,9436699,26216523,18490013,16750201,19055724,20858448,20537326,24188612,23141164,22017422,10433073,9764347,8738720,15507512,25912412,25194152,20031030,24188612,19429661,25446850,22384446,19903049,19401003,24613539,17624337,24210790,9130910,24613539,17609243,15236995,14748845,18955785,16723371,18644593,15019822,16723371,16762179,17141400,18644593,15019822,25201101,23340055,22883517,22736326,25422360,24661731,22563025,11883311,16644787,12107265,22065163,23011643,17509581,16309234,11163832,19931078,22266326,25134292,16533339,9065182,12372468,15104227,19931078,19931078,17983420,15120698,20063560,20190557,23302395,16249290,23472165,24012197,16084891,24571615,25912412,16750201,11912283,19055724,12029073,24648304,25912412,12934347,16150151,11020520,24127964,20137818,9102363,24018808,22884659,16616093,18849443,25912412,9065182,9043920,22563025,25996258,12934347,16202314,11020520,9886539,24127964,19467764,26054109,22447624,26409150,18222435,21397694,26054109
3297,HSF1,25449831,2454848,11675475,12760253,15588473,10381818,19230253,9436699,26216523,18490013,16750201,19055724,20858448,20537326,24188612,23141164,22017422,10433073,9764347,8738720,15507512,25912412,25194152,20031030,24188612,19429661,25446850,22384446,19903049,19401003,24613539,17624337,24210790,9130910,24613539,17609243,15236995,14748845,18955785,16723371,18644593,15019822,16723371,16762179,17141400,18644593,15019822,25201101,23340055,22883517,22736326,25422360,24661731,22563025,11883311,16644787,12107265,22065163,23011643,17509581,16309234,11163832,19931078,22266326,25134292,16533339,9065182,12372468,15104227,19931078,19931078,17983420,15120698,20063560,20190557,23302395,16249290,23472165,24012197,16084891,24571615,25912412,16750201,11912283,19055724,12029073,24648304,25912412,12934347,16150151,11020520,24127964,20137818,9102363,24018808,22884659,16616093,18849443,25912412,9065182,9043920,22563025,25996258,12934347,16202314,11020520,9886539,24127964,19467764,26054109,22447624,26409150,18222435,21397694,26054109
3329,HSPD1,25449831,2454848,11675475,12760253,15588473,10381818,19230253,9436699,26216523,18490013,16750201,19055724,20858448,20537326,24188612,23141164,22017422,10433073,9764347,8738720,15507512,25912412,25194152,20031030,24188612,19429661,25446850,22384446,19903049,19401003,24613539,17624337,24210790,9130910,24613539,17609243,15236995,14748845,18955785,16723371,18644593,15019822,16723371,16762179,17141400,18644593,15019822,25201101,23340055,22883517,22736326,25422360,24661731,22563025,11883311,16644787,12107265,22065163,23011643,17509581,16309234,11163832,19931078,22266326,25134292,16533339,9065182,12372468,15104227,19931078,19931078,17983420,15120698,20063560,20190557,23302395,16249290,23472165,24012197,16084891,24571615,25912412,16750201,11912283,19055724,12029073,24648304,25912412,12934347,16150151,11020520,24127964,20137818,9102363,24018808,22884659,16616093,18849443,25912412,9065182,9043920,22563025,25996258,12934347,16202314,11020520,9886539,24127964,19467764,26054109,22447624,26409150,18222435,21397694,26054109
3308,HSPA4,25449831,2454848,11675475,12760253,15588473,10381818,19230253,9436699,26216523,18490013,16750201,19055724,20858448,20537326,24188612,23141164,22017422,10433073,9764347,8738720,15507512,25912412,25194152,20031030,24188612,19429661,25446850,22384446,19903049,19401003,24613539,17624337,24210790,9130910,24613539,17609243,15236995,14748845,18955785,16723371,18644593,15019822,16723371,16762179,17141400,18644593,15019822,25201101,23340055,22883517,22736326,25422360,24661731,22563025,11883311,16644787,12107265,22065163,23011643,17509581,16309234,11163832,19931078,22266326,25134292,16533339,9065182,12372468,15104227,19931078,19931078,17983420,15120698,20063560,20190557,23302395,16249290,23472165,24012197,16084891,24571615,25912412,16750201,11912283,19055724,12029073,24648304,25912412,12934347,16150151,11020520,24127964,20137818,9102363,24018808,22884659,16616093,18849443,25912412,9065182,9043920,22563025,25996258,12934347,16202314,11020520,9886539,24127964,19467764,26054109,22447624,26409150,18222435,21397694,26054109
3315,HSPB1,25449831,2454848,11675475,12760253,15588473,10381818,19230253,9436699,26216523,18490013,16750201,19055724,20858448,20537326,24188612,23141164,22017422,10433073,9764347,8738720,15507512,25912412,25194152,20031030,24188612,19429661,25446850,22384446,19903049,19401003,24613539,17624337,24210790,9130910,24613539,17609243,15236995,14748845,18955785,16723371,18644593,15019822,16723371,16762179,17141400,18644593,15019822,25201101,23340055,22883517,22736326,25422360,24661731,22563025,11883311,16644787,12107265,22065163,23011643,17509581,16309234,11163832,19931078,22266326,25134292,16533339,9065182,12372468,15104227,19931078,19931078,17983420,15120698,20063560,20190557,23302395,16249290,23472165,24012197,16084891,24571615,25912412,16750201,11912283,19055724,12029073,24648304,25912412,12934347,16150151,11020520,24127964,20137818,9102363,24018808,22884659,16616093,18849443,25912412,9065182,9043920,22563025,25996258,12934347,16202314,11020520,9886539,24127964,19467764,26054109,22447624,26409150,18222435,21397694,26054109
5654,HTRA1,25449831,2454848,11675475,12760253,15588473,10381818,19230253,9436699,26216523,18490013,16750201,19055724,20858448,20537326,24188612,23141164,22017422,10433073,9764347,8738720,15507512,25912412,25194152,20031030,24188612,19429661,25446850,22384446,19903049,19401003,24613539,17624337,24210790,9130910,24613539,17609243,15236995,14748845,18955785,16723371,18644593,15019822,16723371,16762179,17141400,18644593,15019822,25201101,23340055,22883517,22736326,25422360,24661731,22563025,11883311,16644787,12107265,22065163,23011643,17509581,16309234,11163832,19931078,22266326,25134292,16533339,9065182,12372468,15104227,19931078,19931078,17983420,15120698,20063560,20190557,23302395,16249290,23472165,24012197,16084891,24571615,25912412,16750201,11912283,19055724,12029073,24648304,25912412,12934347,16150151,11020520,24127964,20137818,9102363,24018808,22884659,16616093,18849443,25912412,9065182,9043920,22563025,25996258,12934347,16202314,11020520,9886539,24127964,19467764,26054109,22447624,26409150,18222435,21397694,26054109
1994,ELAVL1,25449831,2454848,11675475,12760253,15588473,10381818,19230253,9436699,26216523,18490013,16750201,19055724,20858448,20537326,24188612,23141164,22017422,10433073,9764347,8738720,15507512,25912412,25194152,20031030,24188612,19429661,25446850,22384446,19903049,19401003,24613539,17624337,24210790,9130910,24613539,17609243,15236995,14748845,18955785,16723371,18644593,15019822,16723371,16762179,17141400,18644593,15019822,25201101,23340055,22883517,22736326,25422360,24661731,22563025,11883311,16644787,12107265,22065163,23011643,17509581,16309234,11163832,19931078,22266326,25134292,16533339,9065182,12372468,15104227,19931078,19931078,17983420,15120698,20063560,20190557,23302395,16249290,23472165,24012197,16084891,24571615,25912412,16750201,11912283,19055724,12029073,24648304,25912412,12934347,16150151,11020520,24127964,20137818,9102363,24018808,22884659,16616093,18849443,25912412,9065182,9043920,22563025,25996258,12934347,16202314,11020520,9886539,24127964,19467764,26054109,22447624,26409150,18222435,21397694,26054109
3397,ID1,25449831,2454848,11675475,12760253,15588473,10381818,19230253,9436699,26216523,18490013,16750201,19055724,20858448,20537326,24188612,23141164,22017422,10433073,9764347,8738720,15507512,25912412,25194152,20031030,24188612,19429661,25446850,22384446,19903049,19401003,24613539,17624337,24210790,9130910,24613539,17609243,15236995,14748845,18955785,16723371,18644593,15019822,16723371,16762179,17141400,18644593,15019822,25201101,23340055,22883517,22736326,25422360,24661731,22563025,11883311,16644787,12107265,22065163,23011643,17509581,16309234,11163832,19931078,22266326,25134292,16533339,9065182,12372468,15104227,19931078,19931078,17983420,15120698,20063560,20190557,23302395,16249290,23472165,24012197,16084891,24571615,25912412,16750201,11912283,19055724,12029073,24648304,25912412,12934347,16150151,11020520,24127964,20137818,9102363,24018808,22884659,16616093,18849443,25912412,9065182,9043920,22563025,25996258,12934347,16202314,11020520,9886539,24127964,19467764,26054109,22447624,26409150,18222435,21397694,26054109
3620,IDO1,25449831,2454848,11675475,12760253,15588473,10381818,19230253,9436699,26216523,18490013,16750201,19055724,20858448,20537326,24188612,23141164,22017422,10433073,9764347,8738720,15507512,25912412,25194152,20031030,24188612,19429661,25446850,22384446,19903049,19401003,24613539,17624337,24210790,9130910,24613539,17609243,15236995,14748845,18955785,16723371,18644593,15019822,16723371,16762179,17141400,18644593,15019822,25201101,23340055,22883517,22736326,25422360,24661731,22563025,11883311,16644787,12107265,22065163,23011643,17509581,16309234,11163832,19931078,22266326,25134292,16533339,9065182,12372468,15104227,19931078,19931078,17983420,15120698,20063560,20190557,23302395,16249290,23472165,24012197,16084891,24571615,25912412,16750201,11912283,19055724,12029073,24648304,25912412,12934347,16150151,11020520,24127964,20137818,9102363,24018808,22884659,16616093,18849443,25912412,9065182,9043920,22563025,25996258,12934347,16202314,11020520,9886539,24127964,19467764,26054109,22447624,26409150,18222435,21397694,26054109
3458,IFNG,25449831,2454848,11675475,12760253,15588473,10381818,19230253,9436699,26216523,18490013,16750201,19055724,20858448,20537326,24188612,23141164,22017422,10433073,9764347,8738720,15507512,25912412,25194152,20031030,24188612,19429661,25446850,22384446,19903049,19401003,24613539,17624337,24210790,9130910,24613539,17609243,15236995,14748845,18955785,16723371,18644593,15019822,16723371,16762179,17141400,18644593,15019822,25201101,23340055,22883517,22736326,25422360,24661731,22563025,11883311,16644787,12107265,22065163,23011643,17509581,16309234,11163832,19931078,22266326,25134292,16533339,9065182,12372468,15104227,19931078,19931078,17983420,15120698,20063560,20190557,23302395,16249290,23472165,24012197,16084891,24571615,25912412,16750201,11912283,19055724,12029073,24648304,25912412,12934347,16150151,11020520,24127964,20137818,9102363,24018808,22884659,16616093,18849443,25912412,9065182,9043920,22563025,25996258,12934347,16202314,11020520,9886539,24127964,19467764,26054109,22447624,26409150,18222435,21397694,26054109
3973,LHCGR,25449831,25449831,25449831,2454848,2454848,2454848,11675475,11675475,11675475,12760253,12760253,12760253,15588473,15588473,15588473,10381818,10381818,10381818,19230253,19230253,19230253,9436699,9436699,9436699,26216523,26216523,26216523,18490013,18490013,18490013,16750201,16750201,16750201,19055724,19055724,19055724,20858448,20858448,20858448,20537326,20537326,20537326,24188612,24188612,24188612,23141164,23141164,23141164,22017422,22017422,22017422,10433073,10433073,10433073,9764347,9764347,9764347,8738720,8738720,8738720,15507512,15507512,15507512,25912412,25912412,25912412,25194152,25194152,25194152,20031030,20031030,20031030,24188612,24188612,24188612,19429661,19429661,19429661,25446850,25446850,25446850,22384446,22384446,22384446,19903049,19903049,19903049,19401003,19401003,19401003,24613539,24613539,24613539,17624337,17624337,17624337,24210790,24210790,24210790,9130910,9130910,9130910,24613539,24613539,24613539,17609243,17609243,17609243,15236995,15236995,15236995,14748845,14748845,14748845,18955785,1895
3479,IGF1,25449831,2454848,11675475,12760253,15588473,10381818,19230253,9436699,26216523,18490013,16750201,19055724,20858448,20537326,24188612,23141164,22017422,10433073,9764347,8738720,15507512,25912412,25194152,20031030,24188612,19429661,25446850,22384446,19903049,19401003,24613539,17624337,24210790,9130910,24613539,17609243,15236995,14748845,18955785,16723371,18644593,15019822,16723371,16762179,17141400,18644593,15019822,25201101,23340055,22883517,22736326,25422360,24661731,22563025,11883311,16644787,12107265,22065163,23011643,17509581,16309234,11163832,19931078,22266326,25134292,16533339,9065182,12372468,15104227,19931078,19931078,17983420,15120698,20063560,20190557,23302395,16249290,23472165,24012197,16084891,24571615,25912412,16750201,11912283,19055724,12029073,24648304,25912412,12934347,16150151,11020520,24127964,20137818,9102363,24018808,22884659,16616093,18849443,25912412,9065182,9043920,22563025,25996258,12934347,16202314,11020520,9886539,24127964,19467764,26054109,22447624,26409150,18222435,21397694,26054109
3481,IGF2,25449831,2454848,11675475,12760253,15588473,10381818,19230253,9436699,26216523,18490013,16750201,19055724,20858448,20537326,24188612,23141164,22017422,10433073,9764347,8738720,15507512,25912412,25194152,20031030,24188612,19429661,25446850,22384446,19903049,19401003,24613539,17624337,24210790,9130910,24613539,17609243,15236995,14748845,18955785,16723371,18644593,15019822,16723371,16762179,17141400,18644593,15019822,25201101,23340055,22883517,22736326,25422360,24661731,22563025,11883311,16644787,12107265,22065163,23011643,17509581,16309234,11163832,19931078,22266326,25134292,16533339,9065182,12372468,15104227,19931078,19931078,17983420,15120698,20063560,20190557,23302395,16249290,23472165,24012197,16084891,24571615,25912412,16750201,11912283,19055724,12029073,24648304,25912412,12934347,16150151,11020520,24127964,20137818,9102363,24018808,22884659,16616093,18849443,25912412,9065182,9043920,22563025,25996258,12934347,16202314,11020520,9886539,24127964,19467764,26054109,22447624,26409150,18222435,21397694,26054109
3484,IGFBP1,25449831,2454848,11675475,12760253,15588473,10381818,19230253,9436699,26216523,18490013,16750201,19055724,20858448,20537326,24188612,23141164,22017422,10433073,9764347,8738720,15507512,25912412,25194152,20031030,24188612,19429661,25446850,22384446,19903049,19401003,24613539,17624337,24210790,9130910,24613539,17609243,15236995,14748845,18955785,16723371,18644593,15019822,16723371,16762179,17141400,18644593,15019822,25201101,23340055,22883517,22736326,25422360,24661731,22563025,11883311,16644787,12107265,22065163,23011643,17509581,16309234,11163832,19931078,22266326,25134292,16533339,9065182,12372468,15104227,19931078,19931078,17983420,15120698,20063560,20190557,23302395,16249290,23472165,24012197,16084891,24571615,25912412,16750201,11912283,19055724,12029073,24648304,25912412,12934347,16150151,11020520,24127964,20137818,9102363,24018808,22884659,16616093,18849443,25912412,9065182,9043920,22563025,25996258,12934347,16202314,11020520,9886539,24127964,19467764,26054109,22447624,26409150,18222435,21397694,26054109
3485,IGFBP2,25449831,2454848,11675475,12760253,15588473,10381818,19230253,9436699,26216523,18490013,16750201,19055724,20858448,20537326,24188612,23141164,22017422,10433073,9764347,8738720,15507512,25912412,25194152,20031030,24188612,19429661,25446850,22384446,19903049,19401003,24613539,17624337,24210790,9130910,24613539,17609243,15236995,14748845,18955785,16723371,18644593,15019822,16723371,16762179,17141400,18644593,15019822,25201101,23340055,22883517,22736326,25422360,24661731,22563025,11883311,16644787,12107265,22065163,23011643,17509581,16309234,11163832,19931078,22266326,25134292,16533339,9065182,12372468,15104227,19931078,19931078,17983420,15120698,20063560,20190557,23302395,16249290,23472165,24012197,16084891,24571615,25912412,16750201,11912283,19055724,12029073,24648304,25912412,12934347,16150151,11020520,24127964,20137818,9102363,24018808,22884659,16616093,18849443,25912412,9065182,9043920,22563025,25996258,12934347,16202314,11020520,9886539,24127964,19467764,26054109,22447624,26409150,18222435,21397694,26054109
3486,IGFBP3,25449831,2454848,11675475,12760253,15588473,10381818,19230253,9436699,26216523,18490013,16750201,19055724,20858448,20537326,24188612,23141164,22017422,10433073,9764347,8738720,15507512,25912412,25194152,20031030,24188612,19429661,25446850,22384446,19903049,19401003,24613539,17624337,24210790,9130910,24613539,17609243,15236995,14748845,18955785,16723371,18644593,15019822,16723371,16762179,17141400,18644593,15019822,25201101,23340055,22883517,22736326,25422360,24661731,22563025,11883311,16644787,12107265,22065163,23011643,17509581,16309234,11163832,19931078,22266326,25134292,16533339,9065182,12372468,15104227,19931078,19931078,17983420,15120698,20063560,20190557,23302395,16249290,23472165,24012197,16084891,24571615,25912412,16750201,11912283,19055724,12029073,24648304,25912412,12934347,16150151,11020520,24127964,20137818,9102363,24018808,22884659,16616093,18849443,25912412,9065182,9043920,22563025,25996258,12934347,16202314,11020520,9886539,24127964,19467764,26054109,22447624,26409150,18222435,21397694,26054109
3488,IGFBP5,25449831,2454848,11675475,12760253,15588473,10381818,19230253,9436699,26216523,18490013,16750201,19055724,20858448,20537326,24188612,23141164,22017422,10433073,9764347,8738720,15507512,25912412,25194152,20031030,24188612,19429661,25446850,22384446,19903049,19401003,24613539,17624337,24210790,9130910,24613539,17609243,15236995,14748845,18955785,16723371,18644593,15019822,16723371,16762179,17141400,18644593,15019822,25201101,23340055,22883517,22736326,25422360,24661731,22563025,11883311,16644787,12107265,22065163,23011643,17509581,16309234,11163832,19931078,22266326,25134292,16533339,9065182,12372468,15104227,19931078,19931078,17983420,15120698,20063560,20190557,23302395,16249290,23472165,24012197,16084891,24571615,25912412,16750201,11912283,19055724,12029073,24648304,25912412,12934347,16150151,11020520,24127964,20137818,9102363,24018808,22884659,16616093,18849443,25912412,9065182,9043920,22563025,25996258,12934347,16202314,11020520,9886539,24127964,19467764,26054109,22447624,26409150,18222435,21397694,26054109
3490,IGFBP7,25449831,2454848,11675475,12760253,15588473,10381818,19230253,9436699,26216523,18490013,16750201,19055724,20858448,20537326,24188612,23141164,22017422,10433073,9764347,8738720,15507512,25912412,25194152,20031030,24188612,19429661,25446850,22384446,19903049,19401003,24613539,17624337,24210790,9130910,24613539,17609243,15236995,14748845,18955785,16723371,18644593,15019822,16723371,16762179,17141400,18644593,15019822,25201101,23340055,22883517,22736326,25422360,24661731,22563025,11883311,16644787,12107265,22065163,23011643,17509581,16309234,11163832,19931078,22266326,25134292,16533339,9065182,12372468,15104227,19931078,19931078,17983420,15120698,20063560,20190557,23302395,16249290,23472165,24012197,16084891,24571615,25912412,16750201,11912283,19055724,12029073,24648304,25912412,12934347,16150151,11020520,24127964,20137818,9102363,24018808,22884659,16616093,18849443,25912412,9065182,9043920,22563025,25996258,12934347,16202314,11020520,9886539,24127964,19467764,26054109,22447624,26409150,18222435,21397694,26054109
3586,IL10,25449831,2454848,11675475,12760253,15588473,10381818,19230253,9436699,26216523,18490013,16750201,19055724,20858448,20537326,24188612,23141164,22017422,10433073,9764347,8738720,15507512,25912412,25194152,20031030,24188612,19429661,25446850,22384446,19903049,19401003,24613539,17624337,24210790,9130910,24613539,17609243,15236995,14748845,18955785,16723371,18644593,15019822,16723371,16762179,17141400,18644593,15019822,25201101,23340055,22883517,22736326,25422360,24661731,22563025,11883311,16644787,12107265,22065163,23011643,17509581,16309234,11163832,19931078,22266326,25134292,16533339,9065182,12372468,15104227,19931078,19931078,17983420,15120698,20063560,20190557,23302395,16249290,23472165,24012197,16084891,24571615,25912412,16750201,11912283,19055724,12029073,24648304,25912412,12934347,16150151,11020520,24127964,20137818,9102363,24018808,22884659,16616093,18849443,25912412,9065182,9043920,22563025,25996258,12934347,16202314,11020520,9886539,24127964,19467764,26054109,22447624,26409150,18222435,21397694,26054109
3589,IL11,25449831,2454848,11675475,12760253,15588473,10381818,19230253,9436699,26216523,18490013,16750201,19055724,20858448,20537326,24188612,23141164,22017422,10433073,9764347,8738720,15507512,25912412,25194152,20031030,24188612,19429661,25446850,22384446,19903049,19401003,24613539,17624337,24210790,9130910,24613539,17609243,15236995,14748845,18955785,16723371,18644593,15019822,16723371,16762179,17141400,18644593,15019822,25201101,23340055,22883517,22736326,25422360,24661731,22563025,11883311,16644787,12107265,22065163,23011643,17509581,16309234,11163832,19931078,22266326,25134292,16533339,9065182,12372468,15104227,19931078,19931078,17983420,15120698,20063560,20190557,23302395,16249290,23472165,24012197,16084891,24571615,25912412,16750201,11912283,19055724,12029073,24648304,25912412,12934347,16150151,11020520,24127964,20137818,9102363,24018808,22884659,16616093,18849443,25912412,9065182,9043920,22563025,25996258,12934347,16202314,11020520,9886539,24127964,19467764,26054109,22447624,26409150,18222435,21397694,26054109
3592,IL12A,25449831,2454848,11675475,12760253,15588473,10381818,19230253,9436699,26216523,18490013,16750201,19055724,20858448,20537326,24188612,23141164,22017422,10433073,9764347,8738720,15507512,25912412,25194152,20031030,24188612,19429661,25446850,22384446,19903049,19401003,24613539,17624337,24210790,9130910,24613539,17609243,15236995,14748845,18955785,16723371,18644593,15019822,16723371,16762179,17141400,18644593,15019822,25201101,23340055,22883517,22736326,25422360,24661731,22563025,11883311,16644787,12107265,22065163,23011643,17509581,16309234,11163832,19931078,22266326,25134292,16533339,9065182,12372468,15104227,19931078,19931078,17983420,15120698,20063560,20190557,23302395,16249290,23472165,24012197,16084891,24571615,25912412,16750201,11912283,19055724,12029073,24648304,25912412,12934347,16150151,11020520,24127964,20137818,9102363,24018808,22884659,16616093,18849443,25912412,9065182,9043920,22563025,25996258,12934347,16202314,11020520,9886539,24127964,19467764,26054109,22447624,26409150,18222435,21397694,26054109
3596,IL13,25449831,2454848,11675475,12760253,15588473,10381818,19230253,9436699,26216523,18490013,16750201,19055724,20858448,20537326,24188612,23141164,22017422,10433073,9764347,8738720,15507512,25912412,25194152,20031030,24188612,19429661,25446850,22384446,19903049,19401003,24613539,17624337,24210790,9130910,24613539,17609243,15236995,14748845,18955785,16723371,18644593,15019822,16723371,16762179,17141400,18644593,15019822,25201101,23340055,22883517,22736326,25422360,24661731,22563025,11883311,16644787,12107265,22065163,23011643,17509581,16309234,11163832,19931078,22266326,25134292,16533339,9065182,12372468,15104227,19931078,19931078,17983420,15120698,20063560,20190557,23302395,16249290,23472165,24012197,16084891,24571615,25912412,16750201,11912283,19055724,12029073,24648304,25912412,12934347,16150151,11020520,24127964,20137818,9102363,24018808,22884659,16616093,18849443,25912412,9065182,9043920,22563025,25996258,12934347,16202314,11020520,9886539,24127964,19467764,26054109,22447624,26409150,18222435,21397694,26054109
3600,IL15,25449831,2454848,11675475,12760253,15588473,10381818,19230253,9436699,26216523,18490013,16750201,19055724,20858448,20537326,24188612,23141164,22017422,10433073,9764347,8738720,15507512,25912412,25194152,20031030,24188612,19429661,25446850,22384446,19903049,19401003,24613539,17624337,24210790,9130910,24613539,17609243,15236995,14748845,18955785,16723371,18644593,15019822,16723371,16762179,17141400,18644593,15019822,25201101,23340055,22883517,22736326,25422360,24661731,22563025,11883311,16644787,12107265,22065163,23011643,17509581,16309234,11163832,19931078,22266326,25134292,16533339,9065182,12372468,15104227,19931078,19931078,17983420,15120698,20063560,20190557,23302395,16249290,23472165,24012197,16084891,24571615,25912412,16750201,11912283,19055724,12029073,24648304,25912412,12934347,16150151,11020520,24127964,20137818,9102363,24018808,22884659,16616093,18849443,25912412,9065182,9043920,22563025,25996258,12934347,16202314,11020520,9886539,24127964,19467764,26054109,22447624,26409150,18222435,21397694,26054109
3603,IL16,25449831,2454848,11675475,12760253,15588473,10381818,19230253,9436699,26216523,18490013,16750201,19055724,20858448,20537326,24188612,23141164,22017422,10433073,9764347,8738720,15507512,25912412,25194152,20031030,24188612,19429661,25446850,22384446,19903049,19401003,24613539,17624337,24210790,9130910,24613539,17609243,15236995,14748845,18955785,16723371,18644593,15019822,16723371,16762179,17141400,18644593,15019822,25201101,23340055,22883517,22736326,25422360,24661731,22563025,11883311,16644787,12107265,22065163,23011643,17509581,16309234,11163832,19931078,22266326,25134292,16533339,9065182,12372468,15104227,19931078,19931078,17983420,15120698,20063560,20190557,23302395,16249290,23472165,24012197,16084891,24571615,25912412,16750201,11912283,19055724,12029073,24648304,25912412,12934347,16150151,11020520,24127964,20137818,9102363,24018808,22884659,16616093,18849443,25912412,9065182,9043920,22563025,25996258,12934347,16202314,11020520,9886539,24127964,19467764,26054109,22447624,26409150,18222435,21397694,26054109
3605,IL17A,25449831,2454848,11675475,12760253,15588473,10381818,19230253,9436699,26216523,18490013,16750201,19055724,20858448,20537326,24188612,23141164,22017422,10433073,9764347,8738720,15507512,25912412,25194152,20031030,24188612,19429661,25446850,22384446,19903049,19401003,24613539,17624337,24210790,9130910,24613539,17609243,15236995,14748845,18955785,16723371,18644593,15019822,16723371,16762179,17141400,18644593,15019822,25201101,23340055,22883517,22736326,25422360,24661731,22563025,11883311,16644787,12107265,22065163,23011643,17509581,16309234,11163832,19931078,22266326,25134292,16533339,9065182,12372468,15104227,19931078,19931078,17983420,15120698,20063560,20190557,23302395,16249290,23472165,24012197,16084891,24571615,25912412,16750201,11912283,19055724,12029073,24648304,25912412,12934347,16150151,11020520,24127964,20137818,9102363,24018808,22884659,16616093,18849443,25912412,9065182,9043920,22563025,25996258,12934347,16202314,11020520,9886539,24127964,19467764,26054109,22447624,26409150,18222435,21397694,26054109
3554,IL1R1,25449831,2454848,11675475,12760253,15588473,10381818,19230253,9436699,26216523,18490013,16750201,19055724,20858448,20537326,24188612,23141164,22017422,10433073,9764347,8738720,15507512,25912412,25194152,20031030,24188612,19429661,25446850,22384446,19903049,19401003,24613539,17624337,24210790,9130910,24613539,17609243,15236995,14748845,18955785,16723371,18644593,15019822,16723371,16762179,17141400,18644593,15019822,25201101,23340055,22883517,22736326,25422360,24661731,22563025,11883311,16644787,12107265,22065163,23011643,17509581,16309234,11163832,19931078,22266326,25134292,16533339,9065182,12372468,15104227,19931078,19931078,17983420,15120698,20063560,20190557,23302395,16249290,23472165,24012197,16084891,24571615,25912412,16750201,11912283,19055724,12029073,24648304,25912412,12934347,16150151,11020520,24127964,20137818,9102363,24018808,22884659,16616093,18849443,25912412,9065182,9043920,22563025,25996258,12934347,16202314,11020520,9886539,24127964,19467764,26054109,22447624,26409150,18222435,21397694,26054109
7850,IL1R2,25449831,2454848,11675475,12760253,15588473,10381818,19230253,9436699,26216523,18490013,16750201,19055724,20858448,20537326,24188612,23141164,22017422,10433073,9764347,8738720,15507512,25912412,25194152,20031030,24188612,19429661,25446850,22384446,19903049,19401003,24613539,17624337,24210790,9130910,24613539,17609243,15236995,14748845,18955785,16723371,18644593,15019822,16723371,16762179,17141400,18644593,15019822,25201101,23340055,22883517,22736326,25422360,24661731,22563025,11883311,16644787,12107265,22065163,23011643,17509581,16309234,11163832,19931078,22266326,25134292,16533339,9065182,12372468,15104227,19931078,19931078,17983420,15120698,20063560,20190557,23302395,16249290,23472165,24012197,16084891,24571615,25912412,16750201,11912283,19055724,12029073,24648304,25912412,12934347,16150151,11020520,24127964,20137818,9102363,24018808,22884659,16616093,18849443,25912412,9065182,9043920,22563025,25996258,12934347,16202314,11020520,9886539,24127964,19467764,26054109,22447624,26409150,18222435,21397694,26054109
3557,IL1RN,25449831,2454848,11675475,12760253,15588473,10381818,19230253,9436699,26216523,18490013,16750201,19055724,20858448,20537326,24188612,23141164,22017422,10433073,9764347,8738720,15507512,25912412,25194152,20031030,24188612,19429661,25446850,22384446,19903049,19401003,24613539,17624337,24210790,9130910,24613539,17609243,15236995,14748845,18955785,16723371,18644593,15019822,16723371,16762179,17141400,18644593,15019822,25201101,23340055,22883517,22736326,25422360,24661731,22563025,11883311,16644787,12107265,22065163,23011643,17509581,16309234,11163832,19931078,22266326,25134292,16533339,9065182,12372468,15104227,19931078,19931078,17983420,15120698,20063560,20190557,23302395,16249290,23472165,24012197,16084891,24571615,25912412,16750201,11912283,19055724,12029073,24648304,25912412,12934347,16150151,11020520,24127964,20137818,9102363,24018808,22884659,16616093,18849443,25912412,9065182,9043920,22563025,25996258,12934347,16202314,11020520,9886539,24127964,19467764,26054109,22447624,26409150,18222435,21397694,26054109
3556,IL1RAP,25449831,2454848,11675475,12760253,15588473,10381818,19230253,9436699,26216523,18490013,16750201,19055724,20858448,20537326,24188612,23141164,22017422,10433073,9764347,8738720,15507512,25912412,25194152,20031030,24188612,19429661,25446850,22384446,19903049,19401003,24613539,17624337,24210790,9130910,24613539,17609243,15236995,14748845,18955785,16723371,18644593,15019822,16723371,16762179,17141400,18644593,15019822,25201101,23340055,22883517,22736326,25422360,24661731,22563025,11883311,16644787,12107265,22065163,23011643,17509581,16309234,11163832,19931078,22266326,25134292,16533339,9065182,12372468,15104227,19931078,19931078,17983420,15120698,20063560,20190557,23302395,16249290,23472165,24012197,16084891,24571615,25912412,16750201,11912283,19055724,12029073,24648304,25912412,12934347,16150151,11020520,24127964,20137818,9102363,24018808,22884659,16616093,18849443,25912412,9065182,9043920,22563025,25996258,12934347,16202314,11020520,9886539,24127964,19467764,26054109,22447624,26409150,18222435,21397694,26054109
3558,IL2,25449831,2454848,11675475,12760253,15588473,10381818,19230253,9436699,26216523,18490013,16750201,19055724,20858448,20537326,24188612,23141164,22017422,10433073,9764347,8738720,15507512,25912412,25194152,20031030,24188612,19429661,25446850,22384446,19903049,19401003,24613539,17624337,24210790,9130910,24613539,17609243,15236995,14748845,18955785,16723371,18644593,15019822,16723371,16762179,17141400,18644593,15019822,25201101,23340055,22883517,22736326,25422360,24661731,22563025,11883311,16644787,12107265,22065163,23011643,17509581,16309234,11163832,19931078,22266326,25134292,16533339,9065182,12372468,15104227,19931078,19931078,17983420,15120698,20063560,20190557,23302395,16249290,23472165,24012197,16084891,24571615,25912412,16750201,11912283,19055724,12029073,24648304,25912412,12934347,16150151,11020520,24127964,20137818,9102363,24018808,22884659,16616093,18849443,25912412,9065182,9043920,22563025,25996258,12934347,16202314,11020520,9886539,24127964,19467764,26054109,22447624,26409150,18222435,21397694,26054109
50616,IL22,25449831,2454848,11675475,12760253,15588473,10381818,19230253,9436699,26216523,18490013,16750201,19055724,20858448,20537326,24188612,23141164,22017422,10433073,9764347,8738720,15507512,25912412,25194152,20031030,24188612,19429661,25446850,22384446,19903049,19401003,24613539,17624337,24210790,9130910,24613539,17609243,15236995,14748845,18955785,16723371,18644593,15019822,16723371,16762179,17141400,18644593,15019822,25201101,23340055,22883517,22736326,25422360,24661731,22563025,11883311,16644787,12107265,22065163,23011643,17509581,16309234,11163832,19931078,22266326,25134292,16533339,9065182,12372468,15104227,19931078,19931078,17983420,15120698,20063560,20190557,23302395,16249290,23472165,24012197,16084891,24571615,25912412,16750201,11912283,19055724,12029073,24648304,25912412,12934347,16150151,11020520,24127964,20137818,9102363,24018808,22884659,16616093,18849443,25912412,9065182,9043920,22563025,25996258,12934347,16202314,11020520,9886539,24127964,19467764,26054109,22447624,26409150,18222435,21397694,26054109
51561,IL23A,25449831,2454848,11675475,12760253,15588473,10381818,19230253,9436699,26216523,18490013,16750201,19055724,20858448,20537326,24188612,23141164,22017422,10433073,9764347,8738720,15507512,25912412,25194152,20031030,24188612,19429661,25446850,22384446,19903049,19401003,24613539,17624337,24210790,9130910,24613539,17609243,15236995,14748845,18955785,16723371,18644593,15019822,16723371,16762179,17141400,18644593,15019822,25201101,23340055,22883517,22736326,25422360,24661731,22563025,11883311,16644787,12107265,22065163,23011643,17509581,16309234,11163832,19931078,22266326,25134292,16533339,9065182,12372468,15104227,19931078,19931078,17983420,15120698,20063560,20190557,23302395,16249290,23472165,24012197,16084891,24571615,25912412,16750201,11912283,19055724,12029073,24648304,25912412,12934347,16150151,11020520,24127964,20137818,9102363,24018808,22884659,16616093,18849443,25912412,9065182,9043920,22563025,25996258,12934347,16202314,11020520,9886539,24127964,19467764,26054109,22447624,26409150,18222435,21397694,26054109
3559,IL2RA,25449831,25449831,2454848,2454848,11675475,11675475,12760253,12760253,15588473,15588473,10381818,10381818,19230253,19230253,9436699,9436699,26216523,26216523,18490013,18490013,16750201,16750201,19055724,19055724,20858448,20858448,20537326,20537326,24188612,24188612,23141164,23141164,22017422,22017422,10433073,10433073,9764347,9764347,8738720,8738720,15507512,15507512,25912412,25912412,25194152,25194152,20031030,20031030,24188612,24188612,19429661,19429661,25446850,25446850,22384446,22384446,19903049,19903049,19401003,19401003,24613539,24613539,17624337,17624337,24210790,24210790,9130910,9130910,24613539,24613539,17609243,17609243,15236995,15236995,14748845,14748845,18955785,18955785,16723371,16723371,18644593,18644593,15019822,15019822,16723371,16723371,16762179,16762179,17141400,17141400,18644593,18644593,15019822,15019822,25201101,25201101,23340055,23340055,22883517,22883517,22736326,22736326,25422360,25422360,24661731,24661731,22563025,22563025,11883311,11883311,16644787,16644787,12107265,12107265,22065163
3560,IL2RB,25449831,2454848,11675475,12760253,15588473,10381818,19230253,9436699,26216523,18490013,16750201,19055724,20858448,20537326,24188612,23141164,22017422,10433073,9764347,8738720,15507512,25912412,25194152,20031030,24188612,19429661,25446850,22384446,19903049,19401003,24613539,17624337,24210790,9130910,24613539,17609243,15236995,14748845,18955785,16723371,18644593,15019822,16723371,16762179,17141400,18644593,15019822,25201101,23340055,22883517,22736326,25422360,24661731,22563025,11883311,16644787,12107265,22065163,23011643,17509581,16309234,11163832,19931078,22266326,25134292,16533339,9065182,12372468,15104227,19931078,19931078,17983420,15120698,20063560,20190557,23302395,16249290,23472165,24012197,16084891,24571615,25912412,16750201,11912283,19055724,12029073,24648304,25912412,12934347,16150151,11020520,24127964,20137818,9102363,24018808,22884659,16616093,18849443,25912412,9065182,9043920,22563025,25996258,12934347,16202314,11020520,9886539,24127964,19467764,26054109,22447624,26409150,18222435,21397694,26054109
90865,IL33,25449831,2454848,11675475,12760253,15588473,10381818,19230253,9436699,26216523,18490013,16750201,19055724,20858448,20537326,24188612,23141164,22017422,10433073,9764347,8738720,15507512,25912412,25194152,20031030,24188612,19429661,25446850,22384446,19903049,19401003,24613539,17624337,24210790,9130910,24613539,17609243,15236995,14748845,18955785,16723371,18644593,15019822,16723371,16762179,17141400,18644593,15019822,25201101,23340055,22883517,22736326,25422360,24661731,22563025,11883311,16644787,12107265,22065163,23011643,17509581,16309234,11163832,19931078,22266326,25134292,16533339,9065182,12372468,15104227,19931078,19931078,17983420,15120698,20063560,20190557,23302395,16249290,23472165,24012197,16084891,24571615,25912412,16750201,11912283,19055724,12029073,24648304,25912412,12934347,16150151,11020520,24127964,20137818,9102363,24018808,22884659,16616093,18849443,25912412,9065182,9043920,22563025,25996258,12934347,16202314,11020520,9886539,24127964,19467764,26054109,22447624,26409150,18222435,21397694,26054109
3565,IL4,25449831,2454848,11675475,12760253,15588473,10381818,19230253,9436699,26216523,18490013,16750201,19055724,20858448,20537326,24188612,23141164,22017422,10433073,9764347,8738720,15507512,25912412,25194152,20031030,24188612,19429661,25446850,22384446,19903049,19401003,24613539,17624337,24210790,9130910,24613539,17609243,15236995,14748845,18955785,16723371,18644593,15019822,16723371,16762179,17141400,18644593,15019822,25201101,23340055,22883517,22736326,25422360,24661731,22563025,11883311,16644787,12107265,22065163,23011643,17509581,16309234,11163832,19931078,22266326,25134292,16533339,9065182,12372468,15104227,19931078,19931078,17983420,15120698,20063560,20190557,23302395,16249290,23472165,24012197,16084891,24571615,25912412,16750201,11912283,19055724,12029073,24648304,25912412,12934347,16150151,11020520,24127964,20137818,9102363,24018808,22884659,16616093,18849443,25912412,9065182,9043920,22563025,25996258,12934347,16202314,11020520,9886539,24127964,19467764,26054109,22447624,26409150,18222435,21397694,26054109
3567,IL5,25449831,2454848,11675475,12760253,15588473,10381818,19230253,9436699,26216523,18490013,16750201,19055724,20858448,20537326,24188612,23141164,22017422,10433073,9764347,8738720,15507512,25912412,25194152,20031030,24188612,19429661,25446850,22384446,19903049,19401003,24613539,17624337,24210790,9130910,24613539,17609243,15236995,14748845,18955785,16723371,18644593,15019822,16723371,16762179,17141400,18644593,15019822,25201101,23340055,22883517,22736326,25422360,24661731,22563025,11883311,16644787,12107265,22065163,23011643,17509581,16309234,11163832,19931078,22266326,25134292,16533339,9065182,12372468,15104227,19931078,19931078,17983420,15120698,20063560,20190557,23302395,16249290,23472165,24012197,16084891,24571615,25912412,16750201,11912283,19055724,12029073,24648304,25912412,12934347,16150151,11020520,24127964,20137818,9102363,24018808,22884659,16616093,18849443,25912412,9065182,9043920,22563025,25996258,12934347,16202314,11020520,9886539,24127964,19467764,26054109,22447624,26409150,18222435,21397694,26054109
3570,IL6R,25449831,2454848,11675475,12760253,15588473,10381818,19230253,9436699,26216523,18490013,16750201,19055724,20858448,20537326,24188612,23141164,22017422,10433073,9764347,8738720,15507512,25912412,25194152,20031030,24188612,19429661,25446850,22384446,19903049,19401003,24613539,17624337,24210790,9130910,24613539,17609243,15236995,14748845,18955785,16723371,18644593,15019822,16723371,16762179,17141400,18644593,15019822,25201101,23340055,22883517,22736326,25422360,24661731,22563025,11883311,16644787,12107265,22065163,23011643,17509581,16309234,11163832,19931078,22266326,25134292,16533339,9065182,12372468,15104227,19931078,19931078,17983420,15120698,20063560,20190557,23302395,16249290,23472165,24012197,16084891,24571615,25912412,16750201,11912283,19055724,12029073,24648304,25912412,12934347,16150151,11020520,24127964,20137818,9102363,24018808,22884659,16616093,18849443,25912412,9065182,9043920,22563025,25996258,12934347,16202314,11020520,9886539,24127964,19467764,26054109,22447624,26409150,18222435,21397694,26054109
3572,IL6ST,25449831,2454848,11675475,12760253,15588473,10381818,19230253,9436699,26216523,18490013,16750201,19055724,20858448,20537326,24188612,23141164,22017422,10433073,9764347,8738720,15507512,25912412,25194152,20031030,24188612,19429661,25446850,22384446,19903049,19401003,24613539,17624337,24210790,9130910,24613539,17609243,15236995,14748845,18955785,16723371,18644593,15019822,16723371,16762179,17141400,18644593,15019822,25201101,23340055,22883517,22736326,25422360,24661731,22563025,11883311,16644787,12107265,22065163,23011643,17509581,16309234,11163832,19931078,22266326,25134292,16533339,9065182,12372468,15104227,19931078,19931078,17983420,15120698,20063560,20190557,23302395,16249290,23472165,24012197,16084891,24571615,25912412,16750201,11912283,19055724,12029073,24648304,25912412,12934347,16150151,11020520,24127964,20137818,9102363,24018808,22884659,16616093,18849443,25912412,9065182,9043920,22563025,25996258,12934347,16202314,11020520,9886539,24127964,19467764,26054109,22447624,26409150,18222435,21397694,26054109
80895,ILKAP,25449831,2454848,11675475,12760253,15588473,10381818,19230253,9436699,26216523,18490013,16750201,19055724,20858448,20537326,24188612,23141164,22017422,10433073,9764347,8738720,15507512,25912412,25194152,20031030,24188612,19429661,25446850,22384446,19903049,19401003,24613539,17624337,24210790,9130910,24613539,17609243,15236995,14748845,18955785,16723371,18644593,15019822,16723371,16762179,17141400,18644593,15019822,25201101,23340055,22883517,22736326,25422360,24661731,22563025,11883311,16644787,12107265,22065163,23011643,17509581,16309234,11163832,19931078,22266326,25134292,16533339,9065182,12372468,15104227,19931078,19931078,17983420,15120698,20063560,20190557,23302395,16249290,23472165,24012197,16084891,24571615,25912412,16750201,11912283,19055724,12029073,24648304,25912412,12934347,16150151,11020520,24127964,20137818,9102363,24018808,22884659,16616093,18849443,25912412,9065182,9043920,22563025,25996258,12934347,16202314,11020520,9886539,24127964,19467764,26054109,22447624,26409150,18222435,21397694,26054109
3623,INHA,25449831,2454848,11675475,12760253,15588473,10381818,19230253,9436699,26216523,18490013,16750201,19055724,20858448,20537326,24188612,23141164,22017422,10433073,9764347,8738720,15507512,25912412,25194152,20031030,24188612,19429661,25446850,22384446,19903049,19401003,24613539,17624337,24210790,9130910,24613539,17609243,15236995,14748845,18955785,16723371,18644593,15019822,16723371,16762179,17141400,18644593,15019822,25201101,23340055,22883517,22736326,25422360,24661731,22563025,11883311,16644787,12107265,22065163,23011643,17509581,16309234,11163832,19931078,22266326,25134292,16533339,9065182,12372468,15104227,19931078,19931078,17983420,15120698,20063560,20190557,23302395,16249290,23472165,24012197,16084891,24571615,25912412,16750201,11912283,19055724,12029073,24648304,25912412,12934347,16150151,11020520,24127964,20137818,9102363,24018808,22884659,16616093,18849443,25912412,9065182,9043920,22563025,25996258,12934347,16202314,11020520,9886539,24127964,19467764,26054109,22447624,26409150,18222435,21397694,26054109
3624,INHBA,25449831,2454848,11675475,12760253,15588473,10381818,19230253,9436699,26216523,18490013,16750201,19055724,20858448,20537326,24188612,23141164,22017422,10433073,9764347,8738720,15507512,25912412,25194152,20031030,24188612,19429661,25446850,22384446,19903049,19401003,24613539,17624337,24210790,9130910,24613539,17609243,15236995,14748845,18955785,16723371,18644593,15019822,16723371,16762179,17141400,18644593,15019822,25201101,23340055,22883517,22736326,25422360,24661731,22563025,11883311,16644787,12107265,22065163,23011643,17509581,16309234,11163832,19931078,22266326,25134292,16533339,9065182,12372468,15104227,19931078,19931078,17983420,15120698,20063560,20190557,23302395,16249290,23472165,24012197,16084891,24571615,25912412,16750201,11912283,19055724,12029073,24648304,25912412,12934347,16150151,11020520,24127964,20137818,9102363,24018808,22884659,16616093,18849443,25912412,9065182,9043920,22563025,25996258,12934347,16202314,11020520,9886539,24127964,19467764,26054109,22447624,26409150,18222435,21397694,26054109
8660,IRS2,25449831,2454848,11675475,12760253,15588473,10381818,19230253,9436699,26216523,18490013,16750201,19055724,20858448,20537326,24188612,23141164,22017422,10433073,9764347,8738720,15507512,25912412,25194152,20031030,24188612,19429661,25446850,22384446,19903049,19401003,24613539,17624337,24210790,9130910,24613539,17609243,15236995,14748845,18955785,16723371,18644593,15019822,16723371,16762179,17141400,18644593,15019822,25201101,23340055,22883517,22736326,25422360,24661731,22563025,11883311,16644787,12107265,22065163,23011643,17509581,16309234,11163832,19931078,22266326,25134292,16533339,9065182,12372468,15104227,19931078,19931078,17983420,15120698,20063560,20190557,23302395,16249290,23472165,24012197,16084891,24571615,25912412,16750201,11912283,19055724,12029073,24648304,25912412,12934347,16150151,11020520,24127964,20137818,9102363,24018808,22884659,16616093,18849443,25912412,9065182,9043920,22563025,25996258,12934347,16202314,11020520,9886539,24127964,19467764,26054109,22447624,26409150,18222435,21397694,26054109
3669,ISG20,25449831,2454848,11675475,12760253,15588473,10381818,19230253,9436699,26216523,18490013,16750201,19055724,20858448,20537326,24188612,23141164,22017422,10433073,9764347,8738720,15507512,25912412,25194152,20031030,24188612,19429661,25446850,22384446,19903049,19401003,24613539,17624337,24210790,9130910,24613539,17609243,15236995,14748845,18955785,16723371,18644593,15019822,16723371,16762179,17141400,18644593,15019822,25201101,23340055,22883517,22736326,25422360,24661731,22563025,11883311,16644787,12107265,22065163,23011643,17509581,16309234,11163832,19931078,22266326,25134292,16533339,9065182,12372468,15104227,19931078,19931078,17983420,15120698,20063560,20190557,23302395,16249290,23472165,24012197,16084891,24571615,25912412,16750201,11912283,19055724,12029073,24648304,25912412,12934347,16150151,11020520,24127964,20137818,9102363,24018808,22884659,16616093,18849443,25912412,9065182,9043920,22563025,25996258,12934347,16202314,11020520,9886539,24127964,19467764,26054109,22447624,26409150,18222435,21397694,26054109
3675,ITGA3,25449831,2454848,11675475,12760253,15588473,10381818,19230253,9436699,26216523,18490013,16750201,19055724,20858448,20537326,24188612,23141164,22017422,10433073,9764347,8738720,15507512,25912412,25194152,20031030,24188612,19429661,25446850,22384446,19903049,19401003,24613539,17624337,24210790,9130910,24613539,17609243,15236995,14748845,18955785,16723371,18644593,15019822,16723371,16762179,17141400,18644593,15019822,25201101,23340055,22883517,22736326,25422360,24661731,22563025,11883311,16644787,12107265,22065163,23011643,17509581,16309234,11163832,19931078,22266326,25134292,16533339,9065182,12372468,15104227,19931078,19931078,17983420,15120698,20063560,20190557,23302395,16249290,23472165,24012197,16084891,24571615,25912412,16750201,11912283,19055724,12029073,24648304,25912412,12934347,16150151,11020520,24127964,20137818,9102363,24018808,22884659,16616093,18849443,25912412,9065182,9043920,22563025,25996258,12934347,16202314,11020520,9886539,24127964,19467764,26054109,22447624,26409150,18222435,21397694,26054109
3655,ITGA6,25449831,2454848,11675475,12760253,15588473,10381818,19230253,9436699,26216523,18490013,16750201,19055724,20858448,20537326,24188612,23141164,22017422,10433073,9764347,8738720,15507512,25912412,25194152,20031030,24188612,19429661,25446850,22384446,19903049,19401003,24613539,17624337,24210790,9130910,24613539,17609243,15236995,14748845,18955785,16723371,18644593,15019822,16723371,16762179,17141400,18644593,15019822,25201101,23340055,22883517,22736326,25422360,24661731,22563025,11883311,16644787,12107265,22065163,23011643,17509581,16309234,11163832,19931078,22266326,25134292,16533339,9065182,12372468,15104227,19931078,19931078,17983420,15120698,20063560,20190557,23302395,16249290,23472165,24012197,16084891,24571615,25912412,16750201,11912283,19055724,12029073,24648304,25912412,12934347,16150151,11020520,24127964,20137818,9102363,24018808,22884659,16616093,18849443,25912412,9065182,9043920,22563025,25996258,12934347,16202314,11020520,9886539,24127964,19467764,26054109,22447624,26409150,18222435,21397694,26054109
3685,ITGAV,25449831,2454848,11675475,12760253,15588473,10381818,19230253,9436699,26216523,18490013,16750201,19055724,20858448,20537326,24188612,23141164,22017422,10433073,9764347,8738720,15507512,25912412,25194152,20031030,24188612,19429661,25446850,22384446,19903049,19401003,24613539,17624337,24210790,9130910,24613539,17609243,15236995,14748845,18955785,16723371,18644593,15019822,16723371,16762179,17141400,18644593,15019822,25201101,23340055,22883517,22736326,25422360,24661731,22563025,11883311,16644787,12107265,22065163,23011643,17509581,16309234,11163832,19931078,22266326,25134292,16533339,9065182,12372468,15104227,19931078,19931078,17983420,15120698,20063560,20190557,23302395,16249290,23472165,24012197,16084891,24571615,25912412,16750201,11912283,19055724,12029073,24648304,25912412,12934347,16150151,11020520,24127964,20137818,9102363,24018808,22884659,16616093,18849443,25912412,9065182,9043920,22563025,25996258,12934347,16202314,11020520,9886539,24127964,19467764,26054109,22447624,26409150,18222435,21397694,26054109
3688,ITGB1,25449831,2454848,11675475,12760253,15588473,10381818,19230253,9436699,26216523,18490013,16750201,19055724,20858448,20537326,24188612,23141164,22017422,10433073,9764347,8738720,15507512,25912412,25194152,20031030,24188612,19429661,25446850,22384446,19903049,19401003,24613539,17624337,24210790,9130910,24613539,17609243,15236995,14748845,18955785,16723371,18644593,15019822,16723371,16762179,17141400,18644593,15019822,25201101,23340055,22883517,22736326,25422360,24661731,22563025,11883311,16644787,12107265,22065163,23011643,17509581,16309234,11163832,19931078,22266326,25134292,16533339,9065182,12372468,15104227,19931078,19931078,17983420,15120698,20063560,20190557,23302395,16249290,23472165,24012197,16084891,24571615,25912412,16750201,11912283,19055724,12029073,24648304,25912412,12934347,16150151,11020520,24127964,20137818,9102363,24018808,22884659,16616093,18849443,25912412,9065182,9043920,22563025,25996258,12934347,16202314,11020520,9886539,24127964,19467764,26054109,22447624,26409150,18222435,21397694,26054109
3693,ITGB5,25449831,2454848,11675475,12760253,15588473,10381818,19230253,9436699,26216523,18490013,16750201,19055724,20858448,20537326,24188612,23141164,22017422,10433073,9764347,8738720,15507512,25912412,25194152,20031030,24188612,19429661,25446850,22384446,19903049,19401003,24613539,17624337,24210790,9130910,24613539,17609243,15236995,14748845,18955785,16723371,18644593,15019822,16723371,16762179,17141400,18644593,15019822,25201101,23340055,22883517,22736326,25422360,24661731,22563025,11883311,16644787,12107265,22065163,23011643,17509581,16309234,11163832,19931078,22266326,25134292,16533339,9065182,12372468,15104227,19931078,19931078,17983420,15120698,20063560,20190557,23302395,16249290,23472165,24012197,16084891,24571615,25912412,16750201,11912283,19055724,12029073,24648304,25912412,12934347,16150151,11020520,24127964,20137818,9102363,24018808,22884659,16616093,18849443,25912412,9065182,9043920,22563025,25996258,12934347,16202314,11020520,9886539,24127964,19467764,26054109,22447624,26409150,18222435,21397694,26054109
3694,ITGB6,25449831,2454848,11675475,12760253,15588473,10381818,19230253,9436699,26216523,18490013,16750201,19055724,20858448,20537326,24188612,23141164,22017422,10433073,9764347,8738720,15507512,25912412,25194152,20031030,24188612,19429661,25446850,22384446,19903049,19401003,24613539,17624337,24210790,9130910,24613539,17609243,15236995,14748845,18955785,16723371,18644593,15019822,16723371,16762179,17141400,18644593,15019822,25201101,23340055,22883517,22736326,25422360,24661731,22563025,11883311,16644787,12107265,22065163,23011643,17509581,16309234,11163832,19931078,22266326,25134292,16533339,9065182,12372468,15104227,19931078,19931078,17983420,15120698,20063560,20190557,23302395,16249290,23472165,24012197,16084891,24571615,25912412,16750201,11912283,19055724,12029073,24648304,25912412,12934347,16150151,11020520,24127964,20137818,9102363,24018808,22884659,16616093,18849443,25912412,9065182,9043920,22563025,25996258,12934347,16202314,11020520,9886539,24127964,19467764,26054109,22447624,26409150,18222435,21397694,26054109
182,JAG1,25449831,25449831,2454848,2454848,11675475,11675475,12760253,12760253,15588473,15588473,10381818,10381818,19230253,19230253,9436699,9436699,26216523,26216523,18490013,18490013,16750201,16750201,19055724,19055724,20858448,20858448,20537326,20537326,24188612,24188612,23141164,23141164,22017422,22017422,10433073,10433073,9764347,9764347,8738720,8738720,15507512,15507512,25912412,25912412,25194152,25194152,20031030,20031030,24188612,24188612,19429661,19429661,25446850,25446850,22384446,22384446,19903049,19903049,19401003,19401003,24613539,24613539,17624337,17624337,24210790,24210790,9130910,9130910,24613539,24613539,17609243,17609243,15236995,15236995,14748845,14748845,18955785,18955785,16723371,16723371,18644593,18644593,15019822,15019822,16723371,16723371,16762179,16762179,17141400,17141400,18644593,18644593,15019822,15019822,25201101,25201101,23340055,23340055,22883517,22883517,22736326,22736326,25422360,25422360,24661731,24661731,22563025,22563025,11883311,11883311,16644787,16644787,12107265,12107265,22065163
3716,JAK1,25449831,25449831,2454848,2454848,11675475,11675475,12760253,12760253,15588473,15588473,10381818,10381818,19230253,19230253,9436699,9436699,26216523,26216523,18490013,18490013,16750201,16750201,19055724,19055724,20858448,20858448,20537326,20537326,24188612,24188612,23141164,23141164,22017422,22017422,10433073,10433073,9764347,9764347,8738720,8738720,15507512,15507512,25912412,25912412,25194152,25194152,20031030,20031030,24188612,24188612,19429661,19429661,25446850,25446850,22384446,22384446,19903049,19903049,19401003,19401003,24613539,24613539,17624337,17624337,24210790,24210790,9130910,9130910,24613539,24613539,17609243,17609243,15236995,15236995,14748845,14748845,18955785,18955785,16723371,16723371,18644593,18644593,15019822,15019822,16723371,16723371,16762179,16762179,17141400,17141400,18644593,18644593,15019822,15019822,25201101,25201101,23340055,23340055,22883517,22883517,22736326,22736326,25422360,25422360,24661731,24661731,22563025,22563025,11883311,11883311,16644787,16644787,12107265,12107265,22065163
3725,JUN,25449831,2454848,11675475,12760253,15588473,10381818,19230253,9436699,26216523,18490013,16750201,19055724,20858448,20537326,24188612,23141164,22017422,10433073,9764347,8738720,15507512,25912412,25194152,20031030,24188612,19429661,25446850,22384446,19903049,19401003,24613539,17624337,24210790,9130910,24613539,17609243,15236995,14748845,18955785,16723371,18644593,15019822,16723371,16762179,17141400,18644593,15019822,25201101,23340055,22883517,22736326,25422360,24661731,22563025,11883311,16644787,12107265,22065163,23011643,17509581,16309234,11163832,19931078,22266326,25134292,16533339,9065182,12372468,15104227,19931078,19931078,17983420,15120698,20063560,20190557,23302395,16249290,23472165,24012197,16084891,24571615,25912412,16750201,11912283,19055724,12029073,24648304,25912412,12934347,16150151,11020520,24127964,20137818,9102363,24018808,22884659,16616093,18849443,25912412,9065182,9043920,22563025,25996258,12934347,16202314,11020520,9886539,24127964,19467764,26054109,22447624,26409150,18222435,21397694,26054109
3791,KDR,25449831,2454848,11675475,12760253,15588473,10381818,19230253,9436699,26216523,18490013,16750201,19055724,20858448,20537326,24188612,23141164,22017422,10433073,9764347,8738720,15507512,25912412,25194152,20031030,24188612,19429661,25446850,22384446,19903049,19401003,24613539,17624337,24210790,9130910,24613539,17609243,15236995,14748845,18955785,16723371,18644593,15019822,16723371,16762179,17141400,18644593,15019822,25201101,23340055,22883517,22736326,25422360,24661731,22563025,11883311,16644787,12107265,22065163,23011643,17509581,16309234,11163832,19931078,22266326,25134292,16533339,9065182,12372468,15104227,19931078,19931078,17983420,15120698,20063560,20190557,23302395,16249290,23472165,24012197,16084891,24571615,25912412,16750201,11912283,19055724,12029073,24648304,25912412,12934347,16150151,11020520,24127964,20137818,9102363,24018808,22884659,16616093,18849443,25912412,9065182,9043920,22563025,25996258,12934347,16202314,11020520,9886539,24127964,19467764,26054109,22447624,26409150,18222435,21397694,26054109
4288,MKI67,25449831,2454848,11675475,12760253,15588473,10381818,19230253,9436699,26216523,18490013,16750201,19055724,20858448,20537326,24188612,23141164,22017422,10433073,9764347,8738720,15507512,25912412,25194152,20031030,24188612,19429661,25446850,22384446,19903049,19401003,24613539,17624337,24210790,9130910,24613539,17609243,15236995,14748845,18955785,16723371,18644593,15019822,16723371,16762179,17141400,18644593,15019822,25201101,23340055,22883517,22736326,25422360,24661731,22563025,11883311,16644787,12107265,22065163,23011643,17509581,16309234,11163832,19931078,22266326,25134292,16533339,9065182,12372468,15104227,19931078,19931078,17983420,15120698,20063560,20190557,23302395,16249290,23472165,24012197,16084891,24571615,25912412,16750201,11912283,19055724,12029073,24648304,25912412,12934347,16150151,11020520,24127964,20137818,9102363,24018808,22884659,16616093,18849443,25912412,9065182,9043920,22563025,25996258,12934347,16202314,11020520,9886539,24127964,19467764,26054109,22447624,26409150,18222435,21397694,26054109
22920,KIFAP3,25449831,2454848,11675475,12760253,15588473,10381818,19230253,9436699,26216523,18490013,16750201,19055724,20858448,20537326,24188612,23141164,22017422,10433073,9764347,8738720,15507512,25912412,25194152,20031030,24188612,19429661,25446850,22384446,19903049,19401003,24613539,17624337,24210790,9130910,24613539,17609243,15236995,14748845,18955785,16723371,18644593,15019822,16723371,16762179,17141400,18644593,15019822,25201101,23340055,22883517,22736326,25422360,24661731,22563025,11883311,16644787,12107265,22065163,23011643,17509581,16309234,11163832,19931078,22266326,25134292,16533339,9065182,12372468,15104227,19931078,19931078,17983420,15120698,20063560,20190557,23302395,16249290,23472165,24012197,16084891,24571615,25912412,16750201,11912283,19055724,12029073,24648304,25912412,12934347,16150151,11020520,24127964,20137818,9102363,24018808,22884659,16616093,18849443,25912412,9065182,9043920,22563025,25996258,12934347,16202314,11020520,9886539,24127964,19467764,26054109,22447624,26409150,18222435,21397694,26054109
3811,KIR3DL1,25449831,2454848,11675475,12760253,15588473,10381818,19230253,9436699,26216523,18490013,16750201,19055724,20858448,20537326,24188612,23141164,22017422,10433073,9764347,8738720,15507512,25912412,25194152,20031030,24188612,19429661,25446850,22384446,19903049,19401003,24613539,17624337,24210790,9130910,24613539,17609243,15236995,14748845,18955785,16723371,18644593,15019822,16723371,16762179,17141400,18644593,15019822,25201101,23340055,22883517,22736326,25422360,24661731,22563025,11883311,16644787,12107265,22065163,23011643,17509581,16309234,11163832,19931078,22266326,25134292,16533339,9065182,12372468,15104227,19931078,19931078,17983420,15120698,20063560,20190557,23302395,16249290,23472165,24012197,16084891,24571615,25912412,16750201,11912283,19055724,12029073,24648304,25912412,12934347,16150151,11020520,24127964,20137818,9102363,24018808,22884659,16616093,18849443,25912412,9065182,9043920,22563025,25996258,12934347,16202314,11020520,9886539,24127964,19467764,26054109,22447624,26409150,18222435,21397694,26054109
3809,KIR2DS4,25449831,2454848,11675475,12760253,15588473,10381818,19230253,9436699,26216523,18490013,16750201,19055724,20858448,20537326,24188612,23141164,22017422,10433073,9764347,8738720,15507512,25912412,25194152,20031030,24188612,19429661,25446850,22384446,19903049,19401003,24613539,17624337,24210790,9130910,24613539,17609243,15236995,14748845,18955785,16723371,18644593,15019822,16723371,16762179,17141400,18644593,15019822,25201101,23340055,22883517,22736326,25422360,24661731,22563025,11883311,16644787,12107265,22065163,23011643,17509581,16309234,11163832,19931078,22266326,25134292,16533339,9065182,12372468,15104227,19931078,19931078,17983420,15120698,20063560,20190557,23302395,16249290,23472165,24012197,16084891,24571615,25912412,16750201,11912283,19055724,12029073,24648304,25912412,12934347,16150151,11020520,24127964,20137818,9102363,24018808,22884659,16616093,18849443,25912412,9065182,9043920,22563025,25996258,12934347,16202314,11020520,9886539,24127964,19467764,26054109,22447624,26409150,18222435,21397694,26054109
84634,KISS1R,25449831,2454848,11675475,12760253,15588473,10381818,19230253,9436699,26216523,18490013,16750201,19055724,20858448,20537326,24188612,23141164,22017422,10433073,9764347,8738720,15507512,25912412,25194152,20031030,24188612,19429661,25446850,22384446,19903049,19401003,24613539,17624337,24210790,9130910,24613539,17609243,15236995,14748845,18955785,16723371,18644593,15019822,16723371,16762179,17141400,18644593,15019822,25201101,23340055,22883517,22736326,25422360,24661731,22563025,11883311,16644787,12107265,22065163,23011643,17509581,16309234,11163832,19931078,22266326,25134292,16533339,9065182,12372468,15104227,19931078,19931078,17983420,15120698,20063560,20190557,23302395,16249290,23472165,24012197,16084891,24571615,25912412,16750201,11912283,19055724,12029073,24648304,25912412,12934347,16150151,11020520,24127964,20137818,9102363,24018808,22884659,16616093,18849443,25912412,9065182,9043920,22563025,25996258,12934347,16202314,11020520,9886539,24127964,19467764,26054109,22447624,26409150,18222435,21397694,26054109
3815,KIT,25449831,2454848,11675475,12760253,15588473,10381818,19230253,9436699,26216523,18490013,16750201,19055724,20858448,20537326,24188612,23141164,22017422,10433073,9764347,8738720,15507512,25912412,25194152,20031030,24188612,19429661,25446850,22384446,19903049,19401003,24613539,17624337,24210790,9130910,24613539,17609243,15236995,14748845,18955785,16723371,18644593,15019822,16723371,16762179,17141400,18644593,15019822,25201101,23340055,22883517,22736326,25422360,24661731,22563025,11883311,16644787,12107265,22065163,23011643,17509581,16309234,11163832,19931078,22266326,25134292,16533339,9065182,12372468,15104227,19931078,19931078,17983420,15120698,20063560,20190557,23302395,16249290,23472165,24012197,16084891,24571615,25912412,16750201,11912283,19055724,12029073,24648304,25912412,12934347,16150151,11020520,24127964,20137818,9102363,24018808,22884659,16616093,18849443,25912412,9065182,9043920,22563025,25996258,12934347,16202314,11020520,9886539,24127964,19467764,26054109,22447624,26409150,18222435,21397694,26054109
3845,KRAS,25449831,2454848,11675475,12760253,15588473,10381818,19230253,9436699,26216523,18490013,16750201,19055724,20858448,20537326,24188612,23141164,22017422,10433073,9764347,8738720,15507512,25912412,25194152,20031030,24188612,19429661,25446850,22384446,19903049,19401003,24613539,17624337,24210790,9130910,24613539,17609243,15236995,14748845,18955785,16723371,18644593,15019822,16723371,16762179,17141400,18644593,15019822,25201101,23340055,22883517,22736326,25422360,24661731,22563025,11883311,16644787,12107265,22065163,23011643,17509581,16309234,11163832,19931078,22266326,25134292,16533339,9065182,12372468,15104227,19931078,19931078,17983420,15120698,20063560,20190557,23302395,16249290,23472165,24012197,16084891,24571615,25912412,16750201,11912283,19055724,12029073,24648304,25912412,12934347,16150151,11020520,24127964,20137818,9102363,24018808,22884659,16616093,18849443,25912412,9065182,9043920,22563025,25996258,12934347,16202314,11020520,9886539,24127964,19467764,26054109,22447624,26409150,18222435,21397694,26054109
8844,KSR1,25449831,2454848,11675475,12760253,15588473,10381818,19230253,9436699,26216523,18490013,16750201,19055724,20858448,20537326,24188612,23141164,22017422,10433073,9764347,8738720,15507512,25912412,25194152,20031030,24188612,19429661,25446850,22384446,19903049,19401003,24613539,17624337,24210790,9130910,24613539,17609243,15236995,14748845,18955785,16723371,18644593,15019822,16723371,16762179,17141400,18644593,15019822,25201101,23340055,22883517,22736326,25422360,24661731,22563025,11883311,16644787,12107265,22065163,23011643,17509581,16309234,11163832,19931078,22266326,25134292,16533339,9065182,12372468,15104227,19931078,19931078,17983420,15120698,20063560,20190557,23302395,16249290,23472165,24012197,16084891,24571615,25912412,16750201,11912283,19055724,12029073,24648304,25912412,12934347,16150151,11020520,24127964,20137818,9102363,24018808,22884659,16616093,18849443,25912412,9065182,9043920,22563025,25996258,12934347,16202314,11020520,9886539,24127964,19467764,26054109,22447624,26409150,18222435,21397694,26054109
3897,L1CAM,25449831,2454848,11675475,12760253,15588473,10381818,19230253,9436699,26216523,18490013,16750201,19055724,20858448,20537326,24188612,23141164,22017422,10433073,9764347,8738720,15507512,25912412,25194152,20031030,24188612,19429661,25446850,22384446,19903049,19401003,24613539,17624337,24210790,9130910,24613539,17609243,15236995,14748845,18955785,16723371,18644593,15019822,16723371,16762179,17141400,18644593,15019822,25201101,23340055,22883517,22736326,25422360,24661731,22563025,11883311,16644787,12107265,22065163,23011643,17509581,16309234,11163832,19931078,22266326,25134292,16533339,9065182,12372468,15104227,19931078,19931078,17983420,15120698,20063560,20190557,23302395,16249290,23472165,24012197,16084891,24571615,25912412,16750201,11912283,19055724,12029073,24648304,25912412,12934347,16150151,11020520,24127964,20137818,9102363,24018808,22884659,16616093,18849443,25912412,9065182,9043920,22563025,25996258,12934347,16202314,11020520,9886539,24127964,19467764,26054109,22447624,26409150,18222435,21397694,26054109
284217,LAMA1,25449831,2454848,11675475,12760253,15588473,10381818,19230253,9436699,26216523,18490013,16750201,19055724,20858448,20537326,24188612,23141164,22017422,10433073,9764347,8738720,15507512,25912412,25194152,20031030,24188612,19429661,25446850,22384446,19903049,19401003,24613539,17624337,24210790,9130910,24613539,17609243,15236995,14748845,18955785,16723371,18644593,15019822,16723371,16762179,17141400,18644593,15019822,25201101,23340055,22883517,22736326,25422360,24661731,22563025,11883311,16644787,12107265,22065163,23011643,17509581,16309234,11163832,19931078,22266326,25134292,16533339,9065182,12372468,15104227,19931078,19931078,17983420,15120698,20063560,20190557,23302395,16249290,23472165,24012197,16084891,24571615,25912412,16750201,11912283,19055724,12029073,24648304,25912412,12934347,16150151,11020520,24127964,20137818,9102363,24018808,22884659,16616093,18849443,25912412,9065182,9043920,22563025,25996258,12934347,16202314,11020520,9886539,24127964,19467764,26054109,22447624,26409150,18222435,21397694,26054109
3911,LAMA5,25449831,2454848,11675475,12760253,15588473,10381818,19230253,9436699,26216523,18490013,16750201,19055724,20858448,20537326,24188612,23141164,22017422,10433073,9764347,8738720,15507512,25912412,25194152,20031030,24188612,19429661,25446850,22384446,19903049,19401003,24613539,17624337,24210790,9130910,24613539,17609243,15236995,14748845,18955785,16723371,18644593,15019822,16723371,16762179,17141400,18644593,15019822,25201101,23340055,22883517,22736326,25422360,24661731,22563025,11883311,16644787,12107265,22065163,23011643,17509581,16309234,11163832,19931078,22266326,25134292,16533339,9065182,12372468,15104227,19931078,19931078,17983420,15120698,20063560,20190557,23302395,16249290,23472165,24012197,16084891,24571615,25912412,16750201,11912283,19055724,12029073,24648304,25912412,12934347,16150151,11020520,24127964,20137818,9102363,24018808,22884659,16616093,18849443,25912412,9065182,9043920,22563025,25996258,12934347,16202314,11020520,9886539,24127964,19467764,26054109,22447624,26409150,18222435,21397694,26054109
3918,LAMC2,25449831,2454848,11675475,12760253,15588473,10381818,19230253,9436699,26216523,18490013,16750201,19055724,20858448,20537326,24188612,23141164,22017422,10433073,9764347,8738720,15507512,25912412,25194152,20031030,24188612,19429661,25446850,22384446,19903049,19401003,24613539,17624337,24210790,9130910,24613539,17609243,15236995,14748845,18955785,16723371,18644593,15019822,16723371,16762179,17141400,18644593,15019822,25201101,23340055,22883517,22736326,25422360,24661731,22563025,11883311,16644787,12107265,22065163,23011643,17509581,16309234,11163832,19931078,22266326,25134292,16533339,9065182,12372468,15104227,19931078,19931078,17983420,15120698,20063560,20190557,23302395,16249290,23472165,24012197,16084891,24571615,25912412,16750201,11912283,19055724,12029073,24648304,25912412,12934347,16150151,11020520,24127964,20137818,9102363,24018808,22884659,16616093,18849443,25912412,9065182,9043920,22563025,25996258,12934347,16202314,11020520,9886539,24127964,19467764,26054109,22447624,26409150,18222435,21397694,26054109
3952,LEP,25449831,2454848,11675475,12760253,15588473,10381818,19230253,9436699,26216523,18490013,16750201,19055724,20858448,20537326,24188612,23141164,22017422,10433073,9764347,8738720,15507512,25912412,25194152,20031030,24188612,19429661,25446850,22384446,19903049,19401003,24613539,17624337,24210790,9130910,24613539,17609243,15236995,14748845,18955785,16723371,18644593,15019822,16723371,16762179,17141400,18644593,15019822,25201101,23340055,22883517,22736326,25422360,24661731,22563025,11883311,16644787,12107265,22065163,23011643,17509581,16309234,11163832,19931078,22266326,25134292,16533339,9065182,12372468,15104227,19931078,19931078,17983420,15120698,20063560,20190557,23302395,16249290,23472165,24012197,16084891,24571615,25912412,16750201,11912283,19055724,12029073,24648304,25912412,12934347,16150151,11020520,24127964,20137818,9102363,24018808,22884659,16616093,18849443,25912412,9065182,9043920,22563025,25996258,12934347,16202314,11020520,9886539,24127964,19467764,26054109,22447624,26409150,18222435,21397694,26054109
3953,LEPR,25449831,2454848,11675475,12760253,15588473,10381818,19230253,9436699,26216523,18490013,16750201,19055724,20858448,20537326,24188612,23141164,22017422,10433073,9764347,8738720,15507512,25912412,25194152,20031030,24188612,19429661,25446850,22384446,19903049,19401003,24613539,17624337,24210790,9130910,24613539,17609243,15236995,14748845,18955785,16723371,18644593,15019822,16723371,16762179,17141400,18644593,15019822,25201101,23340055,22883517,22736326,25422360,24661731,22563025,11883311,16644787,12107265,22065163,23011643,17509581,16309234,11163832,19931078,22266326,25134292,16533339,9065182,12372468,15104227,19931078,19931078,17983420,15120698,20063560,20190557,23302395,16249290,23472165,24012197,16084891,24571615,25912412,16750201,11912283,19055724,12029073,24648304,25912412,12934347,16150151,11020520,24127964,20137818,9102363,24018808,22884659,16616093,18849443,25912412,9065182,9043920,22563025,25996258,12934347,16202314,11020520,9886539,24127964,19467764,26054109,22447624,26409150,18222435,21397694,26054109
3956,LGALS1,25449831,2454848,11675475,12760253,15588473,10381818,19230253,9436699,26216523,18490013,16750201,19055724,20858448,20537326,24188612,23141164,22017422,10433073,9764347,8738720,15507512,25912412,25194152,20031030,24188612,19429661,25446850,22384446,19903049,19401003,24613539,17624337,24210790,9130910,24613539,17609243,15236995,14748845,18955785,16723371,18644593,15019822,16723371,16762179,17141400,18644593,15019822,25201101,23340055,22883517,22736326,25422360,24661731,22563025,11883311,16644787,12107265,22065163,23011643,17509581,16309234,11163832,19931078,22266326,25134292,16533339,9065182,12372468,15104227,19931078,19931078,17983420,15120698,20063560,20190557,23302395,16249290,23472165,24012197,16084891,24571615,25912412,16750201,11912283,19055724,12029073,24648304,25912412,12934347,16150151,11020520,24127964,20137818,9102363,24018808,22884659,16616093,18849443,25912412,9065182,9043920,22563025,25996258,12934347,16202314,11020520,9886539,24127964,19467764,26054109,22447624,26409150,18222435,21397694,26054109
3958,LGALS3,25449831,2454848,11675475,12760253,15588473,10381818,19230253,9436699,26216523,18490013,16750201,19055724,20858448,20537326,24188612,23141164,22017422,10433073,9764347,8738720,15507512,25912412,25194152,20031030,24188612,19429661,25446850,22384446,19903049,19401003,24613539,17624337,24210790,9130910,24613539,17609243,15236995,14748845,18955785,16723371,18644593,15019822,16723371,16762179,17141400,18644593,15019822,25201101,23340055,22883517,22736326,25422360,24661731,22563025,11883311,16644787,12107265,22065163,23011643,17509581,16309234,11163832,19931078,22266326,25134292,16533339,9065182,12372468,15104227,19931078,19931078,17983420,15120698,20063560,20190557,23302395,16249290,23472165,24012197,16084891,24571615,25912412,16750201,11912283,19055724,12029073,24648304,25912412,12934347,16150151,11020520,24127964,20137818,9102363,24018808,22884659,16616093,18849443,25912412,9065182,9043920,22563025,25996258,12934347,16202314,11020520,9886539,24127964,19467764,26054109,22447624,26409150,18222435,21397694,26054109
3972,LHB,25449831,2454848,11675475,12760253,15588473,10381818,19230253,9436699,26216523,18490013,16750201,19055724,20858448,20537326,24188612,23141164,22017422,10433073,9764347,8738720,15507512,25912412,25194152,20031030,24188612,19429661,25446850,22384446,19903049,19401003,24613539,17624337,24210790,9130910,24613539,17609243,15236995,14748845,18955785,16723371,18644593,15019822,16723371,16762179,17141400,18644593,15019822,25201101,23340055,22883517,22736326,25422360,24661731,22563025,11883311,16644787,12107265,22065163,23011643,17509581,16309234,11163832,19931078,22266326,25134292,16533339,9065182,12372468,15104227,19931078,19931078,17983420,15120698,20063560,20190557,23302395,16249290,23472165,24012197,16084891,24571615,25912412,16750201,11912283,19055724,12029073,24648304,25912412,12934347,16150151,11020520,24127964,20137818,9102363,24018808,22884659,16616093,18849443,25912412,9065182,9043920,22563025,25996258,12934347,16202314,11020520,9886539,24127964,19467764,26054109,22447624,26409150,18222435,21397694,26054109
3976,LIF,25449831,2454848,11675475,12760253,15588473,10381818,19230253,9436699,26216523,18490013,16750201,19055724,20858448,20537326,24188612,23141164,22017422,10433073,9764347,8738720,15507512,25912412,25194152,20031030,24188612,19429661,25446850,22384446,19903049,19401003,24613539,17624337,24210790,9130910,24613539,17609243,15236995,14748845,18955785,16723371,18644593,15019822,16723371,16762179,17141400,18644593,15019822,25201101,23340055,22883517,22736326,25422360,24661731,22563025,11883311,16644787,12107265,22065163,23011643,17509581,16309234,11163832,19931078,22266326,25134292,16533339,9065182,12372468,15104227,19931078,19931078,17983420,15120698,20063560,20190557,23302395,16249290,23472165,24012197,16084891,24571615,25912412,16750201,11912283,19055724,12029073,24648304,25912412,12934347,16150151,11020520,24127964,20137818,9102363,24018808,22884659,16616093,18849443,25912412,9065182,9043920,22563025,25996258,12934347,16202314,11020520,9886539,24127964,19467764,26054109,22447624,26409150,18222435,21397694,26054109
3977,LIFR,25449831,2454848,11675475,12760253,15588473,10381818,19230253,9436699,26216523,18490013,16750201,19055724,20858448,20537326,24188612,23141164,22017422,10433073,9764347,8738720,15507512,25912412,25194152,20031030,24188612,19429661,25446850,22384446,19903049,19401003,24613539,17624337,24210790,9130910,24613539,17609243,15236995,14748845,18955785,16723371,18644593,15019822,16723371,16762179,17141400,18644593,15019822,25201101,23340055,22883517,22736326,25422360,24661731,22563025,11883311,16644787,12107265,22065163,23011643,17509581,16309234,11163832,19931078,22266326,25134292,16533339,9065182,12372468,15104227,19931078,19931078,17983420,15120698,20063560,20190557,23302395,16249290,23472165,24012197,16084891,24571615,25912412,16750201,11912283,19055724,12029073,24648304,25912412,12934347,16150151,11020520,24127964,20137818,9102363,24018808,22884659,16616093,18849443,25912412,9065182,9043920,22563025,25996258,12934347,16202314,11020520,9886539,24127964,19467764,26054109,22447624,26409150,18222435,21397694,26054109
3984,LIMK1,25449831,2454848,11675475,12760253,15588473,10381818,19230253,9436699,26216523,18490013,16750201,19055724,20858448,20537326,24188612,23141164,22017422,10433073,9764347,8738720,15507512,25912412,25194152,20031030,24188612,19429661,25446850,22384446,19903049,19401003,24613539,17624337,24210790,9130910,24613539,17609243,15236995,14748845,18955785,16723371,18644593,15019822,16723371,16762179,17141400,18644593,15019822,25201101,23340055,22883517,22736326,25422360,24661731,22563025,11883311,16644787,12107265,22065163,23011643,17509581,16309234,11163832,19931078,22266326,25134292,16533339,9065182,12372468,15104227,19931078,19931078,17983420,15120698,20063560,20190557,23302395,16249290,23472165,24012197,16084891,24571615,25912412,16750201,11912283,19055724,12029073,24648304,25912412,12934347,16150151,11020520,24127964,20137818,9102363,24018808,22884659,16616093,18849443,25912412,9065182,9043920,22563025,25996258,12934347,16202314,11020520,9886539,24127964,19467764,26054109,22447624,26409150,18222435,21397694,26054109
4016,LOXL1,25449831,2454848,11675475,12760253,15588473,10381818,19230253,9436699,26216523,18490013,16750201,19055724,20858448,20537326,24188612,23141164,22017422,10433073,9764347,8738720,15507512,25912412,25194152,20031030,24188612,19429661,25446850,22384446,19903049,19401003,24613539,17624337,24210790,9130910,24613539,17609243,15236995,14748845,18955785,16723371,18644593,15019822,16723371,16762179,17141400,18644593,15019822,25201101,23340055,22883517,22736326,25422360,24661731,22563025,11883311,16644787,12107265,22065163,23011643,17509581,16309234,11163832,19931078,22266326,25134292,16533339,9065182,12372468,15104227,19931078,19931078,17983420,15120698,20063560,20190557,23302395,16249290,23472165,24012197,16084891,24571615,25912412,16750201,11912283,19055724,12029073,24648304,25912412,12934347,16150151,11020520,24127964,20137818,9102363,24018808,22884659,16616093,18849443,25912412,9065182,9043920,22563025,25996258,12934347,16202314,11020520,9886539,24127964,19467764,26054109,22447624,26409150,18222435,21397694,26054109
84171,LOXL4,25449831,2454848,11675475,12760253,15588473,10381818,19230253,9436699,26216523,18490013,16750201,19055724,20858448,20537326,24188612,23141164,22017422,10433073,9764347,8738720,15507512,25912412,25194152,20031030,24188612,19429661,25446850,22384446,19903049,19401003,24613539,17624337,24210790,9130910,24613539,17609243,15236995,14748845,18955785,16723371,18644593,15019822,16723371,16762179,17141400,18644593,15019822,25201101,23340055,22883517,22736326,25422360,24661731,22563025,11883311,16644787,12107265,22065163,23011643,17509581,16309234,11163832,19931078,22266326,25134292,16533339,9065182,12372468,15104227,19931078,19931078,17983420,15120698,20063560,20190557,23302395,16249290,23472165,24012197,16084891,24571615,25912412,16750201,11912283,19055724,12029073,24648304,25912412,12934347,16150151,11020520,24127964,20137818,9102363,24018808,22884659,16616093,18849443,25912412,9065182,9043920,22563025,25996258,12934347,16202314,11020520,9886539,24127964,19467764,26054109,22447624,26409150,18222435,21397694,26054109
23566,LPAR3,25449831,2454848,11675475,12760253,15588473,10381818,19230253,9436699,26216523,18490013,16750201,19055724,20858448,20537326,24188612,23141164,22017422,10433073,9764347,8738720,15507512,25912412,25194152,20031030,24188612,19429661,25446850,22384446,19903049,19401003,24613539,17624337,24210790,9130910,24613539,17609243,15236995,14748845,18955785,16723371,18644593,15019822,16723371,16762179,17141400,18644593,15019822,25201101,23340055,22883517,22736326,25422360,24661731,22563025,11883311,16644787,12107265,22065163,23011643,17509581,16309234,11163832,19931078,22266326,25134292,16533339,9065182,12372468,15104227,19931078,19931078,17983420,15120698,20063560,20190557,23302395,16249290,23472165,24012197,16084891,24571615,25912412,16750201,11912283,19055724,12029073,24648304,25912412,12934347,16150151,11020520,24127964,20137818,9102363,24018808,22884659,16616093,18849443,25912412,9065182,9043920,22563025,25996258,12934347,16202314,11020520,9886539,24127964,19467764,26054109,22447624,26409150,18222435,21397694,26054109
94025,MUC16,25449831,25449831,2454848,2454848,11675475,11675475,12760253,12760253,15588473,15588473,10381818,10381818,19230253,19230253,9436699,9436699,26216523,26216523,18490013,18490013,16750201,16750201,19055724,19055724,20858448,20858448,20537326,20537326,24188612,24188612,23141164,23141164,22017422,22017422,10433073,10433073,9764347,9764347,8738720,8738720,15507512,15507512,25912412,25912412,25194152,25194152,20031030,20031030,24188612,24188612,19429661,19429661,25446850,25446850,22384446,22384446,19903049,19903049,19401003,19401003,24613539,24613539,17624337,17624337,24210790,24210790,9130910,9130910,24613539,24613539,17609243,17609243,15236995,15236995,14748845,14748845,18955785,18955785,16723371,16723371,18644593,18644593,15019822,15019822,16723371,16723371,16762179,16762179,17141400,17141400,18644593,18644593,15019822,15019822,25201101,25201101,23340055,23340055,22883517,22883517,22736326,22736326,25422360,25422360,24661731,24661731,22563025,22563025,11883311,11883311,16644787,16644787,12107265,12107265,22065163
4049,LTA,25449831,2454848,11675475,12760253,15588473,10381818,19230253,9436699,26216523,18490013,16750201,19055724,20858448,20537326,24188612,23141164,22017422,10433073,9764347,8738720,15507512,25912412,25194152,20031030,24188612,19429661,25446850,22384446,19903049,19401003,24613539,17624337,24210790,9130910,24613539,17609243,15236995,14748845,18955785,16723371,18644593,15019822,16723371,16762179,17141400,18644593,15019822,25201101,23340055,22883517,22736326,25422360,24661731,22563025,11883311,16644787,12107265,22065163,23011643,17509581,16309234,11163832,19931078,22266326,25134292,16533339,9065182,12372468,15104227,19931078,19931078,17983420,15120698,20063560,20190557,23302395,16249290,23472165,24012197,16084891,24571615,25912412,16750201,11912283,19055724,12029073,24648304,25912412,12934347,16150151,11020520,24127964,20137818,9102363,24018808,22884659,16616093,18849443,25912412,9065182,9043920,22563025,25996258,12934347,16202314,11020520,9886539,24127964,19467764,26054109,22447624,26409150,18222435,21397694,26054109
79694,MANEA,25449831,2454848,11675475,12760253,15588473,10381818,19230253,9436699,26216523,18490013,16750201,19055724,20858448,20537326,24188612,23141164,22017422,10433073,9764347,8738720,15507512,25912412,25194152,20031030,24188612,19429661,25446850,22384446,19903049,19401003,24613539,17624337,24210790,9130910,24613539,17609243,15236995,14748845,18955785,16723371,18644593,15019822,16723371,16762179,17141400,18644593,15019822,25201101,23340055,22883517,22736326,25422360,24661731,22563025,11883311,16644787,12107265,22065163,23011643,17509581,16309234,11163832,19931078,22266326,25134292,16533339,9065182,12372468,15104227,19931078,19931078,17983420,15120698,20063560,20190557,23302395,16249290,23472165,24012197,16084891,24571615,25912412,16750201,11912283,19055724,12029073,24648304,25912412,12934347,16150151,11020520,24127964,20137818,9102363,24018808,22884659,16616093,18849443,25912412,9065182,9043920,22563025,25996258,12934347,16202314,11020520,9886539,24127964,19467764,26054109,22447624,26409150,18222435,21397694,26054109
4133,MAP2,25449831,2454848,11675475,12760253,15588473,10381818,19230253,9436699,26216523,18490013,16750201,19055724,20858448,20537326,24188612,23141164,22017422,10433073,9764347,8738720,15507512,25912412,25194152,20031030,24188612,19429661,25446850,22384446,19903049,19401003,24613539,17624337,24210790,9130910,24613539,17609243,15236995,14748845,18955785,16723371,18644593,15019822,16723371,16762179,17141400,18644593,15019822,25201101,23340055,22883517,22736326,25422360,24661731,22563025,11883311,16644787,12107265,22065163,23011643,17509581,16309234,11163832,19931078,22266326,25134292,16533339,9065182,12372468,15104227,19931078,19931078,17983420,15120698,20063560,20190557,23302395,16249290,23472165,24012197,16084891,24571615,25912412,16750201,11912283,19055724,12029073,24648304,25912412,12934347,16150151,11020520,24127964,20137818,9102363,24018808,22884659,16616093,18849443,25912412,9065182,9043920,22563025,25996258,12934347,16202314,11020520,9886539,24127964,19467764,26054109,22447624,26409150,18222435,21397694,26054109
4144,MAT2A,25449831,2454848,11675475,12760253,15588473,10381818,19230253,9436699,26216523,18490013,16750201,19055724,20858448,20537326,24188612,23141164,22017422,10433073,9764347,8738720,15507512,25912412,25194152,20031030,24188612,19429661,25446850,22384446,19903049,19401003,24613539,17624337,24210790,9130910,24613539,17609243,15236995,14748845,18955785,16723371,18644593,15019822,16723371,16762179,17141400,18644593,15019822,25201101,23340055,22883517,22736326,25422360,24661731,22563025,11883311,16644787,12107265,22065163,23011643,17509581,16309234,11163832,19931078,22266326,25134292,16533339,9065182,12372468,15104227,19931078,19931078,17983420,15120698,20063560,20190557,23302395,16249290,23472165,24012197,16084891,24571615,25912412,16750201,11912283,19055724,12029073,24648304,25912412,12934347,16150151,11020520,24127964,20137818,9102363,24018808,22884659,16616093,18849443,25912412,9065182,9043920,22563025,25996258,12934347,16202314,11020520,9886539,24127964,19467764,26054109,22447624,26409150,18222435,21397694,26054109
4170,MCL1,25449831,2454848,11675475,12760253,15588473,10381818,19230253,9436699,26216523,18490013,16750201,19055724,20858448,20537326,24188612,23141164,22017422,10433073,9764347,8738720,15507512,25912412,25194152,20031030,24188612,19429661,25446850,22384446,19903049,19401003,24613539,17624337,24210790,9130910,24613539,17609243,15236995,14748845,18955785,16723371,18644593,15019822,16723371,16762179,17141400,18644593,15019822,25201101,23340055,22883517,22736326,25422360,24661731,22563025,11883311,16644787,12107265,22065163,23011643,17509581,16309234,11163832,19931078,22266326,25134292,16533339,9065182,12372468,15104227,19931078,19931078,17983420,15120698,20063560,20190557,23302395,16249290,23472165,24012197,16084891,24571615,25912412,16750201,11912283,19055724,12029073,24648304,25912412,12934347,16150151,11020520,24127964,20137818,9102363,24018808,22884659,16616093,18849443,25912412,9065182,9043920,22563025,25996258,12934347,16202314,11020520,9886539,24127964,19467764,26054109,22447624,26409150,18222435,21397694,26054109
6367,CCL22,25449831,2454848,11675475,12760253,15588473,10381818,19230253,9436699,26216523,18490013,16750201,19055724,20858448,20537326,24188612,23141164,22017422,10433073,9764347,8738720,15507512,25912412,25194152,20031030,24188612,19429661,25446850,22384446,19903049,19401003,24613539,17624337,24210790,9130910,24613539,17609243,15236995,14748845,18955785,16723371,18644593,15019822,16723371,16762179,17141400,18644593,15019822,25201101,23340055,22883517,22736326,25422360,24661731,22563025,11883311,16644787,12107265,22065163,23011643,17509581,16309234,11163832,19931078,22266326,25134292,16533339,9065182,12372468,15104227,19931078,19931078,17983420,15120698,20063560,20190557,23302395,16249290,23472165,24012197,16084891,24571615,25912412,16750201,11912283,19055724,12029073,24648304,25912412,12934347,16150151,11020520,24127964,20137818,9102363,24018808,22884659,16616093,18849443,25912412,9065182,9043920,22563025,25996258,12934347,16202314,11020520,9886539,24127964,19467764,26054109,22447624,26409150,18222435,21397694,26054109
4211,MEIS1,25449831,2454848,11675475,12760253,15588473,10381818,19230253,9436699,26216523,18490013,16750201,19055724,20858448,20537326,24188612,23141164,22017422,10433073,9764347,8738720,15507512,25912412,25194152,20031030,24188612,19429661,25446850,22384446,19903049,19401003,24613539,17624337,24210790,9130910,24613539,17609243,15236995,14748845,18955785,16723371,18644593,15019822,16723371,16762179,17141400,18644593,15019822,25201101,23340055,22883517,22736326,25422360,24661731,22563025,11883311,16644787,12107265,22065163,23011643,17509581,16309234,11163832,19931078,22266326,25134292,16533339,9065182,12372468,15104227,19931078,19931078,17983420,15120698,20063560,20190557,23302395,16249290,23472165,24012197,16084891,24571615,25912412,16750201,11912283,19055724,12029073,24648304,25912412,12934347,16150151,11020520,24127964,20137818,9102363,24018808,22884659,16616093,18849443,25912412,9065182,9043920,22563025,25996258,12934347,16202314,11020520,9886539,24127964,19467764,26054109,22447624,26409150,18222435,21397694,26054109
4233,MET,25449831,2454848,11675475,12760253,15588473,10381818,19230253,9436699,26216523,18490013,16750201,19055724,20858448,20537326,24188612,23141164,22017422,10433073,9764347,8738720,15507512,25912412,25194152,20031030,24188612,19429661,25446850,22384446,19903049,19401003,24613539,17624337,24210790,9130910,24613539,17609243,15236995,14748845,18955785,16723371,18644593,15019822,16723371,16762179,17141400,18644593,15019822,25201101,23340055,22883517,22736326,25422360,24661731,22563025,11883311,16644787,12107265,22065163,23011643,17509581,16309234,11163832,19931078,22266326,25134292,16533339,9065182,12372468,15104227,19931078,19931078,17983420,15120698,20063560,20190557,23302395,16249290,23472165,24012197,16084891,24571615,25912412,16750201,11912283,19055724,12029073,24648304,25912412,12934347,16150151,11020520,24127964,20137818,9102363,24018808,22884659,16616093,18849443,25912412,9065182,9043920,22563025,25996258,12934347,16202314,11020520,9886539,24127964,19467764,26054109,22447624,26409150,18222435,21397694,26054109
100507436,MICA,25449831,2454848,11675475,12760253,15588473,10381818,19230253,9436699,26216523,18490013,16750201,19055724,20858448,20537326,24188612,23141164,22017422,10433073,9764347,8738720,15507512,25912412,25194152,20031030,24188612,19429661,25446850,22384446,19903049,19401003,24613539,17624337,24210790,9130910,24613539,17609243,15236995,14748845,18955785,16723371,18644593,15019822,16723371,16762179,17141400,18644593,15019822,25201101,23340055,22883517,22736326,25422360,24661731,22563025,11883311,16644787,12107265,22065163,23011643,17509581,16309234,11163832,19931078,22266326,25134292,16533339,9065182,12372468,15104227,19931078,19931078,17983420,15120698,20063560,20190557,23302395,16249290,23472165,24012197,16084891,24571615,25912412,16750201,11912283,19055724,12029073,24648304,25912412,12934347,16150151,11020520,24127964,20137818,9102363,24018808,22884659,16616093,18849443,25912412,9065182,9043920,22563025,25996258,12934347,16202314,11020520,9886539,24127964,19467764,26054109,22447624,26409150,18222435,21397694,26054109
4277,MICB,25449831,2454848,11675475,12760253,15588473,10381818,19230253,9436699,26216523,18490013,16750201,19055724,20858448,20537326,24188612,23141164,22017422,10433073,9764347,8738720,15507512,25912412,25194152,20031030,24188612,19429661,25446850,22384446,19903049,19401003,24613539,17624337,24210790,9130910,24613539,17609243,15236995,14748845,18955785,16723371,18644593,15019822,16723371,16762179,17141400,18644593,15019822,25201101,23340055,22883517,22736326,25422360,24661731,22563025,11883311,16644787,12107265,22065163,23011643,17509581,16309234,11163832,19931078,22266326,25134292,16533339,9065182,12372468,15104227,19931078,19931078,17983420,15120698,20063560,20190557,23302395,16249290,23472165,24012197,16084891,24571615,25912412,16750201,11912283,19055724,12029073,24648304,25912412,12934347,16150151,11020520,24127964,20137818,9102363,24018808,22884659,16616093,18849443,25912412,9065182,9043920,22563025,25996258,12934347,16202314,11020520,9886539,24127964,19467764,26054109,22447624,26409150,18222435,21397694,26054109
406892,MIR100,25449831,2454848,11675475,12760253,15588473,10381818,19230253,9436699,26216523,18490013,16750201,19055724,20858448,20537326,24188612,23141164,22017422,10433073,9764347,8738720,15507512,25912412,25194152,20031030,24188612,19429661,25446850,22384446,19903049,19401003,24613539,17624337,24210790,9130910,24613539,17609243,15236995,14748845,18955785,16723371,18644593,15019822,16723371,16762179,17141400,18644593,15019822,25201101,23340055,22883517,22736326,25422360,24661731,22563025,11883311,16644787,12107265,22065163,23011643,17509581,16309234,11163832,19931078,22266326,25134292,16533339,9065182,12372468,15104227,19931078,19931078,17983420,15120698,20063560,20190557,23302395,16249290,23472165,24012197,16084891,24571615,25912412,16750201,11912283,19055724,12029073,24648304,25912412,12934347,16150151,11020520,24127964,20137818,9102363,24018808,22884659,16616093,18849443,25912412,9065182,9043920,22563025,25996258,12934347,16202314,11020520,9886539,24127964,19467764,26054109,22447624,26409150,18222435,21397694,26054109
406906,MIR122,25449831,2454848,11675475,12760253,15588473,10381818,19230253,9436699,26216523,18490013,16750201,19055724,20858448,20537326,24188612,23141164,22017422,10433073,9764347,8738720,15507512,25912412,25194152,20031030,24188612,19429661,25446850,22384446,19903049,19401003,24613539,17624337,24210790,9130910,24613539,17609243,15236995,14748845,18955785,16723371,18644593,15019822,16723371,16762179,17141400,18644593,15019822,25201101,23340055,22883517,22736326,25422360,24661731,22563025,11883311,16644787,12107265,22065163,23011643,17509581,16309234,11163832,19931078,22266326,25134292,16533339,9065182,12372468,15104227,19931078,19931078,17983420,15120698,20063560,20190557,23302395,16249290,23472165,24012197,16084891,24571615,25912412,16750201,11912283,19055724,12029073,24648304,25912412,12934347,16150151,11020520,24127964,20137818,9102363,24018808,22884659,16616093,18849443,25912412,9065182,9043920,22563025,25996258,12934347,16202314,11020520,9886539,24127964,19467764,26054109,22447624,26409150,18222435,21397694,26054109
406910,MIR125A,25449831,2454848,11675475,12760253,15588473,10381818,19230253,9436699,26216523,18490013,16750201,19055724,20858448,20537326,24188612,23141164,22017422,10433073,9764347,8738720,15507512,25912412,25194152,20031030,24188612,19429661,25446850,22384446,19903049,19401003,24613539,17624337,24210790,9130910,24613539,17609243,15236995,14748845,18955785,16723371,18644593,15019822,16723371,16762179,17141400,18644593,15019822,25201101,23340055,22883517,22736326,25422360,24661731,22563025,11883311,16644787,12107265,22065163,23011643,17509581,16309234,11163832,19931078,22266326,25134292,16533339,9065182,12372468,15104227,19931078,19931078,17983420,15120698,20063560,20190557,23302395,16249290,23472165,24012197,16084891,24571615,25912412,16750201,11912283,19055724,12029073,24648304,25912412,12934347,16150151,11020520,24127964,20137818,9102363,24018808,22884659,16616093,18849443,25912412,9065182,9043920,22563025,25996258,12934347,16202314,11020520,9886539,24127964,19467764,26054109,22447624,26409150,18222435,21397694,26054109
406912,MIR125B2,25449831,2454848,11675475,12760253,15588473,10381818,19230253,9436699,26216523,18490013,16750201,19055724,20858448,20537326,24188612,23141164,22017422,10433073,9764347,8738720,15507512,25912412,25194152,20031030,24188612,19429661,25446850,22384446,19903049,19401003,24613539,17624337,24210790,9130910,24613539,17609243,15236995,14748845,18955785,16723371,18644593,15019822,16723371,16762179,17141400,18644593,15019822,25201101,23340055,22883517,22736326,25422360,24661731,22563025,11883311,16644787,12107265,22065163,23011643,17509581,16309234,11163832,19931078,22266326,25134292,16533339,9065182,12372468,15104227,19931078,19931078,17983420,15120698,20063560,20190557,23302395,16249290,23472165,24012197,16084891,24571615,25912412,16750201,11912283,19055724,12029073,24648304,25912412,12934347,16150151,11020520,24127964,20137818,9102363,24018808,22884659,16616093,18849443,25912412,9065182,9043920,22563025,25996258,12934347,16202314,11020520,9886539,24127964,19467764,26054109,22447624,26409150,18222435,21397694,26054109
406913,MIR126,25449831,2454848,11675475,12760253,15588473,10381818,19230253,9436699,26216523,18490013,16750201,19055724,20858448,20537326,24188612,23141164,22017422,10433073,9764347,8738720,15507512,25912412,25194152,20031030,24188612,19429661,25446850,22384446,19903049,19401003,24613539,17624337,24210790,9130910,24613539,17609243,15236995,14748845,18955785,16723371,18644593,15019822,16723371,16762179,17141400,18644593,15019822,25201101,23340055,22883517,22736326,25422360,24661731,22563025,11883311,16644787,12107265,22065163,23011643,17509581,16309234,11163832,19931078,22266326,25134292,16533339,9065182,12372468,15104227,19931078,19931078,17983420,15120698,20063560,20190557,23302395,16249290,23472165,24012197,16084891,24571615,25912412,16750201,11912283,19055724,12029073,24648304,25912412,12934347,16150151,11020520,24127964,20137818,9102363,24018808,22884659,16616093,18849443,25912412,9065182,9043920,22563025,25996258,12934347,16202314,11020520,9886539,24127964,19467764,26054109,22447624,26409150,18222435,21397694,26054109
406925,MIR135A1,25449831,2454848,11675475,12760253,15588473,10381818,19230253,9436699,26216523,18490013,16750201,19055724,20858448,20537326,24188612,23141164,22017422,10433073,9764347,8738720,15507512,25912412,25194152,20031030,24188612,19429661,25446850,22384446,19903049,19401003,24613539,17624337,24210790,9130910,24613539,17609243,15236995,14748845,18955785,16723371,18644593,15019822,16723371,16762179,17141400,18644593,15019822,25201101,23340055,22883517,22736326,25422360,24661731,22563025,11883311,16644787,12107265,22065163,23011643,17509581,16309234,11163832,19931078,22266326,25134292,16533339,9065182,12372468,15104227,19931078,19931078,17983420,15120698,20063560,20190557,23302395,16249290,23472165,24012197,16084891,24571615,25912412,16750201,11912283,19055724,12029073,24648304,25912412,12934347,16150151,11020520,24127964,20137818,9102363,24018808,22884659,16616093,18849443,25912412,9065182,9043920,22563025,25996258,12934347,16202314,11020520,9886539,24127964,19467764,26054109,22447624,26409150,18222435,21397694,26054109
442891,MIR135B,25449831,2454848,11675475,12760253,15588473,10381818,19230253,9436699,26216523,18490013,16750201,19055724,20858448,20537326,24188612,23141164,22017422,10433073,9764347,8738720,15507512,25912412,25194152,20031030,24188612,19429661,25446850,22384446,19903049,19401003,24613539,17624337,24210790,9130910,24613539,17609243,15236995,14748845,18955785,16723371,18644593,15019822,16723371,16762179,17141400,18644593,15019822,25201101,23340055,22883517,22736326,25422360,24661731,22563025,11883311,16644787,12107265,22065163,23011643,17509581,16309234,11163832,19931078,22266326,25134292,16533339,9065182,12372468,15104227,19931078,19931078,17983420,15120698,20063560,20190557,23302395,16249290,23472165,24012197,16084891,24571615,25912412,16750201,11912283,19055724,12029073,24648304,25912412,12934347,16150151,11020520,24127964,20137818,9102363,24018808,22884659,16616093,18849443,25912412,9065182,9043920,22563025,25996258,12934347,16202314,11020520,9886539,24127964,19467764,26054109,22447624,26409150,18222435,21397694,26054109
406933,MIR141,25449831,2454848,11675475,12760253,15588473,10381818,19230253,9436699,26216523,18490013,16750201,19055724,20858448,20537326,24188612,23141164,22017422,10433073,9764347,8738720,15507512,25912412,25194152,20031030,24188612,19429661,25446850,22384446,19903049,19401003,24613539,17624337,24210790,9130910,24613539,17609243,15236995,14748845,18955785,16723371,18644593,15019822,16723371,16762179,17141400,18644593,15019822,25201101,23340055,22883517,22736326,25422360,24661731,22563025,11883311,16644787,12107265,22065163,23011643,17509581,16309234,11163832,19931078,22266326,25134292,16533339,9065182,12372468,15104227,19931078,19931078,17983420,15120698,20063560,20190557,23302395,16249290,23472165,24012197,16084891,24571615,25912412,16750201,11912283,19055724,12029073,24648304,25912412,12934347,16150151,11020520,24127964,20137818,9102363,24018808,22884659,16616093,18849443,25912412,9065182,9043920,22563025,25996258,12934347,16202314,11020520,9886539,24127964,19467764,26054109,22447624,26409150,18222435,21397694,26054109
406934,MIR142,25449831,2454848,11675475,12760253,15588473,10381818,19230253,9436699,26216523,18490013,16750201,19055724,20858448,20537326,24188612,23141164,22017422,10433073,9764347,8738720,15507512,25912412,25194152,20031030,24188612,19429661,25446850,22384446,19903049,19401003,24613539,17624337,24210790,9130910,24613539,17609243,15236995,14748845,18955785,16723371,18644593,15019822,16723371,16762179,17141400,18644593,15019822,25201101,23340055,22883517,22736326,25422360,24661731,22563025,11883311,16644787,12107265,22065163,23011643,17509581,16309234,11163832,19931078,22266326,25134292,16533339,9065182,12372468,15104227,19931078,19931078,17983420,15120698,20063560,20190557,23302395,16249290,23472165,24012197,16084891,24571615,25912412,16750201,11912283,19055724,12029073,24648304,25912412,12934347,16150151,11020520,24127964,20137818,9102363,24018808,22884659,16616093,18849443,25912412,9065182,9043920,22563025,25996258,12934347,16202314,11020520,9886539,24127964,19467764,26054109,22447624,26409150,18222435,21397694,26054109
406935,MIR143,25449831,2454848,11675475,12760253,15588473,10381818,19230253,9436699,26216523,18490013,16750201,19055724,20858448,20537326,24188612,23141164,22017422,10433073,9764347,8738720,15507512,25912412,25194152,20031030,24188612,19429661,25446850,22384446,19903049,19401003,24613539,17624337,24210790,9130910,24613539,17609243,15236995,14748845,18955785,16723371,18644593,15019822,16723371,16762179,17141400,18644593,15019822,25201101,23340055,22883517,22736326,25422360,24661731,22563025,11883311,16644787,12107265,22065163,23011643,17509581,16309234,11163832,19931078,22266326,25134292,16533339,9065182,12372468,15104227,19931078,19931078,17983420,15120698,20063560,20190557,23302395,16249290,23472165,24012197,16084891,24571615,25912412,16750201,11912283,19055724,12029073,24648304,25912412,12934347,16150151,11020520,24127964,20137818,9102363,24018808,22884659,16616093,18849443,25912412,9065182,9043920,22563025,25996258,12934347,16202314,11020520,9886539,24127964,19467764,26054109,22447624,26409150,18222435,21397694,26054109
406937,MIR145,25449831,2454848,11675475,12760253,15588473,10381818,19230253,9436699,26216523,18490013,16750201,19055724,20858448,20537326,24188612,23141164,22017422,10433073,9764347,8738720,15507512,25912412,25194152,20031030,24188612,19429661,25446850,22384446,19903049,19401003,24613539,17624337,24210790,9130910,24613539,17609243,15236995,14748845,18955785,16723371,18644593,15019822,16723371,16762179,17141400,18644593,15019822,25201101,23340055,22883517,22736326,25422360,24661731,22563025,11883311,16644787,12107265,22065163,23011643,17509581,16309234,11163832,19931078,22266326,25134292,16533339,9065182,12372468,15104227,19931078,19931078,17983420,15120698,20063560,20190557,23302395,16249290,23472165,24012197,16084891,24571615,25912412,16750201,11912283,19055724,12029073,24648304,25912412,12934347,16150151,11020520,24127964,20137818,9102363,24018808,22884659,16616093,18849443,25912412,9065182,9043920,22563025,25996258,12934347,16202314,11020520,9886539,24127964,19467764,26054109,22447624,26409150,18222435,21397694,26054109
406942,MIR150,25449831,2454848,11675475,12760253,15588473,10381818,19230253,9436699,26216523,18490013,16750201,19055724,20858448,20537326,24188612,23141164,22017422,10433073,9764347,8738720,15507512,25912412,25194152,20031030,24188612,19429661,25446850,22384446,19903049,19401003,24613539,17624337,24210790,9130910,24613539,17609243,15236995,14748845,18955785,16723371,18644593,15019822,16723371,16762179,17141400,18644593,15019822,25201101,23340055,22883517,22736326,25422360,24661731,22563025,11883311,16644787,12107265,22065163,23011643,17509581,16309234,11163832,19931078,22266326,25134292,16533339,9065182,12372468,15104227,19931078,19931078,17983420,15120698,20063560,20190557,23302395,16249290,23472165,24012197,16084891,24571615,25912412,16750201,11912283,19055724,12029073,24648304,25912412,12934347,16150151,11020520,24127964,20137818,9102363,24018808,22884659,16616093,18849443,25912412,9065182,9043920,22563025,25996258,12934347,16202314,11020520,9886539,24127964,19467764,26054109,22447624,26409150,18222435,21397694,26054109
7157,TP53,25449831,2454848,11675475,12760253,15588473,10381818,19230253,9436699,26216523,18490013,16750201,19055724,20858448,20537326,24188612,23141164,22017422,10433073,9764347,8738720,15507512,25912412,25194152,20031030,24188612,19429661,25446850,22384446,19903049,19401003,24613539,17624337,24210790,9130910,24613539,17609243,15236995,14748845,18955785,16723371,18644593,15019822,16723371,16762179,17141400,18644593,15019822,25201101,23340055,22883517,22736326,25422360,24661731,22563025,11883311,16644787,12107265,22065163,23011643,17509581,16309234,11163832,19931078,22266326,25134292,16533339,9065182,12372468,15104227,19931078,19931078,17983420,15120698,20063560,20190557,23302395,16249290,23472165,24012197,16084891,24571615,25912412,16750201,11912283,19055724,12029073,24648304,25912412,12934347,16150151,11020520,24127964,20137818,9102363,24018808,22884659,16616093,18849443,25912412,9065182,9043920,22563025,25996258,12934347,16202314,11020520,9886539,24127964,19467764,26054109,22447624,26409150,18222435,21397694,26054109
406959,MIR183,25449831,2454848,11675475,12760253,15588473,10381818,19230253,9436699,26216523,18490013,16750201,19055724,20858448,20537326,24188612,23141164,22017422,10433073,9764347,8738720,15507512,25912412,25194152,20031030,24188612,19429661,25446850,22384446,19903049,19401003,24613539,17624337,24210790,9130910,24613539,17609243,15236995,14748845,18955785,16723371,18644593,15019822,16723371,16762179,17141400,18644593,15019822,25201101,23340055,22883517,22736326,25422360,24661731,22563025,11883311,16644787,12107265,22065163,23011643,17509581,16309234,11163832,19931078,22266326,25134292,16533339,9065182,12372468,15104227,19931078,19931078,17983420,15120698,20063560,20190557,23302395,16249290,23472165,24012197,16084891,24571615,25912412,16750201,11912283,19055724,12029073,24648304,25912412,12934347,16150151,11020520,24127964,20137818,9102363,24018808,22884659,16616093,18849443,25912412,9065182,9043920,22563025,25996258,12934347,16202314,11020520,9886539,24127964,19467764,26054109,22447624,26409150,18222435,21397694,26054109
406969,MIR194-1,25449831,2454848,11675475,12760253,15588473,10381818,19230253,9436699,26216523,18490013,16750201,19055724,20858448,20537326,24188612,23141164,22017422,10433073,9764347,8738720,15507512,25912412,25194152,20031030,24188612,19429661,25446850,22384446,19903049,19401003,24613539,17624337,24210790,9130910,24613539,17609243,15236995,14748845,18955785,16723371,18644593,15019822,16723371,16762179,17141400,18644593,15019822,25201101,23340055,22883517,22736326,25422360,24661731,22563025,11883311,16644787,12107265,22065163,23011643,17509581,16309234,11163832,19931078,22266326,25134292,16533339,9065182,12372468,15104227,19931078,19931078,17983420,15120698,20063560,20190557,23302395,16249290,23472165,24012197,16084891,24571615,25912412,16750201,11912283,19055724,12029073,24648304,25912412,12934347,16150151,11020520,24127964,20137818,9102363,24018808,22884659,16616093,18849443,25912412,9065182,9043920,22563025,25996258,12934347,16202314,11020520,9886539,24127964,19467764,26054109,22447624,26409150,18222435,21397694,26054109
442920,MIR196B,25449831,2454848,11675475,12760253,15588473,10381818,19230253,9436699,26216523,18490013,16750201,19055724,20858448,20537326,24188612,23141164,22017422,10433073,9764347,8738720,15507512,25912412,25194152,20031030,24188612,19429661,25446850,22384446,19903049,19401003,24613539,17624337,24210790,9130910,24613539,17609243,15236995,14748845,18955785,16723371,18644593,15019822,16723371,16762179,17141400,18644593,15019822,25201101,23340055,22883517,22736326,25422360,24661731,22563025,11883311,16644787,12107265,22065163,23011643,17509581,16309234,11163832,19931078,22266326,25134292,16533339,9065182,12372468,15104227,19931078,19931078,17983420,15120698,20063560,20190557,23302395,16249290,23472165,24012197,16084891,24571615,25912412,16750201,11912283,19055724,12029073,24648304,25912412,12934347,16150151,11020520,24127964,20137818,9102363,24018808,22884659,16616093,18849443,25912412,9065182,9043920,22563025,25996258,12934347,16202314,11020520,9886539,24127964,19467764,26054109,22447624,26409150,18222435,21397694,26054109
406976,MIR199A1,25449831,2454848,11675475,12760253,15588473,10381818,19230253,9436699,26216523,18490013,16750201,19055724,20858448,20537326,24188612,23141164,22017422,10433073,9764347,8738720,15507512,25912412,25194152,20031030,24188612,19429661,25446850,22384446,19903049,19401003,24613539,17624337,24210790,9130910,24613539,17609243,15236995,14748845,18955785,16723371,18644593,15019822,16723371,16762179,17141400,18644593,15019822,25201101,23340055,22883517,22736326,25422360,24661731,22563025,11883311,16644787,12107265,22065163,23011643,17509581,16309234,11163832,19931078,22266326,25134292,16533339,9065182,12372468,15104227,19931078,19931078,17983420,15120698,20063560,20190557,23302395,16249290,23472165,24012197,16084891,24571615,25912412,16750201,11912283,19055724,12029073,24648304,25912412,12934347,16150151,11020520,24127964,20137818,9102363,24018808,22884659,16616093,18849443,25912412,9065182,9043920,22563025,25996258,12934347,16202314,11020520,9886539,24127964,19467764,26054109,22447624,26409150,18222435,21397694,26054109
406983,MIR200A,25449831,2454848,11675475,12760253,15588473,10381818,19230253,9436699,26216523,18490013,16750201,19055724,20858448,20537326,24188612,23141164,22017422,10433073,9764347,8738720,15507512,25912412,25194152,20031030,24188612,19429661,25446850,22384446,19903049,19401003,24613539,17624337,24210790,9130910,24613539,17609243,15236995,14748845,18955785,16723371,18644593,15019822,16723371,16762179,17141400,18644593,15019822,25201101,23340055,22883517,22736326,25422360,24661731,22563025,11883311,16644787,12107265,22065163,23011643,17509581,16309234,11163832,19931078,22266326,25134292,16533339,9065182,12372468,15104227,19931078,19931078,17983420,15120698,20063560,20190557,23302395,16249290,23472165,24012197,16084891,24571615,25912412,16750201,11912283,19055724,12029073,24648304,25912412,12934347,16150151,11020520,24127964,20137818,9102363,24018808,22884659,16616093,18849443,25912412,9065182,9043920,22563025,25996258,12934347,16202314,11020520,9886539,24127964,19467764,26054109,22447624,26409150,18222435,21397694,26054109
406984,MIR200B,25449831,2454848,11675475,12760253,15588473,10381818,19230253,9436699,26216523,18490013,16750201,19055724,20858448,20537326,24188612,23141164,22017422,10433073,9764347,8738720,15507512,25912412,25194152,20031030,24188612,19429661,25446850,22384446,19903049,19401003,24613539,17624337,24210790,9130910,24613539,17609243,15236995,14748845,18955785,16723371,18644593,15019822,16723371,16762179,17141400,18644593,15019822,25201101,23340055,22883517,22736326,25422360,24661731,22563025,11883311,16644787,12107265,22065163,23011643,17509581,16309234,11163832,19931078,22266326,25134292,16533339,9065182,12372468,15104227,19931078,19931078,17983420,15120698,20063560,20190557,23302395,16249290,23472165,24012197,16084891,24571615,25912412,16750201,11912283,19055724,12029073,24648304,25912412,12934347,16150151,11020520,24127964,20137818,9102363,24018808,22884659,16616093,18849443,25912412,9065182,9043920,22563025,25996258,12934347,16202314,11020520,9886539,24127964,19467764,26054109,22447624,26409150,18222435,21397694,26054109
406982,MIR20A,25449831,2454848,11675475,12760253,15588473,10381818,19230253,9436699,26216523,18490013,16750201,19055724,20858448,20537326,24188612,23141164,22017422,10433073,9764347,8738720,15507512,25912412,25194152,20031030,24188612,19429661,25446850,22384446,19903049,19401003,24613539,17624337,24210790,9130910,24613539,17609243,15236995,14748845,18955785,16723371,18644593,15019822,16723371,16762179,17141400,18644593,15019822,25201101,23340055,22883517,22736326,25422360,24661731,22563025,11883311,16644787,12107265,22065163,23011643,17509581,16309234,11163832,19931078,22266326,25134292,16533339,9065182,12372468,15104227,19931078,19931078,17983420,15120698,20063560,20190557,23302395,16249290,23472165,24012197,16084891,24571615,25912412,16750201,11912283,19055724,12029073,24648304,25912412,12934347,16150151,11020520,24127964,20137818,9102363,24018808,22884659,16616093,18849443,25912412,9065182,9043920,22563025,25996258,12934347,16202314,11020520,9886539,24127964,19467764,26054109,22447624,26409150,18222435,21397694,26054109
406991,MIR21,25449831,2454848,11675475,12760253,15588473,10381818,19230253,9436699,26216523,18490013,16750201,19055724,20858448,20537326,24188612,23141164,22017422,10433073,9764347,8738720,15507512,25912412,25194152,20031030,24188612,19429661,25446850,22384446,19903049,19401003,24613539,17624337,24210790,9130910,24613539,17609243,15236995,14748845,18955785,16723371,18644593,15019822,16723371,16762179,17141400,18644593,15019822,25201101,23340055,22883517,22736326,25422360,24661731,22563025,11883311,16644787,12107265,22065163,23011643,17509581,16309234,11163832,19931078,22266326,25134292,16533339,9065182,12372468,15104227,19931078,19931078,17983420,15120698,20063560,20190557,23302395,16249290,23472165,24012197,16084891,24571615,25912412,16750201,11912283,19055724,12029073,24648304,25912412,12934347,16150151,11020520,24127964,20137818,9102363,24018808,22884659,16616093,18849443,25912412,9065182,9043920,22563025,25996258,12934347,16202314,11020520,9886539,24127964,19467764,26054109,22447624,26409150,18222435,21397694,26054109
406992,MIR210,25449831,2454848,11675475,12760253,15588473,10381818,19230253,9436699,26216523,18490013,16750201,19055724,20858448,20537326,24188612,23141164,22017422,10433073,9764347,8738720,15507512,25912412,25194152,20031030,24188612,19429661,25446850,22384446,19903049,19401003,24613539,17624337,24210790,9130910,24613539,17609243,15236995,14748845,18955785,16723371,18644593,15019822,16723371,16762179,17141400,18644593,15019822,25201101,23340055,22883517,22736326,25422360,24661731,22563025,11883311,16644787,12107265,22065163,23011643,17509581,16309234,11163832,19931078,22266326,25134292,16533339,9065182,12372468,15104227,19931078,19931078,17983420,15120698,20063560,20190557,23302395,16249290,23472165,24012197,16084891,24571615,25912412,16750201,11912283,19055724,12029073,24648304,25912412,12934347,16150151,11020520,24127964,20137818,9102363,24018808,22884659,16616093,18849443,25912412,9065182,9043920,22563025,25996258,12934347,16202314,11020520,9886539,24127964,19467764,26054109,22447624,26409150,18222435,21397694,26054109
407007,MIR222,25449831,2454848,11675475,12760253,15588473,10381818,19230253,9436699,26216523,18490013,16750201,19055724,20858448,20537326,24188612,23141164,22017422,10433073,9764347,8738720,15507512,25912412,25194152,20031030,24188612,19429661,25446850,22384446,19903049,19401003,24613539,17624337,24210790,9130910,24613539,17609243,15236995,14748845,18955785,16723371,18644593,15019822,16723371,16762179,17141400,18644593,15019822,25201101,23340055,22883517,22736326,25422360,24661731,22563025,11883311,16644787,12107265,22065163,23011643,17509581,16309234,11163832,19931078,22266326,25134292,16533339,9065182,12372468,15104227,19931078,19931078,17983420,15120698,20063560,20190557,23302395,16249290,23472165,24012197,16084891,24571615,25912412,16750201,11912283,19055724,12029073,24648304,25912412,12934347,16150151,11020520,24127964,20137818,9102363,24018808,22884659,16616093,18849443,25912412,9065182,9043920,22563025,25996258,12934347,16202314,11020520,9886539,24127964,19467764,26054109,22447624,26409150,18222435,21397694,26054109
407008,MIR223,25449831,2454848,11675475,12760253,15588473,10381818,19230253,9436699,26216523,18490013,16750201,19055724,20858448,20537326,24188612,23141164,22017422,10433073,9764347,8738720,15507512,25912412,25194152,20031030,24188612,19429661,25446850,22384446,19903049,19401003,24613539,17624337,24210790,9130910,24613539,17609243,15236995,14748845,18955785,16723371,18644593,15019822,16723371,16762179,17141400,18644593,15019822,25201101,23340055,22883517,22736326,25422360,24661731,22563025,11883311,16644787,12107265,22065163,23011643,17509581,16309234,11163832,19931078,22266326,25134292,16533339,9065182,12372468,15104227,19931078,19931078,17983420,15120698,20063560,20190557,23302395,16249290,23472165,24012197,16084891,24571615,25912412,16750201,11912283,19055724,12029073,24648304,25912412,12934347,16150151,11020520,24127964,20137818,9102363,24018808,22884659,16616093,18849443,25912412,9065182,9043920,22563025,25996258,12934347,16202314,11020520,9886539,24127964,19467764,26054109,22447624,26409150,18222435,21397694,26054109
407026,MIR29C,25449831,2454848,11675475,12760253,15588473,10381818,19230253,9436699,26216523,18490013,16750201,19055724,20858448,20537326,24188612,23141164,22017422,10433073,9764347,8738720,15507512,25912412,25194152,20031030,24188612,19429661,25446850,22384446,19903049,19401003,24613539,17624337,24210790,9130910,24613539,17609243,15236995,14748845,18955785,16723371,18644593,15019822,16723371,16762179,17141400,18644593,15019822,25201101,23340055,22883517,22736326,25422360,24661731,22563025,11883311,16644787,12107265,22065163,23011643,17509581,16309234,11163832,19931078,22266326,25134292,16533339,9065182,12372468,15104227,19931078,19931078,17983420,15120698,20063560,20190557,23302395,16249290,23472165,24012197,16084891,24571615,25912412,16750201,11912283,19055724,12029073,24648304,25912412,12934347,16150151,11020520,24127964,20137818,9102363,24018808,22884659,16616093,18849443,25912412,9065182,9043920,22563025,25996258,12934347,16202314,11020520,9886539,24127964,19467764,26054109,22447624,26409150,18222435,21397694,26054109
407042,MIR34C,25449831,2454848,11675475,12760253,15588473,10381818,19230253,9436699,26216523,18490013,16750201,19055724,20858448,20537326,24188612,23141164,22017422,10433073,9764347,8738720,15507512,25912412,25194152,20031030,24188612,19429661,25446850,22384446,19903049,19401003,24613539,17624337,24210790,9130910,24613539,17609243,15236995,14748845,18955785,16723371,18644593,15019822,16723371,16762179,17141400,18644593,15019822,25201101,23340055,22883517,22736326,25422360,24661731,22563025,11883311,16644787,12107265,22065163,23011643,17509581,16309234,11163832,19931078,22266326,25134292,16533339,9065182,12372468,15104227,19931078,19931078,17983420,15120698,20063560,20190557,23302395,16249290,23472165,24012197,16084891,24571615,25912412,16750201,11912283,19055724,12029073,24648304,25912412,12934347,16150151,11020520,24127964,20137818,9102363,24018808,22884659,16616093,18849443,25912412,9065182,9043920,22563025,25996258,12934347,16202314,11020520,9886539,24127964,19467764,26054109,22447624,26409150,18222435,21397694,26054109
100126355,MIR365A,25449831,2454848,11675475,12760253,15588473,10381818,19230253,9436699,26216523,18490013,16750201,19055724,20858448,20537326,24188612,23141164,22017422,10433073,9764347,8738720,15507512,25912412,25194152,20031030,24188612,19429661,25446850,22384446,19903049,19401003,24613539,17624337,24210790,9130910,24613539,17609243,15236995,14748845,18955785,16723371,18644593,15019822,16723371,16762179,17141400,18644593,15019822,25201101,23340055,22883517,22736326,25422360,24661731,22563025,11883311,16644787,12107265,22065163,23011643,17509581,16309234,11163832,19931078,22266326,25134292,16533339,9065182,12372468,15104227,19931078,19931078,17983420,15120698,20063560,20190557,23302395,16249290,23472165,24012197,16084891,24571615,25912412,16750201,11912283,19055724,12029073,24648304,25912412,12934347,16150151,11020520,24127964,20137818,9102363,24018808,22884659,16616093,18849443,25912412,9065182,9043920,22563025,25996258,12934347,16202314,11020520,9886539,24127964,19467764,26054109,22447624,26409150,18222435,21397694,26054109
494336,MIR424,25449831,2454848,11675475,12760253,15588473,10381818,19230253,9436699,26216523,18490013,16750201,19055724,20858448,20537326,24188612,23141164,22017422,10433073,9764347,8738720,15507512,25912412,25194152,20031030,24188612,19429661,25446850,22384446,19903049,19401003,24613539,17624337,24210790,9130910,24613539,17609243,15236995,14748845,18955785,16723371,18644593,15019822,16723371,16762179,17141400,18644593,15019822,25201101,23340055,22883517,22736326,25422360,24661731,22563025,11883311,16644787,12107265,22065163,23011643,17509581,16309234,11163832,19931078,22266326,25134292,16533339,9065182,12372468,15104227,19931078,19931078,17983420,15120698,20063560,20190557,23302395,16249290,23472165,24012197,16084891,24571615,25912412,16750201,11912283,19055724,12029073,24648304,25912412,12934347,16150151,11020520,24127964,20137818,9102363,24018808,22884659,16616093,18849443,25912412,9065182,9043920,22563025,25996258,12934347,16202314,11020520,9886539,24127964,19467764,26054109,22447624,26409150,18222435,21397694,26054109
664617,MIR542,25449831,2454848,11675475,12760253,15588473,10381818,19230253,9436699,26216523,18490013,16750201,19055724,20858448,20537326,24188612,23141164,22017422,10433073,9764347,8738720,15507512,25912412,25194152,20031030,24188612,19429661,25446850,22384446,19903049,19401003,24613539,17624337,24210790,9130910,24613539,17609243,15236995,14748845,18955785,16723371,18644593,15019822,16723371,16762179,17141400,18644593,15019822,25201101,23340055,22883517,22736326,25422360,24661731,22563025,11883311,16644787,12107265,22065163,23011643,17509581,16309234,11163832,19931078,22266326,25134292,16533339,9065182,12372468,15104227,19931078,19931078,17983420,15120698,20063560,20190557,23302395,16249290,23472165,24012197,16084891,24571615,25912412,16750201,11912283,19055724,12029073,24648304,25912412,12934347,16150151,11020520,24127964,20137818,9102363,24018808,22884659,16616093,18849443,25912412,9065182,9043920,22563025,25996258,12934347,16202314,11020520,9886539,24127964,19467764,26054109,22447624,26409150,18222435,21397694,26054109
407046,MIR9-1,25449831,2454848,11675475,12760253,15588473,10381818,19230253,9436699,26216523,18490013,16750201,19055724,20858448,20537326,24188612,23141164,22017422,10433073,9764347,8738720,15507512,25912412,25194152,20031030,24188612,19429661,25446850,22384446,19903049,19401003,24613539,17624337,24210790,9130910,24613539,17609243,15236995,14748845,18955785,16723371,18644593,15019822,16723371,16762179,17141400,18644593,15019822,25201101,23340055,22883517,22736326,25422360,24661731,22563025,11883311,16644787,12107265,22065163,23011643,17509581,16309234,11163832,19931078,22266326,25134292,16533339,9065182,12372468,15104227,19931078,19931078,17983420,15120698,20063560,20190557,23302395,16249290,23472165,24012197,16084891,24571615,25912412,16750201,11912283,19055724,12029073,24648304,25912412,12934347,16150151,11020520,24127964,20137818,9102363,24018808,22884659,16616093,18849443,25912412,9065182,9043920,22563025,25996258,12934347,16202314,11020520,9886539,24127964,19467764,26054109,22447624,26409150,18222435,21397694,26054109
407055,MIR99A,25449831,2454848,11675475,12760253,15588473,10381818,19230253,9436699,26216523,18490013,16750201,19055724,20858448,20537326,24188612,23141164,22017422,10433073,9764347,8738720,15507512,25912412,25194152,20031030,24188612,19429661,25446850,22384446,19903049,19401003,24613539,17624337,24210790,9130910,24613539,17609243,15236995,14748845,18955785,16723371,18644593,15019822,16723371,16762179,17141400,18644593,15019822,25201101,23340055,22883517,22736326,25422360,24661731,22563025,11883311,16644787,12107265,22065163,23011643,17509581,16309234,11163832,19931078,22266326,25134292,16533339,9065182,12372468,15104227,19931078,19931078,17983420,15120698,20063560,20190557,23302395,16249290,23472165,24012197,16084891,24571615,25912412,16750201,11912283,19055724,12029073,24648304,25912412,12934347,16150151,11020520,24127964,20137818,9102363,24018808,22884659,16616093,18849443,25912412,9065182,9043920,22563025,25996258,12934347,16202314,11020520,9886539,24127964,19467764,26054109,22447624,26409150,18222435,21397694,26054109
407056,MIR99B,25449831,2454848,11675475,12760253,15588473,10381818,19230253,9436699,26216523,18490013,16750201,19055724,20858448,20537326,24188612,23141164,22017422,10433073,9764347,8738720,15507512,25912412,25194152,20031030,24188612,19429661,25446850,22384446,19903049,19401003,24613539,17624337,24210790,9130910,24613539,17609243,15236995,14748845,18955785,16723371,18644593,15019822,16723371,16762179,17141400,18644593,15019822,25201101,23340055,22883517,22736326,25422360,24661731,22563025,11883311,16644787,12107265,22065163,23011643,17509581,16309234,11163832,19931078,22266326,25134292,16533339,9065182,12372468,15104227,19931078,19931078,17983420,15120698,20063560,20190557,23302395,16249290,23472165,24012197,16084891,24571615,25912412,16750201,11912283,19055724,12029073,24648304,25912412,12934347,16150151,11020520,24127964,20137818,9102363,24018808,22884659,16616093,18849443,25912412,9065182,9043920,22563025,25996258,12934347,16202314,11020520,9886539,24127964,19467764,26054109,22447624,26409150,18222435,21397694,26054109
406884,MIRLET7B,25449831,2454848,11675475,12760253,15588473,10381818,19230253,9436699,26216523,18490013,16750201,19055724,20858448,20537326,24188612,23141164,22017422,10433073,9764347,8738720,15507512,25912412,25194152,20031030,24188612,19429661,25446850,22384446,19903049,19401003,24613539,17624337,24210790,9130910,24613539,17609243,15236995,14748845,18955785,16723371,18644593,15019822,16723371,16762179,17141400,18644593,15019822,25201101,23340055,22883517,22736326,25422360,24661731,22563025,11883311,16644787,12107265,22065163,23011643,17509581,16309234,11163832,19931078,22266326,25134292,16533339,9065182,12372468,15104227,19931078,19931078,17983420,15120698,20063560,20190557,23302395,16249290,23472165,24012197,16084891,24571615,25912412,16750201,11912283,19055724,12029073,24648304,25912412,12934347,16150151,11020520,24127964,20137818,9102363,24018808,22884659,16616093,18849443,25912412,9065182,9043920,22563025,25996258,12934347,16202314,11020520,9886539,24127964,19467764,26054109,22447624,26409150,18222435,21397694,26054109
406886,MIRLET7D,25449831,2454848,11675475,12760253,15588473,10381818,19230253,9436699,26216523,18490013,16750201,19055724,20858448,20537326,24188612,23141164,22017422,10433073,9764347,8738720,15507512,25912412,25194152,20031030,24188612,19429661,25446850,22384446,19903049,19401003,24613539,17624337,24210790,9130910,24613539,17609243,15236995,14748845,18955785,16723371,18644593,15019822,16723371,16762179,17141400,18644593,15019822,25201101,23340055,22883517,22736326,25422360,24661731,22563025,11883311,16644787,12107265,22065163,23011643,17509581,16309234,11163832,19931078,22266326,25134292,16533339,9065182,12372468,15104227,19931078,19931078,17983420,15120698,20063560,20190557,23302395,16249290,23472165,24012197,16084891,24571615,25912412,16750201,11912283,19055724,12029073,24648304,25912412,12934347,16150151,11020520,24127964,20137818,9102363,24018808,22884659,16616093,18849443,25912412,9065182,9043920,22563025,25996258,12934347,16202314,11020520,9886539,24127964,19467764,26054109,22447624,26409150,18222435,21397694,26054109
5609,MAP2K7,25449831,2454848,11675475,12760253,15588473,10381818,19230253,9436699,26216523,18490013,16750201,19055724,20858448,20537326,24188612,23141164,22017422,10433073,9764347,8738720,15507512,25912412,25194152,20031030,24188612,19429661,25446850,22384446,19903049,19401003,24613539,17624337,24210790,9130910,24613539,17609243,15236995,14748845,18955785,16723371,18644593,15019822,16723371,16762179,17141400,18644593,15019822,25201101,23340055,22883517,22736326,25422360,24661731,22563025,11883311,16644787,12107265,22065163,23011643,17509581,16309234,11163832,19931078,22266326,25134292,16533339,9065182,12372468,15104227,19931078,19931078,17983420,15120698,20063560,20190557,23302395,16249290,23472165,24012197,16084891,24571615,25912412,16750201,11912283,19055724,12029073,24648304,25912412,12934347,16150151,11020520,24127964,20137818,9102363,24018808,22884659,16616093,18849443,25912412,9065182,9043920,22563025,25996258,12934347,16202314,11020520,9886539,24127964,19467764,26054109,22447624,26409150,18222435,21397694,26054109
4292,MLH1,25449831,25449831,2454848,2454848,11675475,11675475,12760253,12760253,15588473,15588473,10381818,10381818,19230253,19230253,9436699,9436699,26216523,26216523,18490013,18490013,16750201,16750201,19055724,19055724,20858448,20858448,20537326,20537326,24188612,24188612,23141164,23141164,22017422,22017422,10433073,10433073,9764347,9764347,8738720,8738720,15507512,15507512,25912412,25912412,25194152,25194152,20031030,20031030,24188612,24188612,19429661,19429661,25446850,25446850,22384446,22384446,19903049,19903049,19401003,19401003,24613539,24613539,17624337,17624337,24210790,24210790,9130910,9130910,24613539,24613539,17609243,17609243,15236995,15236995,14748845,14748845,18955785,18955785,16723371,16723371,18644593,18644593,15019822,15019822,16723371,16723371,16762179,16762179,17141400,17141400,18644593,18644593,15019822,15019822,25201101,25201101,23340055,23340055,22883517,22883517,22736326,22736326,25422360,25422360,24661731,24661731,22563025,22563025,11883311,11883311,16644787,16644787,12107265,12107265,22065163
4319,MMP10,25449831,2454848,11675475,12760253,15588473,10381818,19230253,9436699,26216523,18490013,16750201,19055724,20858448,20537326,24188612,23141164,22017422,10433073,9764347,8738720,15507512,25912412,25194152,20031030,24188612,19429661,25446850,22384446,19903049,19401003,24613539,17624337,24210790,9130910,24613539,17609243,15236995,14748845,18955785,16723371,18644593,15019822,16723371,16762179,17141400,18644593,15019822,25201101,23340055,22883517,22736326,25422360,24661731,22563025,11883311,16644787,12107265,22065163,23011643,17509581,16309234,11163832,19931078,22266326,25134292,16533339,9065182,12372468,15104227,19931078,19931078,17983420,15120698,20063560,20190557,23302395,16249290,23472165,24012197,16084891,24571615,25912412,16750201,11912283,19055724,12029073,24648304,25912412,12934347,16150151,11020520,24127964,20137818,9102363,24018808,22884659,16616093,18849443,25912412,9065182,9043920,22563025,25996258,12934347,16202314,11020520,9886539,24127964,19467764,26054109,22447624,26409150,18222435,21397694,26054109
4320,MMP11,25449831,2454848,11675475,12760253,15588473,10381818,19230253,9436699,26216523,18490013,16750201,19055724,20858448,20537326,24188612,23141164,22017422,10433073,9764347,8738720,15507512,25912412,25194152,20031030,24188612,19429661,25446850,22384446,19903049,19401003,24613539,17624337,24210790,9130910,24613539,17609243,15236995,14748845,18955785,16723371,18644593,15019822,16723371,16762179,17141400,18644593,15019822,25201101,23340055,22883517,22736326,25422360,24661731,22563025,11883311,16644787,12107265,22065163,23011643,17509581,16309234,11163832,19931078,22266326,25134292,16533339,9065182,12372468,15104227,19931078,19931078,17983420,15120698,20063560,20190557,23302395,16249290,23472165,24012197,16084891,24571615,25912412,16750201,11912283,19055724,12029073,24648304,25912412,12934347,16150151,11020520,24127964,20137818,9102363,24018808,22884659,16616093,18849443,25912412,9065182,9043920,22563025,25996258,12934347,16202314,11020520,9886539,24127964,19467764,26054109,22447624,26409150,18222435,21397694,26054109
4321,MMP12,25449831,2454848,11675475,12760253,15588473,10381818,19230253,9436699,26216523,18490013,16750201,19055724,20858448,20537326,24188612,23141164,22017422,10433073,9764347,8738720,15507512,25912412,25194152,20031030,24188612,19429661,25446850,22384446,19903049,19401003,24613539,17624337,24210790,9130910,24613539,17609243,15236995,14748845,18955785,16723371,18644593,15019822,16723371,16762179,17141400,18644593,15019822,25201101,23340055,22883517,22736326,25422360,24661731,22563025,11883311,16644787,12107265,22065163,23011643,17509581,16309234,11163832,19931078,22266326,25134292,16533339,9065182,12372468,15104227,19931078,19931078,17983420,15120698,20063560,20190557,23302395,16249290,23472165,24012197,16084891,24571615,25912412,16750201,11912283,19055724,12029073,24648304,25912412,12934347,16150151,11020520,24127964,20137818,9102363,24018808,22884659,16616093,18849443,25912412,9065182,9043920,22563025,25996258,12934347,16202314,11020520,9886539,24127964,19467764,26054109,22447624,26409150,18222435,21397694,26054109
4322,MMP13,25449831,2454848,11675475,12760253,15588473,10381818,19230253,9436699,26216523,18490013,16750201,19055724,20858448,20537326,24188612,23141164,22017422,10433073,9764347,8738720,15507512,25912412,25194152,20031030,24188612,19429661,25446850,22384446,19903049,19401003,24613539,17624337,24210790,9130910,24613539,17609243,15236995,14748845,18955785,16723371,18644593,15019822,16723371,16762179,17141400,18644593,15019822,25201101,23340055,22883517,22736326,25422360,24661731,22563025,11883311,16644787,12107265,22065163,23011643,17509581,16309234,11163832,19931078,22266326,25134292,16533339,9065182,12372468,15104227,19931078,19931078,17983420,15120698,20063560,20190557,23302395,16249290,23472165,24012197,16084891,24571615,25912412,16750201,11912283,19055724,12029073,24648304,25912412,12934347,16150151,11020520,24127964,20137818,9102363,24018808,22884659,16616093,18849443,25912412,9065182,9043920,22563025,25996258,12934347,16202314,11020520,9886539,24127964,19467764,26054109,22447624,26409150,18222435,21397694,26054109
4323,MMP14,25449831,2454848,11675475,12760253,15588473,10381818,19230253,9436699,26216523,18490013,16750201,19055724,20858448,20537326,24188612,23141164,22017422,10433073,9764347,8738720,15507512,25912412,25194152,20031030,24188612,19429661,25446850,22384446,19903049,19401003,24613539,17624337,24210790,9130910,24613539,17609243,15236995,14748845,18955785,16723371,18644593,15019822,16723371,16762179,17141400,18644593,15019822,25201101,23340055,22883517,22736326,25422360,24661731,22563025,11883311,16644787,12107265,22065163,23011643,17509581,16309234,11163832,19931078,22266326,25134292,16533339,9065182,12372468,15104227,19931078,19931078,17983420,15120698,20063560,20190557,23302395,16249290,23472165,24012197,16084891,24571615,25912412,16750201,11912283,19055724,12029073,24648304,25912412,12934347,16150151,11020520,24127964,20137818,9102363,24018808,22884659,16616093,18849443,25912412,9065182,9043920,22563025,25996258,12934347,16202314,11020520,9886539,24127964,19467764,26054109,22447624,26409150,18222435,21397694,26054109
4316,MMP7,25449831,2454848,11675475,12760253,15588473,10381818,19230253,9436699,26216523,18490013,16750201,19055724,20858448,20537326,24188612,23141164,22017422,10433073,9764347,8738720,15507512,25912412,25194152,20031030,24188612,19429661,25446850,22384446,19903049,19401003,24613539,17624337,24210790,9130910,24613539,17609243,15236995,14748845,18955785,16723371,18644593,15019822,16723371,16762179,17141400,18644593,15019822,25201101,23340055,22883517,22736326,25422360,24661731,22563025,11883311,16644787,12107265,22065163,23011643,17509581,16309234,11163832,19931078,22266326,25134292,16533339,9065182,12372468,15104227,19931078,19931078,17983420,15120698,20063560,20190557,23302395,16249290,23472165,24012197,16084891,24571615,25912412,16750201,11912283,19055724,12029073,24648304,25912412,12934347,16150151,11020520,24127964,20137818,9102363,24018808,22884659,16616093,18849443,25912412,9065182,9043920,22563025,25996258,12934347,16202314,11020520,9886539,24127964,19467764,26054109,22447624,26409150,18222435,21397694,26054109
4353,MPO,25449831,2454848,11675475,12760253,15588473,10381818,19230253,9436699,26216523,18490013,16750201,19055724,20858448,20537326,24188612,23141164,22017422,10433073,9764347,8738720,15507512,25912412,25194152,20031030,24188612,19429661,25446850,22384446,19903049,19401003,24613539,17624337,24210790,9130910,24613539,17609243,15236995,14748845,18955785,16723371,18644593,15019822,16723371,16762179,17141400,18644593,15019822,25201101,23340055,22883517,22736326,25422360,24661731,22563025,11883311,16644787,12107265,22065163,23011643,17509581,16309234,11163832,19931078,22266326,25134292,16533339,9065182,12372468,15104227,19931078,19931078,17983420,15120698,20063560,20190557,23302395,16249290,23472165,24012197,16084891,24571615,25912412,16750201,11912283,19055724,12029073,24648304,25912412,12934347,16150151,11020520,24127964,20137818,9102363,24018808,22884659,16616093,18849443,25912412,9065182,9043920,22563025,25996258,12934347,16202314,11020520,9886539,24127964,19467764,26054109,22447624,26409150,18222435,21397694,26054109
4436,MSH2,25449831,2454848,11675475,12760253,15588473,10381818,19230253,9436699,26216523,18490013,16750201,19055724,20858448,20537326,24188612,23141164,22017422,10433073,9764347,8738720,15507512,25912412,25194152,20031030,24188612,19429661,25446850,22384446,19903049,19401003,24613539,17624337,24210790,9130910,24613539,17609243,15236995,14748845,18955785,16723371,18644593,15019822,16723371,16762179,17141400,18644593,15019822,25201101,23340055,22883517,22736326,25422360,24661731,22563025,11883311,16644787,12107265,22065163,23011643,17509581,16309234,11163832,19931078,22266326,25134292,16533339,9065182,12372468,15104227,19931078,19931078,17983420,15120698,20063560,20190557,23302395,16249290,23472165,24012197,16084891,24571615,25912412,16750201,11912283,19055724,12029073,24648304,25912412,12934347,16150151,11020520,24127964,20137818,9102363,24018808,22884659,16616093,18849443,25912412,9065182,9043920,22563025,25996258,12934347,16202314,11020520,9886539,24127964,19467764,26054109,22447624,26409150,18222435,21397694,26054109
2956,MSH6,25449831,2454848,11675475,12760253,15588473,10381818,19230253,9436699,26216523,18490013,16750201,19055724,20858448,20537326,24188612,23141164,22017422,10433073,9764347,8738720,15507512,25912412,25194152,20031030,24188612,19429661,25446850,22384446,19903049,19401003,24613539,17624337,24210790,9130910,24613539,17609243,15236995,14748845,18955785,16723371,18644593,15019822,16723371,16762179,17141400,18644593,15019822,25201101,23340055,22883517,22736326,25422360,24661731,22563025,11883311,16644787,12107265,22065163,23011643,17509581,16309234,11163832,19931078,22266326,25134292,16533339,9065182,12372468,15104227,19931078,19931078,17983420,15120698,20063560,20190557,23302395,16249290,23472165,24012197,16084891,24571615,25912412,16750201,11912283,19055724,12029073,24648304,25912412,12934347,16150151,11020520,24127964,20137818,9102363,24018808,22884659,16616093,18849443,25912412,9065182,9043920,22563025,25996258,12934347,16202314,11020520,9886539,24127964,19467764,26054109,22447624,26409150,18222435,21397694,26054109
4440,MSI1,25449831,2454848,11675475,12760253,15588473,10381818,19230253,9436699,26216523,18490013,16750201,19055724,20858448,20537326,24188612,23141164,22017422,10433073,9764347,8738720,15507512,25912412,25194152,20031030,24188612,19429661,25446850,22384446,19903049,19401003,24613539,17624337,24210790,9130910,24613539,17609243,15236995,14748845,18955785,16723371,18644593,15019822,16723371,16762179,17141400,18644593,15019822,25201101,23340055,22883517,22736326,25422360,24661731,22563025,11883311,16644787,12107265,22065163,23011643,17509581,16309234,11163832,19931078,22266326,25134292,16533339,9065182,12372468,15104227,19931078,19931078,17983420,15120698,20063560,20190557,23302395,16249290,23472165,24012197,16084891,24571615,25912412,16750201,11912283,19055724,12029073,24648304,25912412,12934347,16150151,11020520,24127964,20137818,9102363,24018808,22884659,16616093,18849443,25912412,9065182,9043920,22563025,25996258,12934347,16202314,11020520,9886539,24127964,19467764,26054109,22447624,26409150,18222435,21397694,26054109
10893,MMP24,25449831,2454848,11675475,12760253,15588473,10381818,19230253,9436699,26216523,18490013,16750201,19055724,20858448,20537326,24188612,23141164,22017422,10433073,9764347,8738720,15507512,25912412,25194152,20031030,24188612,19429661,25446850,22384446,19903049,19401003,24613539,17624337,24210790,9130910,24613539,17609243,15236995,14748845,18955785,16723371,18644593,15019822,16723371,16762179,17141400,18644593,15019822,25201101,23340055,22883517,22736326,25422360,24661731,22563025,11883311,16644787,12107265,22065163,23011643,17509581,16309234,11163832,19931078,22266326,25134292,16533339,9065182,12372468,15104227,19931078,19931078,17983420,15120698,20063560,20190557,23302395,16249290,23472165,24012197,16084891,24571615,25912412,16750201,11912283,19055724,12029073,24648304,25912412,12934347,16150151,11020520,24127964,20137818,9102363,24018808,22884659,16616093,18849443,25912412,9065182,9043920,22563025,25996258,12934347,16202314,11020520,9886539,24127964,19467764,26054109,22447624,26409150,18222435,21397694,26054109
4513,COX2,25449831,2454848,11675475,12760253,15588473,10381818,19230253,9436699,26216523,18490013,16750201,19055724,20858448,20537326,24188612,23141164,22017422,10433073,9764347,8738720,15507512,25912412,25194152,20031030,24188612,19429661,25446850,22384446,19903049,19401003,24613539,17624337,24210790,9130910,24613539,17609243,15236995,14748845,18955785,16723371,18644593,15019822,16723371,16762179,17141400,18644593,15019822,25201101,23340055,22883517,22736326,25422360,24661731,22563025,11883311,16644787,12107265,22065163,23011643,17509581,16309234,11163832,19931078,22266326,25134292,16533339,9065182,12372468,15104227,19931078,19931078,17983420,15120698,20063560,20190557,23302395,16249290,23472165,24012197,16084891,24571615,25912412,16750201,11912283,19055724,12029073,24648304,25912412,12934347,16150151,11020520,24127964,20137818,9102363,24018808,22884659,16616093,18849443,25912412,9065182,9043920,22563025,25996258,12934347,16202314,11020520,9886539,24127964,19467764,26054109,22447624,26409150,18222435,21397694,26054109
4524,MTHFR,25449831,2454848,11675475,12760253,15588473,10381818,19230253,9436699,26216523,18490013,16750201,19055724,20858448,20537326,24188612,23141164,22017422,10433073,9764347,8738720,15507512,25912412,25194152,20031030,24188612,19429661,25446850,22384446,19903049,19401003,24613539,17624337,24210790,9130910,24613539,17609243,15236995,14748845,18955785,16723371,18644593,15019822,16723371,16762179,17141400,18644593,15019822,25201101,23340055,22883517,22736326,25422360,24661731,22563025,11883311,16644787,12107265,22065163,23011643,17509581,16309234,11163832,19931078,22266326,25134292,16533339,9065182,12372468,15104227,19931078,19931078,17983420,15120698,20063560,20190557,23302395,16249290,23472165,24012197,16084891,24571615,25912412,16750201,11912283,19055724,12029073,24648304,25912412,12934347,16150151,11020520,24127964,20137818,9102363,24018808,22884659,16616093,18849443,25912412,9065182,9043920,22563025,25996258,12934347,16202314,11020520,9886539,24127964,19467764,26054109,22447624,26409150,18222435,21397694,26054109
2475,MTOR,25449831,2454848,11675475,12760253,15588473,10381818,19230253,9436699,26216523,18490013,16750201,19055724,20858448,20537326,24188612,23141164,22017422,10433073,9764347,8738720,15507512,25912412,25194152,20031030,24188612,19429661,25446850,22384446,19903049,19401003,24613539,17624337,24210790,9130910,24613539,17609243,15236995,14748845,18955785,16723371,18644593,15019822,16723371,16762179,17141400,18644593,15019822,25201101,23340055,22883517,22736326,25422360,24661731,22563025,11883311,16644787,12107265,22065163,23011643,17509581,16309234,11163832,19931078,22266326,25134292,16533339,9065182,12372468,15104227,19931078,19931078,17983420,15120698,20063560,20190557,23302395,16249290,23472165,24012197,16084891,24571615,25912412,16750201,11912283,19055724,12029073,24648304,25912412,12934347,16150151,11020520,24127964,20137818,9102363,24018808,22884659,16616093,18849443,25912412,9065182,9043920,22563025,25996258,12934347,16202314,11020520,9886539,24127964,19467764,26054109,22447624,26409150,18222435,21397694,26054109
4582,MUC1,25449831,2454848,11675475,12760253,15588473,10381818,19230253,9436699,26216523,18490013,16750201,19055724,20858448,20537326,24188612,23141164,22017422,10433073,9764347,8738720,15507512,25912412,25194152,20031030,24188612,19429661,25446850,22384446,19903049,19401003,24613539,17624337,24210790,9130910,24613539,17609243,15236995,14748845,18955785,16723371,18644593,15019822,16723371,16762179,17141400,18644593,15019822,25201101,23340055,22883517,22736326,25422360,24661731,22563025,11883311,16644787,12107265,22065163,23011643,17509581,16309234,11163832,19931078,22266326,25134292,16533339,9065182,12372468,15104227,19931078,19931078,17983420,15120698,20063560,20190557,23302395,16249290,23472165,24012197,16084891,24571615,25912412,16750201,11912283,19055724,12029073,24648304,25912412,12934347,16150151,11020520,24127964,20137818,9102363,24018808,22884659,16616093,18849443,25912412,9065182,9043920,22563025,25996258,12934347,16202314,11020520,9886539,24127964,19467764,26054109,22447624,26409150,18222435,21397694,26054109
140453,MUC17,25449831,2454848,11675475,12760253,15588473,10381818,19230253,9436699,26216523,18490013,16750201,19055724,20858448,20537326,24188612,23141164,22017422,10433073,9764347,8738720,15507512,25912412,25194152,20031030,24188612,19429661,25446850,22384446,19903049,19401003,24613539,17624337,24210790,9130910,24613539,17609243,15236995,14748845,18955785,16723371,18644593,15019822,16723371,16762179,17141400,18644593,15019822,25201101,23340055,22883517,22736326,25422360,24661731,22563025,11883311,16644787,12107265,22065163,23011643,17509581,16309234,11163832,19931078,22266326,25134292,16533339,9065182,12372468,15104227,19931078,19931078,17983420,15120698,20063560,20190557,23302395,16249290,23472165,24012197,16084891,24571615,25912412,16750201,11912283,19055724,12029073,24648304,25912412,12934347,16150151,11020520,24127964,20137818,9102363,24018808,22884659,16616093,18849443,25912412,9065182,9043920,22563025,25996258,12934347,16202314,11020520,9886539,24127964,19467764,26054109,22447624,26409150,18222435,21397694,26054109
4583,MUC2,25449831,2454848,11675475,12760253,15588473,10381818,19230253,9436699,26216523,18490013,16750201,19055724,20858448,20537326,24188612,23141164,22017422,10433073,9764347,8738720,15507512,25912412,25194152,20031030,24188612,19429661,25446850,22384446,19903049,19401003,24613539,17624337,24210790,9130910,24613539,17609243,15236995,14748845,18955785,16723371,18644593,15019822,16723371,16762179,17141400,18644593,15019822,25201101,23340055,22883517,22736326,25422360,24661731,22563025,11883311,16644787,12107265,22065163,23011643,17509581,16309234,11163832,19931078,22266326,25134292,16533339,9065182,12372468,15104227,19931078,19931078,17983420,15120698,20063560,20190557,23302395,16249290,23472165,24012197,16084891,24571615,25912412,16750201,11912283,19055724,12029073,24648304,25912412,12934347,16150151,11020520,24127964,20137818,9102363,24018808,22884659,16616093,18849443,25912412,9065182,9043920,22563025,25996258,12934347,16202314,11020520,9886539,24127964,19467764,26054109,22447624,26409150,18222435,21397694,26054109
4585,MUC4,25449831,2454848,11675475,12760253,15588473,10381818,19230253,9436699,26216523,18490013,16750201,19055724,20858448,20537326,24188612,23141164,22017422,10433073,9764347,8738720,15507512,25912412,25194152,20031030,24188612,19429661,25446850,22384446,19903049,19401003,24613539,17624337,24210790,9130910,24613539,17609243,15236995,14748845,18955785,16723371,18644593,15019822,16723371,16762179,17141400,18644593,15019822,25201101,23340055,22883517,22736326,25422360,24661731,22563025,11883311,16644787,12107265,22065163,23011643,17509581,16309234,11163832,19931078,22266326,25134292,16533339,9065182,12372468,15104227,19931078,19931078,17983420,15120698,20063560,20190557,23302395,16249290,23472165,24012197,16084891,24571615,25912412,16750201,11912283,19055724,12029073,24648304,25912412,12934347,16150151,11020520,24127964,20137818,9102363,24018808,22884659,16616093,18849443,25912412,9065182,9043920,22563025,25996258,12934347,16202314,11020520,9886539,24127964,19467764,26054109,22447624,26409150,18222435,21397694,26054109
4609,MYC,25449831,2454848,11675475,12760253,15588473,10381818,19230253,9436699,26216523,18490013,16750201,19055724,20858448,20537326,24188612,23141164,22017422,10433073,9764347,8738720,15507512,25912412,25194152,20031030,24188612,19429661,25446850,22384446,19903049,19401003,24613539,17624337,24210790,9130910,24613539,17609243,15236995,14748845,18955785,16723371,18644593,15019822,16723371,16762179,17141400,18644593,15019822,25201101,23340055,22883517,22736326,25422360,24661731,22563025,11883311,16644787,12107265,22065163,23011643,17509581,16309234,11163832,19931078,22266326,25134292,16533339,9065182,12372468,15104227,19931078,19931078,17983420,15120698,20063560,20190557,23302395,16249290,23472165,24012197,16084891,24571615,25912412,16750201,11912283,19055724,12029073,24648304,25912412,12934347,16150151,11020520,24127964,20137818,9102363,24018808,22884659,16616093,18849443,25912412,9065182,9043920,22563025,25996258,12934347,16202314,11020520,9886539,24127964,19467764,26054109,22447624,26409150,18222435,21397694,26054109
80155,NAA15,25449831,2454848,11675475,12760253,15588473,10381818,19230253,9436699,26216523,18490013,16750201,19055724,20858448,20537326,24188612,23141164,22017422,10433073,9764347,8738720,15507512,25912412,25194152,20031030,24188612,19429661,25446850,22384446,19903049,19401003,24613539,17624337,24210790,9130910,24613539,17609243,15236995,14748845,18955785,16723371,18644593,15019822,16723371,16762179,17141400,18644593,15019822,25201101,23340055,22883517,22736326,25422360,24661731,22563025,11883311,16644787,12107265,22065163,23011643,17509581,16309234,11163832,19931078,22266326,25134292,16533339,9065182,12372468,15104227,19931078,19931078,17983420,15120698,20063560,20190557,23302395,16249290,23472165,24012197,16084891,24571615,25912412,16750201,11912283,19055724,12029073,24648304,25912412,12934347,16150151,11020520,24127964,20137818,9102363,24018808,22884659,16616093,18849443,25912412,9065182,9043920,22563025,25996258,12934347,16202314,11020520,9886539,24127964,19467764,26054109,22447624,26409150,18222435,21397694,26054109
79923,NANOG,25449831,2454848,11675475,12760253,15588473,10381818,19230253,9436699,26216523,18490013,16750201,19055724,20858448,20537326,24188612,23141164,22017422,10433073,9764347,8738720,15507512,25912412,25194152,20031030,24188612,19429661,25446850,22384446,19903049,19401003,24613539,17624337,24210790,9130910,24613539,17609243,15236995,14748845,18955785,16723371,18644593,15019822,16723371,16762179,17141400,18644593,15019822,25201101,23340055,22883517,22736326,25422360,24661731,22563025,11883311,16644787,12107265,22065163,23011643,17509581,16309234,11163832,19931078,22266326,25134292,16533339,9065182,12372468,15104227,19931078,19931078,17983420,15120698,20063560,20190557,23302395,16249290,23472165,24012197,16084891,24571615,25912412,16750201,11912283,19055724,12029073,24648304,25912412,12934347,16150151,11020520,24127964,20137818,9102363,24018808,22884659,16616093,18849443,25912412,9065182,9043920,22563025,25996258,12934347,16202314,11020520,9886539,24127964,19467764,26054109,22447624,26409150,18222435,21397694,26054109
2100,ESR2,25449831,25449831,25449831,25449831,25449831,25449831,25449831,25449831,25449831,25449831,25449831,25449831,25449831,25449831,25449831,25449831,25449831,25449831,25449831,25449831,25449831,25449831,25449831,25449831,25449831,25449831,25449831,25449831,25449831,25449831,25449831,25449831,25449831,25449831,25449831,25449831,25449831,25449831,25449831,25449831,25449831,25449831,25449831,25449831,25449831,25449831,25449831,25449831,25449831,25449831,25449831,25449831,25449831,25449831,25449831,25449831,25449831,25449831,25449831,25449831,25449831,25449831,25449831,25449831,25449831,2454848,2454848,2454848,2454848,2454848,2454848,2454848,2454848,2454848,2454848,2454848,2454848,2454848,2454848,2454848,2454848,2454848,2454848,2454848,2454848,2454848,2454848,2454848,2454848,2454848,2454848,2454848,2454848,2454848,2454848,2454848,2454848,2454848,2454848,2454848,2454848,2454848,2454848,2454848,2454848,2454848,2454848,2454848,2454848,2454848,2454848,2454848,2454848,2454848,2454848,2454848,2454848,2454848,2454848,2454848
9437,NCR1,25449831,2454848,11675475,12760253,15588473,10381818,19230253,9436699,26216523,18490013,16750201,19055724,20858448,20537326,24188612,23141164,22017422,10433073,9764347,8738720,15507512,25912412,25194152,20031030,24188612,19429661,25446850,22384446,19903049,19401003,24613539,17624337,24210790,9130910,24613539,17609243,15236995,14748845,18955785,16723371,18644593,15019822,16723371,16762179,17141400,18644593,15019822,25201101,23340055,22883517,22736326,25422360,24661731,22563025,11883311,16644787,12107265,22065163,23011643,17509581,16309234,11163832,19931078,22266326,25134292,16533339,9065182,12372468,15104227,19931078,19931078,17983420,15120698,20063560,20190557,23302395,16249290,23472165,24012197,16084891,24571615,25912412,16750201,11912283,19055724,12029073,24648304,25912412,12934347,16150151,11020520,24127964,20137818,9102363,24018808,22884659,16616093,18849443,25912412,9065182,9043920,22563025,25996258,12934347,16202314,11020520,9886539,24127964,19467764,26054109,22447624,26409150,18222435,21397694,26054109
5818,NECTIN1,25449831,2454848,11675475,12760253,15588473,10381818,19230253,9436699,26216523,18490013,16750201,19055724,20858448,20537326,24188612,23141164,22017422,10433073,9764347,8738720,15507512,25912412,25194152,20031030,24188612,19429661,25446850,22384446,19903049,19401003,24613539,17624337,24210790,9130910,24613539,17609243,15236995,14748845,18955785,16723371,18644593,15019822,16723371,16762179,17141400,18644593,15019822,25201101,23340055,22883517,22736326,25422360,24661731,22563025,11883311,16644787,12107265,22065163,23011643,17509581,16309234,11163832,19931078,22266326,25134292,16533339,9065182,12372468,15104227,19931078,19931078,17983420,15120698,20063560,20190557,23302395,16249290,23472165,24012197,16084891,24571615,25912412,16750201,11912283,19055724,12029073,24648304,25912412,12934347,16150151,11020520,24127964,20137818,9102363,24018808,22884659,16616093,18849443,25912412,9065182,9043920,22563025,25996258,12934347,16202314,11020520,9886539,24127964,19467764,26054109,22447624,26409150,18222435,21397694,26054109
25945,NECTIN3,25449831,2454848,11675475,12760253,15588473,10381818,19230253,9436699,26216523,18490013,16750201,19055724,20858448,20537326,24188612,23141164,22017422,10433073,9764347,8738720,15507512,25912412,25194152,20031030,24188612,19429661,25446850,22384446,19903049,19401003,24613539,17624337,24210790,9130910,24613539,17609243,15236995,14748845,18955785,16723371,18644593,15019822,16723371,16762179,17141400,18644593,15019822,25201101,23340055,22883517,22736326,25422360,24661731,22563025,11883311,16644787,12107265,22065163,23011643,17509581,16309234,11163832,19931078,22266326,25134292,16533339,9065182,12372468,15104227,19931078,19931078,17983420,15120698,20063560,20190557,23302395,16249290,23472165,24012197,16084891,24571615,25912412,16750201,11912283,19055724,12029073,24648304,25912412,12934347,16150151,11020520,24127964,20137818,9102363,24018808,22884659,16616093,18849443,25912412,9065182,9043920,22563025,25996258,12934347,16202314,11020520,9886539,24127964,19467764,26054109,22447624,26409150,18222435,21397694,26054109
81607,NECTIN4,25449831,2454848,11675475,12760253,15588473,10381818,19230253,9436699,26216523,18490013,16750201,19055724,20858448,20537326,24188612,23141164,22017422,10433073,9764347,8738720,15507512,25912412,25194152,20031030,24188612,19429661,25446850,22384446,19903049,19401003,24613539,17624337,24210790,9130910,24613539,17609243,15236995,14748845,18955785,16723371,18644593,15019822,16723371,16762179,17141400,18644593,15019822,25201101,23340055,22883517,22736326,25422360,24661731,22563025,11883311,16644787,12107265,22065163,23011643,17509581,16309234,11163832,19931078,22266326,25134292,16533339,9065182,12372468,15104227,19931078,19931078,17983420,15120698,20063560,20190557,23302395,16249290,23472165,24012197,16084891,24571615,25912412,16750201,11912283,19055724,12029073,24648304,25912412,12934347,16150151,11020520,24127964,20137818,9102363,24018808,22884659,16616093,18849443,25912412,9065182,9043920,22563025,25996258,12934347,16202314,11020520,9886539,24127964,19467764,26054109,22447624,26409150,18222435,21397694,26054109
4791,NFKB2,25449831,2454848,11675475,12760253,15588473,10381818,19230253,9436699,26216523,18490013,16750201,19055724,20858448,20537326,24188612,23141164,22017422,10433073,9764347,8738720,15507512,25912412,25194152,20031030,24188612,19429661,25446850,22384446,19903049,19401003,24613539,17624337,24210790,9130910,24613539,17609243,15236995,14748845,18955785,16723371,18644593,15019822,16723371,16762179,17141400,18644593,15019822,25201101,23340055,22883517,22736326,25422360,24661731,22563025,11883311,16644787,12107265,22065163,23011643,17509581,16309234,11163832,19931078,22266326,25134292,16533339,9065182,12372468,15104227,19931078,19931078,17983420,15120698,20063560,20190557,23302395,16249290,23472165,24012197,16084891,24571615,25912412,16750201,11912283,19055724,12029073,24648304,25912412,12934347,16150151,11020520,24127964,20137818,9102363,24018808,22884659,16616093,18849443,25912412,9065182,9043920,22563025,25996258,12934347,16202314,11020520,9886539,24127964,19467764,26054109,22447624,26409150,18222435,21397694,26054109
4803,NGF,25449831,2454848,11675475,12760253,15588473,10381818,19230253,9436699,26216523,18490013,16750201,19055724,20858448,20537326,24188612,23141164,22017422,10433073,9764347,8738720,15507512,25912412,25194152,20031030,24188612,19429661,25446850,22384446,19903049,19401003,24613539,17624337,24210790,9130910,24613539,17609243,15236995,14748845,18955785,16723371,18644593,15019822,16723371,16762179,17141400,18644593,15019822,25201101,23340055,22883517,22736326,25422360,24661731,22563025,11883311,16644787,12107265,22065163,23011643,17509581,16309234,11163832,19931078,22266326,25134292,16533339,9065182,12372468,15104227,19931078,19931078,17983420,15120698,20063560,20190557,23302395,16249290,23472165,24012197,16084891,24571615,25912412,16750201,11912283,19055724,12029073,24648304,25912412,12934347,16150151,11020520,24127964,20137818,9102363,24018808,22884659,16616093,18849443,25912412,9065182,9043920,22563025,25996258,12934347,16202314,11020520,9886539,24127964,19467764,26054109,22447624,26409150,18222435,21397694,26054109
4830,NME1,25449831,2454848,11675475,12760253,15588473,10381818,19230253,9436699,26216523,18490013,16750201,19055724,20858448,20537326,24188612,23141164,22017422,10433073,9764347,8738720,15507512,25912412,25194152,20031030,24188612,19429661,25446850,22384446,19903049,19401003,24613539,17624337,24210790,9130910,24613539,17609243,15236995,14748845,18955785,16723371,18644593,15019822,16723371,16762179,17141400,18644593,15019822,25201101,23340055,22883517,22736326,25422360,24661731,22563025,11883311,16644787,12107265,22065163,23011643,17509581,16309234,11163832,19931078,22266326,25134292,16533339,9065182,12372468,15104227,19931078,19931078,17983420,15120698,20063560,20190557,23302395,16249290,23472165,24012197,16084891,24571615,25912412,16750201,11912283,19055724,12029073,24648304,25912412,12934347,16150151,11020520,24127964,20137818,9102363,24018808,22884659,16616093,18849443,25912412,9065182,9043920,22563025,25996258,12934347,16202314,11020520,9886539,24127964,19467764,26054109,22447624,26409150,18222435,21397694,26054109
10392,NOD1,25449831,2454848,11675475,12760253,15588473,10381818,19230253,9436699,26216523,18490013,16750201,19055724,20858448,20537326,24188612,23141164,22017422,10433073,9764347,8738720,15507512,25912412,25194152,20031030,24188612,19429661,25446850,22384446,19903049,19401003,24613539,17624337,24210790,9130910,24613539,17609243,15236995,14748845,18955785,16723371,18644593,15019822,16723371,16762179,17141400,18644593,15019822,25201101,23340055,22883517,22736326,25422360,24661731,22563025,11883311,16644787,12107265,22065163,23011643,17509581,16309234,11163832,19931078,22266326,25134292,16533339,9065182,12372468,15104227,19931078,19931078,17983420,15120698,20063560,20190557,23302395,16249290,23472165,24012197,16084891,24571615,25912412,16750201,11912283,19055724,12029073,24648304,25912412,12934347,16150151,11020520,24127964,20137818,9102363,24018808,22884659,16616093,18849443,25912412,9065182,9043920,22563025,25996258,12934347,16202314,11020520,9886539,24127964,19467764,26054109,22447624,26409150,18222435,21397694,26054109
64127,NOD2,25449831,2454848,11675475,12760253,15588473,10381818,19230253,9436699,26216523,18490013,16750201,19055724,20858448,20537326,24188612,23141164,22017422,10433073,9764347,8738720,15507512,25912412,25194152,20031030,24188612,19429661,25446850,22384446,19903049,19401003,24613539,17624337,24210790,9130910,24613539,17609243,15236995,14748845,18955785,16723371,18644593,15019822,16723371,16762179,17141400,18644593,15019822,25201101,23340055,22883517,22736326,25422360,24661731,22563025,11883311,16644787,12107265,22065163,23011643,17509581,16309234,11163832,19931078,22266326,25134292,16533339,9065182,12372468,15104227,19931078,19931078,17983420,15120698,20063560,20190557,23302395,16249290,23472165,24012197,16084891,24571615,25912412,16750201,11912283,19055724,12029073,24648304,25912412,12934347,16150151,11020520,24127964,20137818,9102363,24018808,22884659,16616093,18849443,25912412,9065182,9043920,22563025,25996258,12934347,16202314,11020520,9886539,24127964,19467764,26054109,22447624,26409150,18222435,21397694,26054109
4846,NOS3,25449831,2454848,11675475,12760253,15588473,10381818,19230253,9436699,26216523,18490013,16750201,19055724,20858448,20537326,24188612,23141164,22017422,10433073,9764347,8738720,15507512,25912412,25194152,20031030,24188612,19429661,25446850,22384446,19903049,19401003,24613539,17624337,24210790,9130910,24613539,17609243,15236995,14748845,18955785,16723371,18644593,15019822,16723371,16762179,17141400,18644593,15019822,25201101,23340055,22883517,22736326,25422360,24661731,22563025,11883311,16644787,12107265,22065163,23011643,17509581,16309234,11163832,19931078,22266326,25134292,16533339,9065182,12372468,15104227,19931078,19931078,17983420,15120698,20063560,20190557,23302395,16249290,23472165,24012197,16084891,24571615,25912412,16750201,11912283,19055724,12029073,24648304,25912412,12934347,16150151,11020520,24127964,20137818,9102363,24018808,22884659,16616093,18849443,25912412,9065182,9043920,22563025,25996258,12934347,16202314,11020520,9886539,24127964,19467764,26054109,22447624,26409150,18222435,21397694,26054109
4851,NOTCH1,25449831,2454848,11675475,12760253,15588473,10381818,19230253,9436699,26216523,18490013,16750201,19055724,20858448,20537326,24188612,23141164,22017422,10433073,9764347,8738720,15507512,25912412,25194152,20031030,24188612,19429661,25446850,22384446,19903049,19401003,24613539,17624337,24210790,9130910,24613539,17609243,15236995,14748845,18955785,16723371,18644593,15019822,16723371,16762179,17141400,18644593,15019822,25201101,23340055,22883517,22736326,25422360,24661731,22563025,11883311,16644787,12107265,22065163,23011643,17509581,16309234,11163832,19931078,22266326,25134292,16533339,9065182,12372468,15104227,19931078,19931078,17983420,15120698,20063560,20190557,23302395,16249290,23472165,24012197,16084891,24571615,25912412,16750201,11912283,19055724,12029073,24648304,25912412,12934347,16150151,11020520,24127964,20137818,9102363,24018808,22884659,16616093,18849443,25912412,9065182,9043920,22563025,25996258,12934347,16202314,11020520,9886539,24127964,19467764,26054109,22447624,26409150,18222435,21397694,26054109
4855,NOTCH4,25449831,2454848,11675475,12760253,15588473,10381818,19230253,9436699,26216523,18490013,16750201,19055724,20858448,20537326,24188612,23141164,22017422,10433073,9764347,8738720,15507512,25912412,25194152,20031030,24188612,19429661,25446850,22384446,19903049,19401003,24613539,17624337,24210790,9130910,24613539,17609243,15236995,14748845,18955785,16723371,18644593,15019822,16723371,16762179,17141400,18644593,15019822,25201101,23340055,22883517,22736326,25422360,24661731,22563025,11883311,16644787,12107265,22065163,23011643,17509581,16309234,11163832,19931078,22266326,25134292,16533339,9065182,12372468,15104227,19931078,19931078,17983420,15120698,20063560,20190557,23302395,16249290,23472165,24012197,16084891,24571615,25912412,16750201,11912283,19055724,12029073,24648304,25912412,12934347,16150151,11020520,24127964,20137818,9102363,24018808,22884659,16616093,18849443,25912412,9065182,9043920,22563025,25996258,12934347,16202314,11020520,9886539,24127964,19467764,26054109,22447624,26409150,18222435,21397694,26054109
4885,NPTX2,25449831,2454848,11675475,12760253,15588473,10381818,19230253,9436699,26216523,18490013,16750201,19055724,20858448,20537326,24188612,23141164,22017422,10433073,9764347,8738720,15507512,25912412,25194152,20031030,24188612,19429661,25446850,22384446,19903049,19401003,24613539,17624337,24210790,9130910,24613539,17609243,15236995,14748845,18955785,16723371,18644593,15019822,16723371,16762179,17141400,18644593,15019822,25201101,23340055,22883517,22736326,25422360,24661731,22563025,11883311,16644787,12107265,22065163,23011643,17509581,16309234,11163832,19931078,22266326,25134292,16533339,9065182,12372468,15104227,19931078,19931078,17983420,15120698,20063560,20190557,23302395,16249290,23472165,24012197,16084891,24571615,25912412,16750201,11912283,19055724,12029073,24648304,25912412,12934347,16150151,11020520,24127964,20137818,9102363,24018808,22884659,16616093,18849443,25912412,9065182,9043920,22563025,25996258,12934347,16202314,11020520,9886539,24127964,19467764,26054109,22447624,26409150,18222435,21397694,26054109
2494,NR5A2,25449831,2454848,11675475,12760253,15588473,10381818,19230253,9436699,26216523,18490013,16750201,19055724,20858448,20537326,24188612,23141164,22017422,10433073,9764347,8738720,15507512,25912412,25194152,20031030,24188612,19429661,25446850,22384446,19903049,19401003,24613539,17624337,24210790,9130910,24613539,17609243,15236995,14748845,18955785,16723371,18644593,15019822,16723371,16762179,17141400,18644593,15019822,25201101,23340055,22883517,22736326,25422360,24661731,22563025,11883311,16644787,12107265,22065163,23011643,17509581,16309234,11163832,19931078,22266326,25134292,16533339,9065182,12372468,15104227,19931078,19931078,17983420,15120698,20063560,20190557,23302395,16249290,23472165,24012197,16084891,24571615,25912412,16750201,11912283,19055724,12029073,24648304,25912412,12934347,16150151,11020520,24127964,20137818,9102363,24018808,22884659,16616093,18849443,25912412,9065182,9043920,22563025,25996258,12934347,16202314,11020520,9886539,24127964,19467764,26054109,22447624,26409150,18222435,21397694,26054109
4893,NRAS,25449831,2454848,11675475,12760253,15588473,10381818,19230253,9436699,26216523,18490013,16750201,19055724,20858448,20537326,24188612,23141164,22017422,10433073,9764347,8738720,15507512,25912412,25194152,20031030,24188612,19429661,25446850,22384446,19903049,19401003,24613539,17624337,24210790,9130910,24613539,17609243,15236995,14748845,18955785,16723371,18644593,15019822,16723371,16762179,17141400,18644593,15019822,25201101,23340055,22883517,22736326,25422360,24661731,22563025,11883311,16644787,12107265,22065163,23011643,17509581,16309234,11163832,19931078,22266326,25134292,16533339,9065182,12372468,15104227,19931078,19931078,17983420,15120698,20063560,20190557,23302395,16249290,23472165,24012197,16084891,24571615,25912412,16750201,11912283,19055724,12029073,24648304,25912412,12934347,16150151,11020520,24127964,20137818,9102363,24018808,22884659,16616093,18849443,25912412,9065182,9043920,22563025,25996258,12934347,16202314,11020520,9886539,24127964,19467764,26054109,22447624,26409150,18222435,21397694,26054109
8829,NRP1,25449831,2454848,11675475,12760253,15588473,10381818,19230253,9436699,26216523,18490013,16750201,19055724,20858448,20537326,24188612,23141164,22017422,10433073,9764347,8738720,15507512,25912412,25194152,20031030,24188612,19429661,25446850,22384446,19903049,19401003,24613539,17624337,24210790,9130910,24613539,17609243,15236995,14748845,18955785,16723371,18644593,15019822,16723371,16762179,17141400,18644593,15019822,25201101,23340055,22883517,22736326,25422360,24661731,22563025,11883311,16644787,12107265,22065163,23011643,17509581,16309234,11163832,19931078,22266326,25134292,16533339,9065182,12372468,15104227,19931078,19931078,17983420,15120698,20063560,20190557,23302395,16249290,23472165,24012197,16084891,24571615,25912412,16750201,11912283,19055724,12029073,24648304,25912412,12934347,16150151,11020520,24127964,20137818,9102363,24018808,22884659,16616093,18849443,25912412,9065182,9043920,22563025,25996258,12934347,16202314,11020520,9886539,24127964,19467764,26054109,22447624,26409150,18222435,21397694,26054109
8828,NRP2,25449831,2454848,11675475,12760253,15588473,10381818,19230253,9436699,26216523,18490013,16750201,19055724,20858448,20537326,24188612,23141164,22017422,10433073,9764347,8738720,15507512,25912412,25194152,20031030,24188612,19429661,25446850,22384446,19903049,19401003,24613539,17624337,24210790,9130910,24613539,17609243,15236995,14748845,18955785,16723371,18644593,15019822,16723371,16762179,17141400,18644593,15019822,25201101,23340055,22883517,22736326,25422360,24661731,22563025,11883311,16644787,12107265,22065163,23011643,17509581,16309234,11163832,19931078,22266326,25134292,16533339,9065182,12372468,15104227,19931078,19931078,17983420,15120698,20063560,20190557,23302395,16249290,23472165,24012197,16084891,24571615,25912412,16750201,11912283,19055724,12029073,24648304,25912412,12934347,16150151,11020520,24127964,20137818,9102363,24018808,22884659,16616093,18849443,25912412,9065182,9043920,22563025,25996258,12934347,16202314,11020520,9886539,24127964,19467764,26054109,22447624,26409150,18222435,21397694,26054109
2026,ENO2,25449831,2454848,11675475,12760253,15588473,10381818,19230253,9436699,26216523,18490013,16750201,19055724,20858448,20537326,24188612,23141164,22017422,10433073,9764347,8738720,15507512,25912412,25194152,20031030,24188612,19429661,25446850,22384446,19903049,19401003,24613539,17624337,24210790,9130910,24613539,17609243,15236995,14748845,18955785,16723371,18644593,15019822,16723371,16762179,17141400,18644593,15019822,25201101,23340055,22883517,22736326,25422360,24661731,22563025,11883311,16644787,12107265,22065163,23011643,17509581,16309234,11163832,19931078,22266326,25134292,16533339,9065182,12372468,15104227,19931078,19931078,17983420,15120698,20063560,20190557,23302395,16249290,23472165,24012197,16084891,24571615,25912412,16750201,11912283,19055724,12029073,24648304,25912412,12934347,16150151,11020520,24127964,20137818,9102363,24018808,22884659,16616093,18849443,25912412,9065182,9043920,22563025,25996258,12934347,16202314,11020520,9886539,24127964,19467764,26054109,22447624,26409150,18222435,21397694,26054109
4909,NTF4,25449831,2454848,11675475,12760253,15588473,10381818,19230253,9436699,26216523,18490013,16750201,19055724,20858448,20537326,24188612,23141164,22017422,10433073,9764347,8738720,15507512,25912412,25194152,20031030,24188612,19429661,25446850,22384446,19903049,19401003,24613539,17624337,24210790,9130910,24613539,17609243,15236995,14748845,18955785,16723371,18644593,15019822,16723371,16762179,17141400,18644593,15019822,25201101,23340055,22883517,22736326,25422360,24661731,22563025,11883311,16644787,12107265,22065163,23011643,17509581,16309234,11163832,19931078,22266326,25134292,16533339,9065182,12372468,15104227,19931078,19931078,17983420,15120698,20063560,20190557,23302395,16249290,23472165,24012197,16084891,24571615,25912412,16750201,11912283,19055724,12029073,24648304,25912412,12934347,16150151,11020520,24127964,20137818,9102363,24018808,22884659,16616093,18849443,25912412,9065182,9043920,22563025,25996258,12934347,16202314,11020520,9886539,24127964,19467764,26054109,22447624,26409150,18222435,21397694,26054109
59277,NTN4,25449831,2454848,11675475,12760253,15588473,10381818,19230253,9436699,26216523,18490013,16750201,19055724,20858448,20537326,24188612,23141164,22017422,10433073,9764347,8738720,15507512,25912412,25194152,20031030,24188612,19429661,25446850,22384446,19903049,19401003,24613539,17624337,24210790,9130910,24613539,17609243,15236995,14748845,18955785,16723371,18644593,15019822,16723371,16762179,17141400,18644593,15019822,25201101,23340055,22883517,22736326,25422360,24661731,22563025,11883311,16644787,12107265,22065163,23011643,17509581,16309234,11163832,19931078,22266326,25134292,16533339,9065182,12372468,15104227,19931078,19931078,17983420,15120698,20063560,20190557,23302395,16249290,23472165,24012197,16084891,24571615,25912412,16750201,11912283,19055724,12029073,24648304,25912412,12934347,16150151,11020520,24127964,20137818,9102363,24018808,22884659,16616093,18849443,25912412,9065182,9043920,22563025,25996258,12934347,16202314,11020520,9886539,24127964,19467764,26054109,22447624,26409150,18222435,21397694,26054109
4915,NTRK2,25449831,2454848,11675475,12760253,15588473,10381818,19230253,9436699,26216523,18490013,16750201,19055724,20858448,20537326,24188612,23141164,22017422,10433073,9764347,8738720,15507512,25912412,25194152,20031030,24188612,19429661,25446850,22384446,19903049,19401003,24613539,17624337,24210790,9130910,24613539,17609243,15236995,14748845,18955785,16723371,18644593,15019822,16723371,16762179,17141400,18644593,15019822,25201101,23340055,22883517,22736326,25422360,24661731,22563025,11883311,16644787,12107265,22065163,23011643,17509581,16309234,11163832,19931078,22266326,25134292,16533339,9065182,12372468,15104227,19931078,19931078,17983420,15120698,20063560,20190557,23302395,16249290,23472165,24012197,16084891,24571615,25912412,16750201,11912283,19055724,12029073,24648304,25912412,12934347,16150151,11020520,24127964,20137818,9102363,24018808,22884659,16616093,18849443,25912412,9065182,9043920,22563025,25996258,12934347,16202314,11020520,9886539,24127964,19467764,26054109,22447624,26409150,18222435,21397694,26054109
10439,OLFM1,25449831,2454848,11675475,12760253,15588473,10381818,19230253,9436699,26216523,18490013,16750201,19055724,20858448,20537326,24188612,23141164,22017422,10433073,9764347,8738720,15507512,25912412,25194152,20031030,24188612,19429661,25446850,22384446,19903049,19401003,24613539,17624337,24210790,9130910,24613539,17609243,15236995,14748845,18955785,16723371,18644593,15019822,16723371,16762179,17141400,18644593,15019822,25201101,23340055,22883517,22736326,25422360,24661731,22563025,11883311,16644787,12107265,22065163,23011643,17509581,16309234,11163832,19931078,22266326,25134292,16533339,9065182,12372468,15104227,19931078,19931078,17983420,15120698,20063560,20190557,23302395,16249290,23472165,24012197,16084891,24571615,25912412,16750201,11912283,19055724,12029073,24648304,25912412,12934347,16150151,11020520,24127964,20137818,9102363,24018808,22884659,16616093,18849443,25912412,9065182,9043920,22563025,25996258,12934347,16202314,11020520,9886539,24127964,19467764,26054109,22447624,26409150,18222435,21397694,26054109
10562,OLFM4,25449831,2454848,11675475,12760253,15588473,10381818,19230253,9436699,26216523,18490013,16750201,19055724,20858448,20537326,24188612,23141164,22017422,10433073,9764347,8738720,15507512,25912412,25194152,20031030,24188612,19429661,25446850,22384446,19903049,19401003,24613539,17624337,24210790,9130910,24613539,17609243,15236995,14748845,18955785,16723371,18644593,15019822,16723371,16762179,17141400,18644593,15019822,25201101,23340055,22883517,22736326,25422360,24661731,22563025,11883311,16644787,12107265,22065163,23011643,17509581,16309234,11163832,19931078,22266326,25134292,16533339,9065182,12372468,15104227,19931078,19931078,17983420,15120698,20063560,20190557,23302395,16249290,23472165,24012197,16084891,24571615,25912412,16750201,11912283,19055724,12029073,24648304,25912412,12934347,16150151,11020520,24127964,20137818,9102363,24018808,22884659,16616093,18849443,25912412,9065182,9043920,22563025,25996258,12934347,16202314,11020520,9886539,24127964,19467764,26054109,22447624,26409150,18222435,21397694,26054109
4982,TNFRSF11B,25449831,2454848,11675475,12760253,15588473,10381818,19230253,9436699,26216523,18490013,16750201,19055724,20858448,20537326,24188612,23141164,22017422,10433073,9764347,8738720,15507512,25912412,25194152,20031030,24188612,19429661,25446850,22384446,19903049,19401003,24613539,17624337,24210790,9130910,24613539,17609243,15236995,14748845,18955785,16723371,18644593,15019822,16723371,16762179,17141400,18644593,15019822,25201101,23340055,22883517,22736326,25422360,24661731,22563025,11883311,16644787,12107265,22065163,23011643,17509581,16309234,11163832,19931078,22266326,25134292,16533339,9065182,12372468,15104227,19931078,19931078,17983420,15120698,20063560,20190557,23302395,16249290,23472165,24012197,16084891,24571615,25912412,16750201,11912283,19055724,12029073,24648304,25912412,12934347,16150151,11020520,24127964,20137818,9102363,24018808,22884659,16616093,18849443,25912412,9065182,9043920,22563025,25996258,12934347,16202314,11020520,9886539,24127964,19467764,26054109,22447624,26409150,18222435,21397694,26054109
4988,OPRM1,25449831,2454848,11675475,12760253,15588473,10381818,19230253,9436699,26216523,18490013,16750201,19055724,20858448,20537326,24188612,23141164,22017422,10433073,9764347,8738720,15507512,25912412,25194152,20031030,24188612,19429661,25446850,22384446,19903049,19401003,24613539,17624337,24210790,9130910,24613539,17609243,15236995,14748845,18955785,16723371,18644593,15019822,16723371,16762179,17141400,18644593,15019822,25201101,23340055,22883517,22736326,25422360,24661731,22563025,11883311,16644787,12107265,22065163,23011643,17509581,16309234,11163832,19931078,22266326,25134292,16533339,9065182,12372468,15104227,19931078,19931078,17983420,15120698,20063560,20190557,23302395,16249290,23472165,24012197,16084891,24571615,25912412,16750201,11912283,19055724,12029073,24648304,25912412,12934347,16150151,11020520,24127964,20137818,9102363,24018808,22884659,16616093,18849443,25912412,9065182,9043920,22563025,25996258,12934347,16202314,11020520,9886539,24127964,19467764,26054109,22447624,26409150,18222435,21397694,26054109
5715,PSMD9,25449831,2454848,11675475,12760253,15588473,10381818,19230253,9436699,26216523,18490013,16750201,19055724,20858448,20537326,24188612,23141164,22017422,10433073,9764347,8738720,15507512,25912412,25194152,20031030,24188612,19429661,25446850,22384446,19903049,19401003,24613539,17624337,24210790,9130910,24613539,17609243,15236995,14748845,18955785,16723371,18644593,15019822,16723371,16762179,17141400,18644593,15019822,25201101,23340055,22883517,22736326,25422360,24661731,22563025,11883311,16644787,12107265,22065163,23011643,17509581,16309234,11163832,19931078,22266326,25134292,16533339,9065182,12372468,15104227,19931078,19931078,17983420,15120698,20063560,20190557,23302395,16249290,23472165,24012197,16084891,24571615,25912412,16750201,11912283,19055724,12029073,24648304,25912412,12934347,16150151,11020520,24127964,20137818,9102363,24018808,22884659,16616093,18849443,25912412,9065182,9043920,22563025,25996258,12934347,16202314,11020520,9886539,24127964,19467764,26054109,22447624,26409150,18222435,21397694,26054109
5047,PAEP,25449831,2454848,11675475,12760253,15588473,10381818,19230253,9436699,26216523,18490013,16750201,19055724,20858448,20537326,24188612,23141164,22017422,10433073,9764347,8738720,15507512,25912412,25194152,20031030,24188612,19429661,25446850,22384446,19903049,19401003,24613539,17624337,24210790,9130910,24613539,17609243,15236995,14748845,18955785,16723371,18644593,15019822,16723371,16762179,17141400,18644593,15019822,25201101,23340055,22883517,22736326,25422360,24661731,22563025,11883311,16644787,12107265,22065163,23011643,17509581,16309234,11163832,19931078,22266326,25134292,16533339,9065182,12372468,15104227,19931078,19931078,17983420,15120698,20063560,20190557,23302395,16249290,23472165,24012197,16084891,24571615,25912412,16750201,11912283,19055724,12029073,24648304,25912412,12934347,16150151,11020520,24127964,20137818,9102363,24018808,22884659,16616093,18849443,25912412,9065182,9043920,22563025,25996258,12934347,16202314,11020520,9886539,24127964,19467764,26054109,22447624,26409150,18222435,21397694,26054109
5069,PAPPA,25449831,2454848,11675475,12760253,15588473,10381818,19230253,9436699,26216523,18490013,16750201,19055724,20858448,20537326,24188612,23141164,22017422,10433073,9764347,8738720,15507512,25912412,25194152,20031030,24188612,19429661,25446850,22384446,19903049,19401003,24613539,17624337,24210790,9130910,24613539,17609243,15236995,14748845,18955785,16723371,18644593,15019822,16723371,16762179,17141400,18644593,15019822,25201101,23340055,22883517,22736326,25422360,24661731,22563025,11883311,16644787,12107265,22065163,23011643,17509581,16309234,11163832,19931078,22266326,25134292,16533339,9065182,12372468,15104227,19931078,19931078,17983420,15120698,20063560,20190557,23302395,16249290,23472165,24012197,16084891,24571615,25912412,16750201,11912283,19055724,12029073,24648304,25912412,12934347,16150151,11020520,24127964,20137818,9102363,24018808,22884659,16616093,18849443,25912412,9065182,9043920,22563025,25996258,12934347,16202314,11020520,9886539,24127964,19467764,26054109,22447624,26409150,18222435,21397694,26054109
5111,PCNA,25449831,2454848,11675475,12760253,15588473,10381818,19230253,9436699,26216523,18490013,16750201,19055724,20858448,20537326,24188612,23141164,22017422,10433073,9764347,8738720,15507512,25912412,25194152,20031030,24188612,19429661,25446850,22384446,19903049,19401003,24613539,17624337,24210790,9130910,24613539,17609243,15236995,14748845,18955785,16723371,18644593,15019822,16723371,16762179,17141400,18644593,15019822,25201101,23340055,22883517,22736326,25422360,24661731,22563025,11883311,16644787,12107265,22065163,23011643,17509581,16309234,11163832,19931078,22266326,25134292,16533339,9065182,12372468,15104227,19931078,19931078,17983420,15120698,20063560,20190557,23302395,16249290,23472165,24012197,16084891,24571615,25912412,16750201,11912283,19055724,12029073,24648304,25912412,12934347,16150151,11020520,24127964,20137818,9102363,24018808,22884659,16616093,18849443,25912412,9065182,9043920,22563025,25996258,12934347,16202314,11020520,9886539,24127964,19467764,26054109,22447624,26409150,18222435,21397694,26054109
9536,PTGES,25449831,2454848,11675475,12760253,15588473,10381818,19230253,9436699,26216523,18490013,16750201,19055724,20858448,20537326,24188612,23141164,22017422,10433073,9764347,8738720,15507512,25912412,25194152,20031030,24188612,19429661,25446850,22384446,19903049,19401003,24613539,17624337,24210790,9130910,24613539,17609243,15236995,14748845,18955785,16723371,18644593,15019822,16723371,16762179,17141400,18644593,15019822,25201101,23340055,22883517,22736326,25422360,24661731,22563025,11883311,16644787,12107265,22065163,23011643,17509581,16309234,11163832,19931078,22266326,25134292,16533339,9065182,12372468,15104227,19931078,19931078,17983420,15120698,20063560,20190557,23302395,16249290,23472165,24012197,16084891,24571615,25912412,16750201,11912283,19055724,12029073,24648304,25912412,12934347,16150151,11020520,24127964,20137818,9102363,24018808,22884659,16616093,18849443,25912412,9065182,9043920,22563025,25996258,12934347,16202314,11020520,9886539,24127964,19467764,26054109,22447624,26409150,18222435,21397694,26054109
5236,PGM1,25449831,2454848,11675475,12760253,15588473,10381818,19230253,9436699,26216523,18490013,16750201,19055724,20858448,20537326,24188612,23141164,22017422,10433073,9764347,8738720,15507512,25912412,25194152,20031030,24188612,19429661,25446850,22384446,19903049,19401003,24613539,17624337,24210790,9130910,24613539,17609243,15236995,14748845,18955785,16723371,18644593,15019822,16723371,16762179,17141400,18644593,15019822,25201101,23340055,22883517,22736326,25422360,24661731,22563025,11883311,16644787,12107265,22065163,23011643,17509581,16309234,11163832,19931078,22266326,25134292,16533339,9065182,12372468,15104227,19931078,19931078,17983420,15120698,20063560,20190557,23302395,16249290,23472165,24012197,16084891,24571615,25912412,16750201,11912283,19055724,12029073,24648304,25912412,12934347,16150151,11020520,24127964,20137818,9102363,24018808,22884659,16616093,18849443,25912412,9065182,9043920,22563025,25996258,12934347,16202314,11020520,9886539,24127964,19467764,26054109,22447624,26409150,18222435,21397694,26054109
10857,PGRMC1,25449831,2454848,11675475,12760253,15588473,10381818,19230253,9436699,26216523,18490013,16750201,19055724,20858448,20537326,24188612,23141164,22017422,10433073,9764347,8738720,15507512,25912412,25194152,20031030,24188612,19429661,25446850,22384446,19903049,19401003,24613539,17624337,24210790,9130910,24613539,17609243,15236995,14748845,18955785,16723371,18644593,15019822,16723371,16762179,17141400,18644593,15019822,25201101,23340055,22883517,22736326,25422360,24661731,22563025,11883311,16644787,12107265,22065163,23011643,17509581,16309234,11163832,19931078,22266326,25134292,16533339,9065182,12372468,15104227,19931078,19931078,17983420,15120698,20063560,20190557,23302395,16249290,23472165,24012197,16084891,24571615,25912412,16750201,11912283,19055724,12029073,24648304,25912412,12934347,16150151,11020520,24127964,20137818,9102363,24018808,22884659,16616093,18849443,25912412,9065182,9043920,22563025,25996258,12934347,16202314,11020520,9886539,24127964,19467764,26054109,22447624,26409150,18222435,21397694,26054109
10424,PGRMC2,25449831,2454848,11675475,12760253,15588473,10381818,19230253,9436699,26216523,18490013,16750201,19055724,20858448,20537326,24188612,23141164,22017422,10433073,9764347,8738720,15507512,25912412,25194152,20031030,24188612,19429661,25446850,22384446,19903049,19401003,24613539,17624337,24210790,9130910,24613539,17609243,15236995,14748845,18955785,16723371,18644593,15019822,16723371,16762179,17141400,18644593,15019822,25201101,23340055,22883517,22736326,25422360,24661731,22563025,11883311,16644787,12107265,22065163,23011643,17509581,16309234,11163832,19931078,22266326,25134292,16533339,9065182,12372468,15104227,19931078,19931078,17983420,15120698,20063560,20190557,23302395,16249290,23472165,24012197,16084891,24571615,25912412,16750201,11912283,19055724,12029073,24648304,25912412,12934347,16150151,11020520,24127964,20137818,9102363,24018808,22884659,16616093,18849443,25912412,9065182,9043920,22563025,25996258,12934347,16202314,11020520,9886539,24127964,19467764,26054109,22447624,26409150,18222435,21397694,26054109
6578,SLCO2A1,25449831,2454848,11675475,12760253,15588473,10381818,19230253,9436699,26216523,18490013,16750201,19055724,20858448,20537326,24188612,23141164,22017422,10433073,9764347,8738720,15507512,25912412,25194152,20031030,24188612,19429661,25446850,22384446,19903049,19401003,24613539,17624337,24210790,9130910,24613539,17609243,15236995,14748845,18955785,16723371,18644593,15019822,16723371,16762179,17141400,18644593,15019822,25201101,23340055,22883517,22736326,25422360,24661731,22563025,11883311,16644787,12107265,22065163,23011643,17509581,16309234,11163832,19931078,22266326,25134292,16533339,9065182,12372468,15104227,19931078,19931078,17983420,15120698,20063560,20190557,23302395,16249290,23472165,24012197,16084891,24571615,25912412,16750201,11912283,19055724,12029073,24648304,25912412,12934347,16150151,11020520,24127964,20137818,9102363,24018808,22884659,16616093,18849443,25912412,9065182,9043920,22563025,25996258,12934347,16202314,11020520,9886539,24127964,19467764,26054109,22447624,26409150,18222435,21397694,26054109
5290,PIK3CA,25449831,2454848,11675475,12760253,15588473,10381818,19230253,9436699,26216523,18490013,16750201,19055724,20858448,20537326,24188612,23141164,22017422,10433073,9764347,8738720,15507512,25912412,25194152,20031030,24188612,19429661,25446850,22384446,19903049,19401003,24613539,17624337,24210790,9130910,24613539,17609243,15236995,14748845,18955785,16723371,18644593,15019822,16723371,16762179,17141400,18644593,15019822,25201101,23340055,22883517,22736326,25422360,24661731,22563025,11883311,16644787,12107265,22065163,23011643,17509581,16309234,11163832,19931078,22266326,25134292,16533339,9065182,12372468,15104227,19931078,19931078,17983420,15120698,20063560,20190557,23302395,16249290,23472165,24012197,16084891,24571615,25912412,16750201,11912283,19055724,12029073,24648304,25912412,12934347,16150151,11020520,24127964,20137818,9102363,24018808,22884659,16616093,18849443,25912412,9065182,9043920,22563025,25996258,12934347,16202314,11020520,9886539,24127964,19467764,26054109,22447624,26409150,18222435,21397694,26054109
11040,PIM2,25449831,2454848,11675475,12760253,15588473,10381818,19230253,9436699,26216523,18490013,16750201,19055724,20858448,20537326,24188612,23141164,22017422,10433073,9764347,8738720,15507512,25912412,25194152,20031030,24188612,19429661,25446850,22384446,19903049,19401003,24613539,17624337,24210790,9130910,24613539,17609243,15236995,14748845,18955785,16723371,18644593,15019822,16723371,16762179,17141400,18644593,15019822,25201101,23340055,22883517,22736326,25422360,24661731,22563025,11883311,16644787,12107265,22065163,23011643,17509581,16309234,11163832,19931078,22266326,25134292,16533339,9065182,12372468,15104227,19931078,19931078,17983420,15120698,20063560,20190557,23302395,16249290,23472165,24012197,16084891,24571615,25912412,16750201,11912283,19055724,12029073,24648304,25912412,12934347,16150151,11020520,24127964,20137818,9102363,24018808,22884659,16616093,18849443,25912412,9065182,9043920,22563025,25996258,12934347,16202314,11020520,9886539,24127964,19467764,26054109,22447624,26409150,18222435,21397694,26054109
5320,PLA2G2A,25449831,2454848,11675475,12760253,15588473,10381818,19230253,9436699,26216523,18490013,16750201,19055724,20858448,20537326,24188612,23141164,22017422,10433073,9764347,8738720,15507512,25912412,25194152,20031030,24188612,19429661,25446850,22384446,19903049,19401003,24613539,17624337,24210790,9130910,24613539,17609243,15236995,14748845,18955785,16723371,18644593,15019822,16723371,16762179,17141400,18644593,15019822,25201101,23340055,22883517,22736326,25422360,24661731,22563025,11883311,16644787,12107265,22065163,23011643,17509581,16309234,11163832,19931078,22266326,25134292,16533339,9065182,12372468,15104227,19931078,19931078,17983420,15120698,20063560,20190557,23302395,16249290,23472165,24012197,16084891,24571615,25912412,16750201,11912283,19055724,12029073,24648304,25912412,12934347,16150151,11020520,24127964,20137818,9102363,24018808,22884659,16616093,18849443,25912412,9065182,9043920,22563025,25996258,12934347,16202314,11020520,9886539,24127964,19467764,26054109,22447624,26409150,18222435,21397694,26054109
5321,PLA2G4A,25449831,2454848,11675475,12760253,15588473,10381818,19230253,9436699,26216523,18490013,16750201,19055724,20858448,20537326,24188612,23141164,22017422,10433073,9764347,8738720,15507512,25912412,25194152,20031030,24188612,19429661,25446850,22384446,19903049,19401003,24613539,17624337,24210790,9130910,24613539,17609243,15236995,14748845,18955785,16723371,18644593,15019822,16723371,16762179,17141400,18644593,15019822,25201101,23340055,22883517,22736326,25422360,24661731,22563025,11883311,16644787,12107265,22065163,23011643,17509581,16309234,11163832,19931078,22266326,25134292,16533339,9065182,12372468,15104227,19931078,19931078,17983420,15120698,20063560,20190557,23302395,16249290,23472165,24012197,16084891,24571615,25912412,16750201,11912283,19055724,12029073,24648304,25912412,12934347,16150151,11020520,24127964,20137818,9102363,24018808,22884659,16616093,18849443,25912412,9065182,9043920,22563025,25996258,12934347,16202314,11020520,9886539,24127964,19467764,26054109,22447624,26409150,18222435,21397694,26054109
5328,PLAU,25449831,2454848,11675475,12760253,15588473,10381818,19230253,9436699,26216523,18490013,16750201,19055724,20858448,20537326,24188612,23141164,22017422,10433073,9764347,8738720,15507512,25912412,25194152,20031030,24188612,19429661,25446850,22384446,19903049,19401003,24613539,17624337,24210790,9130910,24613539,17609243,15236995,14748845,18955785,16723371,18644593,15019822,16723371,16762179,17141400,18644593,15019822,25201101,23340055,22883517,22736326,25422360,24661731,22563025,11883311,16644787,12107265,22065163,23011643,17509581,16309234,11163832,19931078,22266326,25134292,16533339,9065182,12372468,15104227,19931078,19931078,17983420,15120698,20063560,20190557,23302395,16249290,23472165,24012197,16084891,24571615,25912412,16750201,11912283,19055724,12029073,24648304,25912412,12934347,16150151,11020520,24127964,20137818,9102363,24018808,22884659,16616093,18849443,25912412,9065182,9043920,22563025,25996258,12934347,16202314,11020520,9886539,24127964,19467764,26054109,22447624,26409150,18222435,21397694,26054109
5329,PLAUR,25449831,2454848,11675475,12760253,15588473,10381818,19230253,9436699,26216523,18490013,16750201,19055724,20858448,20537326,24188612,23141164,22017422,10433073,9764347,8738720,15507512,25912412,25194152,20031030,24188612,19429661,25446850,22384446,19903049,19401003,24613539,17624337,24210790,9130910,24613539,17609243,15236995,14748845,18955785,16723371,18644593,15019822,16723371,16762179,17141400,18644593,15019822,25201101,23340055,22883517,22736326,25422360,24661731,22563025,11883311,16644787,12107265,22065163,23011643,17509581,16309234,11163832,19931078,22266326,25134292,16533339,9065182,12372468,15104227,19931078,19931078,17983420,15120698,20063560,20190557,23302395,16249290,23472165,24012197,16084891,24571615,25912412,16750201,11912283,19055724,12029073,24648304,25912412,12934347,16150151,11020520,24127964,20137818,9102363,24018808,22884659,16616093,18849443,25912412,9065182,9043920,22563025,25996258,12934347,16202314,11020520,9886539,24127964,19467764,26054109,22447624,26409150,18222435,21397694,26054109
23236,PLCB1,25449831,2454848,11675475,12760253,15588473,10381818,19230253,9436699,26216523,18490013,16750201,19055724,20858448,20537326,24188612,23141164,22017422,10433073,9764347,8738720,15507512,25912412,25194152,20031030,24188612,19429661,25446850,22384446,19903049,19401003,24613539,17624337,24210790,9130910,24613539,17609243,15236995,14748845,18955785,16723371,18644593,15019822,16723371,16762179,17141400,18644593,15019822,25201101,23340055,22883517,22736326,25422360,24661731,22563025,11883311,16644787,12107265,22065163,23011643,17509581,16309234,11163832,19931078,22266326,25134292,16533339,9065182,12372468,15104227,19931078,19931078,17983420,15120698,20063560,20190557,23302395,16249290,23472165,24012197,16084891,24571615,25912412,16750201,11912283,19055724,12029073,24648304,25912412,12934347,16150151,11020520,24127964,20137818,9102363,24018808,22884659,16616093,18849443,25912412,9065182,9043920,22563025,25996258,12934347,16202314,11020520,9886539,24127964,19467764,26054109,22447624,26409150,18222435,21397694,26054109
7345,UCHL1,25449831,2454848,11675475,12760253,15588473,10381818,19230253,9436699,26216523,18490013,16750201,19055724,20858448,20537326,24188612,23141164,22017422,10433073,9764347,8738720,15507512,25912412,25194152,20031030,24188612,19429661,25446850,22384446,19903049,19401003,24613539,17624337,24210790,9130910,24613539,17609243,15236995,14748845,18955785,16723371,18644593,15019822,16723371,16762179,17141400,18644593,15019822,25201101,23340055,22883517,22736326,25422360,24661731,22563025,11883311,16644787,12107265,22065163,23011643,17509581,16309234,11163832,19931078,22266326,25134292,16533339,9065182,12372468,15104227,19931078,19931078,17983420,15120698,20063560,20190557,23302395,16249290,23472165,24012197,16084891,24571615,25912412,16750201,11912283,19055724,12029073,24648304,25912412,12934347,16150151,11020520,24127964,20137818,9102363,24018808,22884659,16616093,18849443,25912412,9065182,9043920,22563025,25996258,12934347,16202314,11020520,9886539,24127964,19467764,26054109,22447624,26409150,18222435,21397694,26054109
5331,PLCB3,25449831,2454848,11675475,12760253,15588473,10381818,19230253,9436699,26216523,18490013,16750201,19055724,20858448,20537326,24188612,23141164,22017422,10433073,9764347,8738720,15507512,25912412,25194152,20031030,24188612,19429661,25446850,22384446,19903049,19401003,24613539,17624337,24210790,9130910,24613539,17609243,15236995,14748845,18955785,16723371,18644593,15019822,16723371,16762179,17141400,18644593,15019822,25201101,23340055,22883517,22736326,25422360,24661731,22563025,11883311,16644787,12107265,22065163,23011643,17509581,16309234,11163832,19931078,22266326,25134292,16533339,9065182,12372468,15104227,19931078,19931078,17983420,15120698,20063560,20190557,23302395,16249290,23472165,24012197,16084891,24571615,25912412,16750201,11912283,19055724,12029073,24648304,25912412,12934347,16150151,11020520,24127964,20137818,9102363,24018808,22884659,16616093,18849443,25912412,9065182,9043920,22563025,25996258,12934347,16202314,11020520,9886539,24127964,19467764,26054109,22447624,26409150,18222435,21397694,26054109
113026,PLCD3,25449831,2454848,11675475,12760253,15588473,10381818,19230253,9436699,26216523,18490013,16750201,19055724,20858448,20537326,24188612,23141164,22017422,10433073,9764347,8738720,15507512,25912412,25194152,20031030,24188612,19429661,25446850,22384446,19903049,19401003,24613539,17624337,24210790,9130910,24613539,17609243,15236995,14748845,18955785,16723371,18644593,15019822,16723371,16762179,17141400,18644593,15019822,25201101,23340055,22883517,22736326,25422360,24661731,22563025,11883311,16644787,12107265,22065163,23011643,17509581,16309234,11163832,19931078,22266326,25134292,16533339,9065182,12372468,15104227,19931078,19931078,17983420,15120698,20063560,20190557,23302395,16249290,23472165,24012197,16084891,24571615,25912412,16750201,11912283,19055724,12029073,24648304,25912412,12934347,16150151,11020520,24127964,20137818,9102363,24018808,22884659,16616093,18849443,25912412,9065182,9043920,22563025,25996258,12934347,16202314,11020520,9886539,24127964,19467764,26054109,22447624,26409150,18222435,21397694,26054109
5347,PLK1,25449831,2454848,11675475,12760253,15588473,10381818,19230253,9436699,26216523,18490013,16750201,19055724,20858448,20537326,24188612,23141164,22017422,10433073,9764347,8738720,15507512,25912412,25194152,20031030,24188612,19429661,25446850,22384446,19903049,19401003,24613539,17624337,24210790,9130910,24613539,17609243,15236995,14748845,18955785,16723371,18644593,15019822,16723371,16762179,17141400,18644593,15019822,25201101,23340055,22883517,22736326,25422360,24661731,22563025,11883311,16644787,12107265,22065163,23011643,17509581,16309234,11163832,19931078,22266326,25134292,16533339,9065182,12372468,15104227,19931078,19931078,17983420,15120698,20063560,20190557,23302395,16249290,23472165,24012197,16084891,24571615,25912412,16750201,11912283,19055724,12029073,24648304,25912412,12934347,16150151,11020520,24127964,20137818,9102363,24018808,22884659,16616093,18849443,25912412,9065182,9043920,22563025,25996258,12934347,16202314,11020520,9886539,24127964,19467764,26054109,22447624,26409150,18222435,21397694,26054109
5395,PMS2,25449831,2454848,11675475,12760253,15588473,10381818,19230253,9436699,26216523,18490013,16750201,19055724,20858448,20537326,24188612,23141164,22017422,10433073,9764347,8738720,15507512,25912412,25194152,20031030,24188612,19429661,25446850,22384446,19903049,19401003,24613539,17624337,24210790,9130910,24613539,17609243,15236995,14748845,18955785,16723371,18644593,15019822,16723371,16762179,17141400,18644593,15019822,25201101,23340055,22883517,22736326,25422360,24661731,22563025,11883311,16644787,12107265,22065163,23011643,17509581,16309234,11163832,19931078,22266326,25134292,16533339,9065182,12372468,15104227,19931078,19931078,17983420,15120698,20063560,20190557,23302395,16249290,23472165,24012197,16084891,24571615,25912412,16750201,11912283,19055724,12029073,24648304,25912412,12934347,16150151,11020520,24127964,20137818,9102363,24018808,22884659,16616093,18849443,25912412,9065182,9043920,22563025,25996258,12934347,16202314,11020520,9886539,24127964,19467764,26054109,22447624,26409150,18222435,21397694,26054109
5444,PON1,25449831,2454848,11675475,12760253,15588473,10381818,19230253,9436699,26216523,18490013,16750201,19055724,20858448,20537326,24188612,23141164,22017422,10433073,9764347,8738720,15507512,25912412,25194152,20031030,24188612,19429661,25446850,22384446,19903049,19401003,24613539,17624337,24210790,9130910,24613539,17609243,15236995,14748845,18955785,16723371,18644593,15019822,16723371,16762179,17141400,18644593,15019822,25201101,23340055,22883517,22736326,25422360,24661731,22563025,11883311,16644787,12107265,22065163,23011643,17509581,16309234,11163832,19931078,22266326,25134292,16533339,9065182,12372468,15104227,19931078,19931078,17983420,15120698,20063560,20190557,23302395,16249290,23472165,24012197,16084891,24571615,25912412,16750201,11912283,19055724,12029073,24648304,25912412,12934347,16150151,11020520,24127964,20137818,9102363,24018808,22884659,16616093,18849443,25912412,9065182,9043920,22563025,25996258,12934347,16202314,11020520,9886539,24127964,19467764,26054109,22447624,26409150,18222435,21397694,26054109
10631,POSTN,25449831,2454848,11675475,12760253,15588473,10381818,19230253,9436699,26216523,18490013,16750201,19055724,20858448,20537326,24188612,23141164,22017422,10433073,9764347,8738720,15507512,25912412,25194152,20031030,24188612,19429661,25446850,22384446,19903049,19401003,24613539,17624337,24210790,9130910,24613539,17609243,15236995,14748845,18955785,16723371,18644593,15019822,16723371,16762179,17141400,18644593,15019822,25201101,23340055,22883517,22736326,25422360,24661731,22563025,11883311,16644787,12107265,22065163,23011643,17509581,16309234,11163832,19931078,22266326,25134292,16533339,9065182,12372468,15104227,19931078,19931078,17983420,15120698,20063560,20190557,23302395,16249290,23472165,24012197,16084891,24571615,25912412,16750201,11912283,19055724,12029073,24648304,25912412,12934347,16150151,11020520,24127964,20137818,9102363,24018808,22884659,16616093,18849443,25912412,9065182,9043920,22563025,25996258,12934347,16202314,11020520,9886539,24127964,19467764,26054109,22447624,26409150,18222435,21397694,26054109
5460,POU5F1,25449831,2454848,11675475,12760253,15588473,10381818,19230253,9436699,26216523,18490013,16750201,19055724,20858448,20537326,24188612,23141164,22017422,10433073,9764347,8738720,15507512,25912412,25194152,20031030,24188612,19429661,25446850,22384446,19903049,19401003,24613539,17624337,24210790,9130910,24613539,17609243,15236995,14748845,18955785,16723371,18644593,15019822,16723371,16762179,17141400,18644593,15019822,25201101,23340055,22883517,22736326,25422360,24661731,22563025,11883311,16644787,12107265,22065163,23011643,17509581,16309234,11163832,19931078,22266326,25134292,16533339,9065182,12372468,15104227,19931078,19931078,17983420,15120698,20063560,20190557,23302395,16249290,23472165,24012197,16084891,24571615,25912412,16750201,11912283,19055724,12029073,24648304,25912412,12934347,16150151,11020520,24127964,20137818,9102363,24018808,22884659,16616093,18849443,25912412,9065182,9043920,22563025,25996258,12934347,16202314,11020520,9886539,24127964,19467764,26054109,22447624,26409150,18222435,21397694,26054109
5465,PPARA,25449831,2454848,11675475,12760253,15588473,10381818,19230253,9436699,26216523,18490013,16750201,19055724,20858448,20537326,24188612,23141164,22017422,10433073,9764347,8738720,15507512,25912412,25194152,20031030,24188612,19429661,25446850,22384446,19903049,19401003,24613539,17624337,24210790,9130910,24613539,17609243,15236995,14748845,18955785,16723371,18644593,15019822,16723371,16762179,17141400,18644593,15019822,25201101,23340055,22883517,22736326,25422360,24661731,22563025,11883311,16644787,12107265,22065163,23011643,17509581,16309234,11163832,19931078,22266326,25134292,16533339,9065182,12372468,15104227,19931078,19931078,17983420,15120698,20063560,20190557,23302395,16249290,23472165,24012197,16084891,24571615,25912412,16750201,11912283,19055724,12029073,24648304,25912412,12934347,16150151,11020520,24127964,20137818,9102363,24018808,22884659,16616093,18849443,25912412,9065182,9043920,22563025,25996258,12934347,16202314,11020520,9886539,24127964,19467764,26054109,22447624,26409150,18222435,21397694,26054109
5468,PPARG,25449831,2454848,11675475,12760253,15588473,10381818,19230253,9436699,26216523,18490013,16750201,19055724,20858448,20537326,24188612,23141164,22017422,10433073,9764347,8738720,15507512,25912412,25194152,20031030,24188612,19429661,25446850,22384446,19903049,19401003,24613539,17624337,24210790,9130910,24613539,17609243,15236995,14748845,18955785,16723371,18644593,15019822,16723371,16762179,17141400,18644593,15019822,25201101,23340055,22883517,22736326,25422360,24661731,22563025,11883311,16644787,12107265,22065163,23011643,17509581,16309234,11163832,19931078,22266326,25134292,16533339,9065182,12372468,15104227,19931078,19931078,17983420,15120698,20063560,20190557,23302395,16249290,23472165,24012197,16084891,24571615,25912412,16750201,11912283,19055724,12029073,24648304,25912412,12934347,16150151,11020520,24127964,20137818,9102363,24018808,22884659,16616093,18849443,25912412,9065182,9043920,22563025,25996258,12934347,16202314,11020520,9886539,24127964,19467764,26054109,22447624,26409150,18222435,21397694,26054109
639,PRDM1,25449831,2454848,11675475,12760253,15588473,10381818,19230253,9436699,26216523,18490013,16750201,19055724,20858448,20537326,24188612,23141164,22017422,10433073,9764347,8738720,15507512,25912412,25194152,20031030,24188612,19429661,25446850,22384446,19903049,19401003,24613539,17624337,24210790,9130910,24613539,17609243,15236995,14748845,18955785,16723371,18644593,15019822,16723371,16762179,17141400,18644593,15019822,25201101,23340055,22883517,22736326,25422360,24661731,22563025,11883311,16644787,12107265,22065163,23011643,17509581,16309234,11163832,19931078,22266326,25134292,16533339,9065182,12372468,15104227,19931078,19931078,17983420,15120698,20063560,20190557,23302395,16249290,23472165,24012197,16084891,24571615,25912412,16750201,11912283,19055724,12029073,24648304,25912412,12934347,16150151,11020520,24127964,20137818,9102363,24018808,22884659,16616093,18849443,25912412,9065182,9043920,22563025,25996258,12934347,16202314,11020520,9886539,24127964,19467764,26054109,22447624,26409150,18222435,21397694,26054109
9588,PRDX6,25449831,2454848,11675475,12760253,15588473,10381818,19230253,9436699,26216523,18490013,16750201,19055724,20858448,20537326,24188612,23141164,22017422,10433073,9764347,8738720,15507512,25912412,25194152,20031030,24188612,19429661,25446850,22384446,19903049,19401003,24613539,17624337,24210790,9130910,24613539,17609243,15236995,14748845,18955785,16723371,18644593,15019822,16723371,16762179,17141400,18644593,15019822,25201101,23340055,22883517,22736326,25422360,24661731,22563025,11883311,16644787,12107265,22065163,23011643,17509581,16309234,11163832,19931078,22266326,25134292,16533339,9065182,12372468,15104227,19931078,19931078,17983420,15120698,20063560,20190557,23302395,16249290,23472165,24012197,16084891,24571615,25912412,16750201,11912283,19055724,12029073,24648304,25912412,12934347,16150151,11020520,24127964,20137818,9102363,24018808,22884659,16616093,18849443,25912412,9065182,9043920,22563025,25996258,12934347,16202314,11020520,9886539,24127964,19467764,26054109,22447624,26409150,18222435,21397694,26054109
5579,PRKCB,25449831,2454848,11675475,12760253,15588473,10381818,19230253,9436699,26216523,18490013,16750201,19055724,20858448,20537326,24188612,23141164,22017422,10433073,9764347,8738720,15507512,25912412,25194152,20031030,24188612,19429661,25446850,22384446,19903049,19401003,24613539,17624337,24210790,9130910,24613539,17609243,15236995,14748845,18955785,16723371,18644593,15019822,16723371,16762179,17141400,18644593,15019822,25201101,23340055,22883517,22736326,25422360,24661731,22563025,11883311,16644787,12107265,22065163,23011643,17509581,16309234,11163832,19931078,22266326,25134292,16533339,9065182,12372468,15104227,19931078,19931078,17983420,15120698,20063560,20190557,23302395,16249290,23472165,24012197,16084891,24571615,25912412,16750201,11912283,19055724,12029073,24648304,25912412,12934347,16150151,11020520,24127964,20137818,9102363,24018808,22884659,16616093,18849443,25912412,9065182,9043920,22563025,25996258,12934347,16202314,11020520,9886539,24127964,19467764,26054109,22447624,26409150,18222435,21397694,26054109
5617,PRL,25449831,2454848,11675475,12760253,15588473,10381818,19230253,9436699,26216523,18490013,16750201,19055724,20858448,20537326,24188612,23141164,22017422,10433073,9764347,8738720,15507512,25912412,25194152,20031030,24188612,19429661,25446850,22384446,19903049,19401003,24613539,17624337,24210790,9130910,24613539,17609243,15236995,14748845,18955785,16723371,18644593,15019822,16723371,16762179,17141400,18644593,15019822,25201101,23340055,22883517,22736326,25422360,24661731,22563025,11883311,16644787,12107265,22065163,23011643,17509581,16309234,11163832,19931078,22266326,25134292,16533339,9065182,12372468,15104227,19931078,19931078,17983420,15120698,20063560,20190557,23302395,16249290,23472165,24012197,16084891,24571615,25912412,16750201,11912283,19055724,12029073,24648304,25912412,12934347,16150151,11020520,24127964,20137818,9102363,24018808,22884659,16616093,18849443,25912412,9065182,9043920,22563025,25996258,12934347,16202314,11020520,9886539,24127964,19467764,26054109,22447624,26409150,18222435,21397694,26054109
5618,PRLR,25449831,2454848,11675475,12760253,15588473,10381818,19230253,9436699,26216523,18490013,16750201,19055724,20858448,20537326,24188612,23141164,22017422,10433073,9764347,8738720,15507512,25912412,25194152,20031030,24188612,19429661,25446850,22384446,19903049,19401003,24613539,17624337,24210790,9130910,24613539,17609243,15236995,14748845,18955785,16723371,18644593,15019822,16723371,16762179,17141400,18644593,15019822,25201101,23340055,22883517,22736326,25422360,24661731,22563025,11883311,16644787,12107265,22065163,23011643,17509581,16309234,11163832,19931078,22266326,25134292,16533339,9065182,12372468,15104227,19931078,19931078,17983420,15120698,20063560,20190557,23302395,16249290,23472165,24012197,16084891,24571615,25912412,16750201,11912283,19055724,12029073,24648304,25912412,12934347,16150151,11020520,24127964,20137818,9102363,24018808,22884659,16616093,18849443,25912412,9065182,9043920,22563025,25996258,12934347,16202314,11020520,9886539,24127964,19467764,26054109,22447624,26409150,18222435,21397694,26054109
6354,CCL7,25449831,25449831,25449831,2454848,2454848,2454848,11675475,11675475,11675475,12760253,12760253,12760253,15588473,15588473,15588473,10381818,10381818,10381818,19230253,19230253,19230253,9436699,9436699,9436699,26216523,26216523,26216523,18490013,18490013,18490013,16750201,16750201,16750201,19055724,19055724,19055724,20858448,20858448,20858448,20537326,20537326,20537326,24188612,24188612,24188612,23141164,23141164,23141164,22017422,22017422,22017422,10433073,10433073,10433073,9764347,9764347,9764347,8738720,8738720,8738720,15507512,15507512,15507512,25912412,25912412,25912412,25194152,25194152,25194152,20031030,20031030,20031030,24188612,24188612,24188612,19429661,19429661,19429661,25446850,25446850,25446850,22384446,22384446,22384446,19903049,19903049,19903049,19401003,19401003,19401003,24613539,24613539,24613539,17624337,17624337,17624337,24210790,24210790,24210790,9130910,9130910,9130910,24613539,24613539,24613539,17609243,17609243,17609243,15236995,15236995,15236995,14748845,14748845,14748845,18955785,1895
5728,PTEN,25449831,2454848,11675475,12760253,15588473,10381818,19230253,9436699,26216523,18490013,16750201,19055724,20858448,20537326,24188612,23141164,22017422,10433073,9764347,8738720,15507512,25912412,25194152,20031030,24188612,19429661,25446850,22384446,19903049,19401003,24613539,17624337,24210790,9130910,24613539,17609243,15236995,14748845,18955785,16723371,18644593,15019822,16723371,16762179,17141400,18644593,15019822,25201101,23340055,22883517,22736326,25422360,24661731,22563025,11883311,16644787,12107265,22065163,23011643,17509581,16309234,11163832,19931078,22266326,25134292,16533339,9065182,12372468,15104227,19931078,19931078,17983420,15120698,20063560,20190557,23302395,16249290,23472165,24012197,16084891,24571615,25912412,16750201,11912283,19055724,12029073,24648304,25912412,12934347,16150151,11020520,24127964,20137818,9102363,24018808,22884659,16616093,18849443,25912412,9065182,9043920,22563025,25996258,12934347,16202314,11020520,9886539,24127964,19467764,26054109,22447624,26409150,18222435,21397694,26054109
5732,PTGER2,25449831,2454848,11675475,12760253,15588473,10381818,19230253,9436699,26216523,18490013,16750201,19055724,20858448,20537326,24188612,23141164,22017422,10433073,9764347,8738720,15507512,25912412,25194152,20031030,24188612,19429661,25446850,22384446,19903049,19401003,24613539,17624337,24210790,9130910,24613539,17609243,15236995,14748845,18955785,16723371,18644593,15019822,16723371,16762179,17141400,18644593,15019822,25201101,23340055,22883517,22736326,25422360,24661731,22563025,11883311,16644787,12107265,22065163,23011643,17509581,16309234,11163832,19931078,22266326,25134292,16533339,9065182,12372468,15104227,19931078,19931078,17983420,15120698,20063560,20190557,23302395,16249290,23472165,24012197,16084891,24571615,25912412,16750201,11912283,19055724,12029073,24648304,25912412,12934347,16150151,11020520,24127964,20137818,9102363,24018808,22884659,16616093,18849443,25912412,9065182,9043920,22563025,25996258,12934347,16202314,11020520,9886539,24127964,19467764,26054109,22447624,26409150,18222435,21397694,26054109
80142,PTGES2,25449831,2454848,11675475,12760253,15588473,10381818,19230253,9436699,26216523,18490013,16750201,19055724,20858448,20537326,24188612,23141164,22017422,10433073,9764347,8738720,15507512,25912412,25194152,20031030,24188612,19429661,25446850,22384446,19903049,19401003,24613539,17624337,24210790,9130910,24613539,17609243,15236995,14748845,18955785,16723371,18644593,15019822,16723371,16762179,17141400,18644593,15019822,25201101,23340055,22883517,22736326,25422360,24661731,22563025,11883311,16644787,12107265,22065163,23011643,17509581,16309234,11163832,19931078,22266326,25134292,16533339,9065182,12372468,15104227,19931078,19931078,17983420,15120698,20063560,20190557,23302395,16249290,23472165,24012197,16084891,24571615,25912412,16750201,11912283,19055724,12029073,24648304,25912412,12934347,16150151,11020520,24127964,20137818,9102363,24018808,22884659,16616093,18849443,25912412,9065182,9043920,22563025,25996258,12934347,16202314,11020520,9886539,24127964,19467764,26054109,22447624,26409150,18222435,21397694,26054109
5737,PTGFR,25449831,2454848,11675475,12760253,15588473,10381818,19230253,9436699,26216523,18490013,16750201,19055724,20858448,20537326,24188612,23141164,22017422,10433073,9764347,8738720,15507512,25912412,25194152,20031030,24188612,19429661,25446850,22384446,19903049,19401003,24613539,17624337,24210790,9130910,24613539,17609243,15236995,14748845,18955785,16723371,18644593,15019822,16723371,16762179,17141400,18644593,15019822,25201101,23340055,22883517,22736326,25422360,24661731,22563025,11883311,16644787,12107265,22065163,23011643,17509581,16309234,11163832,19931078,22266326,25134292,16533339,9065182,12372468,15104227,19931078,19931078,17983420,15120698,20063560,20190557,23302395,16249290,23472165,24012197,16084891,24571615,25912412,16750201,11912283,19055724,12029073,24648304,25912412,12934347,16150151,11020520,24127964,20137818,9102363,24018808,22884659,16616093,18849443,25912412,9065182,9043920,22563025,25996258,12934347,16202314,11020520,9886539,24127964,19467764,26054109,22447624,26409150,18222435,21397694,26054109
5764,PTN,25449831,2454848,11675475,12760253,15588473,10381818,19230253,9436699,26216523,18490013,16750201,19055724,20858448,20537326,24188612,23141164,22017422,10433073,9764347,8738720,15507512,25912412,25194152,20031030,24188612,19429661,25446850,22384446,19903049,19401003,24613539,17624337,24210790,9130910,24613539,17609243,15236995,14748845,18955785,16723371,18644593,15019822,16723371,16762179,17141400,18644593,15019822,25201101,23340055,22883517,22736326,25422360,24661731,22563025,11883311,16644787,12107265,22065163,23011643,17509581,16309234,11163832,19931078,22266326,25134292,16533339,9065182,12372468,15104227,19931078,19931078,17983420,15120698,20063560,20190557,23302395,16249290,23472165,24012197,16084891,24571615,25912412,16750201,11912283,19055724,12029073,24648304,25912412,12934347,16150151,11020520,24127964,20137818,9102363,24018808,22884659,16616093,18849443,25912412,9065182,9043920,22563025,25996258,12934347,16202314,11020520,9886539,24127964,19467764,26054109,22447624,26409150,18222435,21397694,26054109
11156,PTP4A3,25449831,2454848,11675475,12760253,15588473,10381818,19230253,9436699,26216523,18490013,16750201,19055724,20858448,20537326,24188612,23141164,22017422,10433073,9764347,8738720,15507512,25912412,25194152,20031030,24188612,19429661,25446850,22384446,19903049,19401003,24613539,17624337,24210790,9130910,24613539,17609243,15236995,14748845,18955785,16723371,18644593,15019822,16723371,16762179,17141400,18644593,15019822,25201101,23340055,22883517,22736326,25422360,24661731,22563025,11883311,16644787,12107265,22065163,23011643,17509581,16309234,11163832,19931078,22266326,25134292,16533339,9065182,12372468,15104227,19931078,19931078,17983420,15120698,20063560,20190557,23302395,16249290,23472165,24012197,16084891,24571615,25912412,16750201,11912283,19055724,12029073,24648304,25912412,12934347,16150151,11020520,24127964,20137818,9102363,24018808,22884659,16616093,18849443,25912412,9065182,9043920,22563025,25996258,12934347,16202314,11020520,9886539,24127964,19467764,26054109,22447624,26409150,18222435,21397694,26054109
5801,PTPRR,25449831,2454848,11675475,12760253,15588473,10381818,19230253,9436699,26216523,18490013,16750201,19055724,20858448,20537326,24188612,23141164,22017422,10433073,9764347,8738720,15507512,25912412,25194152,20031030,24188612,19429661,25446850,22384446,19903049,19401003,24613539,17624337,24210790,9130910,24613539,17609243,15236995,14748845,18955785,16723371,18644593,15019822,16723371,16762179,17141400,18644593,15019822,25201101,23340055,22883517,22736326,25422360,24661731,22563025,11883311,16644787,12107265,22065163,23011643,17509581,16309234,11163832,19931078,22266326,25134292,16533339,9065182,12372468,15104227,19931078,19931078,17983420,15120698,20063560,20190557,23302395,16249290,23472165,24012197,16084891,24571615,25912412,16750201,11912283,19055724,12029073,24648304,25912412,12934347,16150151,11020520,24127964,20137818,9102363,24018808,22884659,16616093,18849443,25912412,9065182,9043920,22563025,25996258,12934347,16202314,11020520,9886539,24127964,19467764,26054109,22447624,26409150,18222435,21397694,26054109
177,AGER,25449831,2454848,11675475,12760253,15588473,10381818,19230253,9436699,26216523,18490013,16750201,19055724,20858448,20537326,24188612,23141164,22017422,10433073,9764347,8738720,15507512,25912412,25194152,20031030,24188612,19429661,25446850,22384446,19903049,19401003,24613539,17624337,24210790,9130910,24613539,17609243,15236995,14748845,18955785,16723371,18644593,15019822,16723371,16762179,17141400,18644593,15019822,25201101,23340055,22883517,22736326,25422360,24661731,22563025,11883311,16644787,12107265,22065163,23011643,17509581,16309234,11163832,19931078,22266326,25134292,16533339,9065182,12372468,15104227,19931078,19931078,17983420,15120698,20063560,20190557,23302395,16249290,23472165,24012197,16084891,24571615,25912412,16750201,11912283,19055724,12029073,24648304,25912412,12934347,16150151,11020520,24127964,20137818,9102363,24018808,22884659,16616093,18849443,25912412,9065182,9043920,22563025,25996258,12934347,16202314,11020520,9886539,24127964,19467764,26054109,22447624,26409150,18222435,21397694,26054109
375287,RBM43,25449831,2454848,11675475,12760253,15588473,10381818,19230253,9436699,26216523,18490013,16750201,19055724,20858448,20537326,24188612,23141164,22017422,10433073,9764347,8738720,15507512,25912412,25194152,20031030,24188612,19429661,25446850,22384446,19903049,19401003,24613539,17624337,24210790,9130910,24613539,17609243,15236995,14748845,18955785,16723371,18644593,15019822,16723371,16762179,17141400,18644593,15019822,25201101,23340055,22883517,22736326,25422360,24661731,22563025,11883311,16644787,12107265,22065163,23011643,17509581,16309234,11163832,19931078,22266326,25134292,16533339,9065182,12372468,15104227,19931078,19931078,17983420,15120698,20063560,20190557,23302395,16249290,23472165,24012197,16084891,24571615,25912412,16750201,11912283,19055724,12029073,24648304,25912412,12934347,16150151,11020520,24127964,20137818,9102363,24018808,22884659,16616093,18849443,25912412,9065182,9043920,22563025,25996258,12934347,16202314,11020520,9886539,24127964,19467764,26054109,22447624,26409150,18222435,21397694,26054109
5947,RBP1,25449831,2454848,11675475,12760253,15588473,10381818,19230253,9436699,26216523,18490013,16750201,19055724,20858448,20537326,24188612,23141164,22017422,10433073,9764347,8738720,15507512,25912412,25194152,20031030,24188612,19429661,25446850,22384446,19903049,19401003,24613539,17624337,24210790,9130910,24613539,17609243,15236995,14748845,18955785,16723371,18644593,15019822,16723371,16762179,17141400,18644593,15019822,25201101,23340055,22883517,22736326,25422360,24661731,22563025,11883311,16644787,12107265,22065163,23011643,17509581,16309234,11163832,19931078,22266326,25134292,16533339,9065182,12372468,15104227,19931078,19931078,17983420,15120698,20063560,20190557,23302395,16249290,23472165,24012197,16084891,24571615,25912412,16750201,11912283,19055724,12029073,24648304,25912412,12934347,16150151,11020520,24127964,20137818,9102363,24018808,22884659,16616093,18849443,25912412,9065182,9043920,22563025,25996258,12934347,16202314,11020520,9886539,24127964,19467764,26054109,22447624,26409150,18222435,21397694,26054109
5970,RELA,25449831,2454848,11675475,12760253,15588473,10381818,19230253,9436699,26216523,18490013,16750201,19055724,20858448,20537326,24188612,23141164,22017422,10433073,9764347,8738720,15507512,25912412,25194152,20031030,24188612,19429661,25446850,22384446,19903049,19401003,24613539,17624337,24210790,9130910,24613539,17609243,15236995,14748845,18955785,16723371,18644593,15019822,16723371,16762179,17141400,18644593,15019822,25201101,23340055,22883517,22736326,25422360,24661731,22563025,11883311,16644787,12107265,22065163,23011643,17509581,16309234,11163832,19931078,22266326,25134292,16533339,9065182,12372468,15104227,19931078,19931078,17983420,15120698,20063560,20190557,23302395,16249290,23472165,24012197,16084891,24571615,25912412,16750201,11912283,19055724,12029073,24648304,25912412,12934347,16150151,11020520,24127964,20137818,9102363,24018808,22884659,16616093,18849443,25912412,9065182,9043920,22563025,25996258,12934347,16202314,11020520,9886539,24127964,19467764,26054109,22447624,26409150,18222435,21397694,26054109
56729,RETN,25449831,2454848,11675475,12760253,15588473,10381818,19230253,9436699,26216523,18490013,16750201,19055724,20858448,20537326,24188612,23141164,22017422,10433073,9764347,8738720,15507512,25912412,25194152,20031030,24188612,19429661,25446850,22384446,19903049,19401003,24613539,17624337,24210790,9130910,24613539,17609243,15236995,14748845,18955785,16723371,18644593,15019822,16723371,16762179,17141400,18644593,15019822,25201101,23340055,22883517,22736326,25422360,24661731,22563025,11883311,16644787,12107265,22065163,23011643,17509581,16309234,11163832,19931078,22266326,25134292,16533339,9065182,12372468,15104227,19931078,19931078,17983420,15120698,20063560,20190557,23302395,16249290,23472165,24012197,16084891,24571615,25912412,16750201,11912283,19055724,12029073,24648304,25912412,12934347,16150151,11020520,24127964,20137818,9102363,24018808,22884659,16616093,18849443,25912412,9065182,9043920,22563025,25996258,12934347,16202314,11020520,9886539,24127964,19467764,26054109,22447624,26409150,18222435,21397694,26054109
389,RHOC,25449831,25449831,2454848,2454848,11675475,11675475,12760253,12760253,15588473,15588473,10381818,10381818,19230253,19230253,9436699,9436699,26216523,26216523,18490013,18490013,16750201,16750201,19055724,19055724,20858448,20858448,20537326,20537326,24188612,24188612,23141164,23141164,22017422,22017422,10433073,10433073,9764347,9764347,8738720,8738720,15507512,15507512,25912412,25912412,25194152,25194152,20031030,20031030,24188612,24188612,19429661,19429661,25446850,25446850,22384446,22384446,19903049,19903049,19401003,19401003,24613539,24613539,17624337,17624337,24210790,24210790,9130910,9130910,24613539,24613539,17609243,17609243,15236995,15236995,14748845,14748845,18955785,18955785,16723371,16723371,18644593,18644593,15019822,15019822,16723371,16723371,16762179,16762179,17141400,17141400,18644593,18644593,15019822,15019822,25201101,25201101,23340055,23340055,22883517,22883517,22736326,22736326,25422360,25422360,24661731,24661731,22563025,22563025,11883311,11883311,16644787,16644787,12107265,12107265,22065163
390,RND3,25449831,2454848,11675475,12760253,15588473,10381818,19230253,9436699,26216523,18490013,16750201,19055724,20858448,20537326,24188612,23141164,22017422,10433073,9764347,8738720,15507512,25912412,25194152,20031030,24188612,19429661,25446850,22384446,19903049,19401003,24613539,17624337,24210790,9130910,24613539,17609243,15236995,14748845,18955785,16723371,18644593,15019822,16723371,16762179,17141400,18644593,15019822,25201101,23340055,22883517,22736326,25422360,24661731,22563025,11883311,16644787,12107265,22065163,23011643,17509581,16309234,11163832,19931078,22266326,25134292,16533339,9065182,12372468,15104227,19931078,19931078,17983420,15120698,20063560,20190557,23302395,16249290,23472165,24012197,16084891,24571615,25912412,16750201,11912283,19055724,12029073,24648304,25912412,12934347,16150151,11020520,24127964,20137818,9102363,24018808,22884659,16616093,18849443,25912412,9065182,9043920,22563025,25996258,12934347,16202314,11020520,9886539,24127964,19467764,26054109,22447624,26409150,18222435,21397694,26054109
4486,MST1R,25449831,2454848,11675475,12760253,15588473,10381818,19230253,9436699,26216523,18490013,16750201,19055724,20858448,20537326,24188612,23141164,22017422,10433073,9764347,8738720,15507512,25912412,25194152,20031030,24188612,19429661,25446850,22384446,19903049,19401003,24613539,17624337,24210790,9130910,24613539,17609243,15236995,14748845,18955785,16723371,18644593,15019822,16723371,16762179,17141400,18644593,15019822,25201101,23340055,22883517,22736326,25422360,24661731,22563025,11883311,16644787,12107265,22065163,23011643,17509581,16309234,11163832,19931078,22266326,25134292,16533339,9065182,12372468,15104227,19931078,19931078,17983420,15120698,20063560,20190557,23302395,16249290,23472165,24012197,16084891,24571615,25912412,16750201,11912283,19055724,12029073,24648304,25912412,12934347,16150151,11020520,24127964,20137818,9102363,24018808,22884659,16616093,18849443,25912412,9065182,9043920,22563025,25996258,12934347,16202314,11020520,9886539,24127964,19467764,26054109,22447624,26409150,18222435,21397694,26054109
6171,RPL41,25449831,2454848,11675475,12760253,15588473,10381818,19230253,9436699,26216523,18490013,16750201,19055724,20858448,20537326,24188612,23141164,22017422,10433073,9764347,8738720,15507512,25912412,25194152,20031030,24188612,19429661,25446850,22384446,19903049,19401003,24613539,17624337,24210790,9130910,24613539,17609243,15236995,14748845,18955785,16723371,18644593,15019822,16723371,16762179,17141400,18644593,15019822,25201101,23340055,22883517,22736326,25422360,24661731,22563025,11883311,16644787,12107265,22065163,23011643,17509581,16309234,11163832,19931078,22266326,25134292,16533339,9065182,12372468,15104227,19931078,19931078,17983420,15120698,20063560,20190557,23302395,16249290,23472165,24012197,16084891,24571615,25912412,16750201,11912283,19055724,12029073,24648304,25912412,12934347,16150151,11020520,24127964,20137818,9102363,24018808,22884659,16616093,18849443,25912412,9065182,9043920,22563025,25996258,12934347,16202314,11020520,9886539,24127964,19467764,26054109,22447624,26409150,18222435,21397694,26054109
8644,AKR1C3,25449831,25449831,2454848,2454848,11675475,11675475,12760253,12760253,15588473,15588473,10381818,10381818,19230253,19230253,9436699,9436699,26216523,26216523,18490013,18490013,16750201,16750201,19055724,19055724,20858448,20858448,20537326,20537326,24188612,24188612,23141164,23141164,22017422,22017422,10433073,10433073,9764347,9764347,8738720,8738720,15507512,15507512,25912412,25912412,25194152,25194152,20031030,20031030,24188612,24188612,19429661,19429661,25446850,25446850,22384446,22384446,19903049,19903049,19401003,19401003,24613539,24613539,17624337,17624337,24210790,24210790,9130910,9130910,24613539,24613539,17609243,17609243,15236995,15236995,14748845,14748845,18955785,18955785,16723371,16723371,18644593,18644593,15019822,15019822,16723371,16723371,16762179,16762179,17141400,17141400,18644593,18644593,15019822,15019822,25201101,25201101,23340055,23340055,22883517,22883517,22736326,22736326,25422360,25422360,24661731,24661731,22563025,22563025,11883311,11883311,16644787,16644787,12107265,12107265,22065163
6284,S100A13,25449831,2454848,11675475,12760253,15588473,10381818,19230253,9436699,26216523,18490013,16750201,19055724,20858448,20537326,24188612,23141164,22017422,10433073,9764347,8738720,15507512,25912412,25194152,20031030,24188612,19429661,25446850,22384446,19903049,19401003,24613539,17624337,24210790,9130910,24613539,17609243,15236995,14748845,18955785,16723371,18644593,15019822,16723371,16762179,17141400,18644593,15019822,25201101,23340055,22883517,22736326,25422360,24661731,22563025,11883311,16644787,12107265,22065163,23011643,17509581,16309234,11163832,19931078,22266326,25134292,16533339,9065182,12372468,15104227,19931078,19931078,17983420,15120698,20063560,20190557,23302395,16249290,23472165,24012197,16084891,24571615,25912412,16750201,11912283,19055724,12029073,24648304,25912412,12934347,16150151,11020520,24127964,20137818,9102363,24018808,22884659,16616093,18849443,25912412,9065182,9043920,22563025,25996258,12934347,16202314,11020520,9886539,24127964,19467764,26054109,22447624,26409150,18222435,21397694,26054109
6286,S100P,25449831,2454848,11675475,12760253,15588473,10381818,19230253,9436699,26216523,18490013,16750201,19055724,20858448,20537326,24188612,23141164,22017422,10433073,9764347,8738720,15507512,25912412,25194152,20031030,24188612,19429661,25446850,22384446,19903049,19401003,24613539,17624337,24210790,9130910,24613539,17609243,15236995,14748845,18955785,16723371,18644593,15019822,16723371,16762179,17141400,18644593,15019822,25201101,23340055,22883517,22736326,25422360,24661731,22563025,11883311,16644787,12107265,22065163,23011643,17509581,16309234,11163832,19931078,22266326,25134292,16533339,9065182,12372468,15104227,19931078,19931078,17983420,15120698,20063560,20190557,23302395,16249290,23472165,24012197,16084891,24571615,25912412,16750201,11912283,19055724,12029073,24648304,25912412,12934347,16150151,11020520,24127964,20137818,9102363,24018808,22884659,16616093,18849443,25912412,9065182,9043920,22563025,25996258,12934347,16202314,11020520,9886539,24127964,19467764,26054109,22447624,26409150,18222435,21397694,26054109
6288,SAA1,25449831,2454848,11675475,12760253,15588473,10381818,19230253,9436699,26216523,18490013,16750201,19055724,20858448,20537326,24188612,23141164,22017422,10433073,9764347,8738720,15507512,25912412,25194152,20031030,24188612,19429661,25446850,22384446,19903049,19401003,24613539,17624337,24210790,9130910,24613539,17609243,15236995,14748845,18955785,16723371,18644593,15019822,16723371,16762179,17141400,18644593,15019822,25201101,23340055,22883517,22736326,25422360,24661731,22563025,11883311,16644787,12107265,22065163,23011643,17509581,16309234,11163832,19931078,22266326,25134292,16533339,9065182,12372468,15104227,19931078,19931078,17983420,15120698,20063560,20190557,23302395,16249290,23472165,24012197,16084891,24571615,25912412,16750201,11912283,19055724,12029073,24648304,25912412,12934347,16150151,11020520,24127964,20137818,9102363,24018808,22884659,16616093,18849443,25912412,9065182,9043920,22563025,25996258,12934347,16202314,11020520,9886539,24127964,19467764,26054109,22447624,26409150,18222435,21397694,26054109
4254,KITLG,25449831,2454848,11675475,12760253,15588473,10381818,19230253,9436699,26216523,18490013,16750201,19055724,20858448,20537326,24188612,23141164,22017422,10433073,9764347,8738720,15507512,25912412,25194152,20031030,24188612,19429661,25446850,22384446,19903049,19401003,24613539,17624337,24210790,9130910,24613539,17609243,15236995,14748845,18955785,16723371,18644593,15019822,16723371,16762179,17141400,18644593,15019822,25201101,23340055,22883517,22736326,25422360,24661731,22563025,11883311,16644787,12107265,22065163,23011643,17509581,16309234,11163832,19931078,22266326,25134292,16533339,9065182,12372468,15104227,19931078,19931078,17983420,15120698,20063560,20190557,23302395,16249290,23472165,24012197,16084891,24571615,25912412,16750201,11912283,19055724,12029073,24648304,25912412,12934347,16150151,11020520,24127964,20137818,9102363,24018808,22884659,16616093,18849443,25912412,9065182,9043920,22563025,25996258,12934347,16202314,11020520,9886539,24127964,19467764,26054109,22447624,26409150,18222435,21397694,26054109
10371,SEMA3A,25449831,2454848,11675475,12760253,15588473,10381818,19230253,9436699,26216523,18490013,16750201,19055724,20858448,20537326,24188612,23141164,22017422,10433073,9764347,8738720,15507512,25912412,25194152,20031030,24188612,19429661,25446850,22384446,19903049,19401003,24613539,17624337,24210790,9130910,24613539,17609243,15236995,14748845,18955785,16723371,18644593,15019822,16723371,16762179,17141400,18644593,15019822,25201101,23340055,22883517,22736326,25422360,24661731,22563025,11883311,16644787,12107265,22065163,23011643,17509581,16309234,11163832,19931078,22266326,25134292,16533339,9065182,12372468,15104227,19931078,19931078,17983420,15120698,20063560,20190557,23302395,16249290,23472165,24012197,16084891,24571615,25912412,16750201,11912283,19055724,12029073,24648304,25912412,12934347,16150151,11020520,24127964,20137818,9102363,24018808,22884659,16616093,18849443,25912412,9065182,9043920,22563025,25996258,12934347,16202314,11020520,9886539,24127964,19467764,26054109,22447624,26409150,18222435,21397694,26054109
10801,SEPT9,25449831,2454848,11675475,12760253,15588473,10381818,19230253,9436699,26216523,18490013,16750201,19055724,20858448,20537326,24188612,23141164,22017422,10433073,9764347,8738720,15507512,25912412,25194152,20031030,24188612,19429661,25446850,22384446,19903049,19401003,24613539,17624337,24210790,9130910,24613539,17609243,15236995,14748845,18955785,16723371,18644593,15019822,16723371,16762179,17141400,18644593,15019822,25201101,23340055,22883517,22736326,25422360,24661731,22563025,11883311,16644787,12107265,22065163,23011643,17509581,16309234,11163832,19931078,22266326,25134292,16533339,9065182,12372468,15104227,19931078,19931078,17983420,15120698,20063560,20190557,23302395,16249290,23472165,24012197,16084891,24571615,25912412,16750201,11912283,19055724,12029073,24648304,25912412,12934347,16150151,11020520,24127964,20137818,9102363,24018808,22884659,16616093,18849443,25912412,9065182,9043920,22563025,25996258,12934347,16202314,11020520,9886539,24127964,19467764,26054109,22447624,26409150,18222435,21397694,26054109
8660,IRS2,25449831,25449831,2454848,2454848,11675475,11675475,12760253,12760253,15588473,15588473,10381818,10381818,19230253,19230253,9436699,9436699,26216523,26216523,18490013,18490013,16750201,16750201,19055724,19055724,20858448,20858448,20537326,20537326,24188612,24188612,23141164,23141164,22017422,22017422,10433073,10433073,9764347,9764347,8738720,8738720,15507512,15507512,25912412,25912412,25194152,25194152,20031030,20031030,24188612,24188612,19429661,19429661,25446850,25446850,22384446,22384446,19903049,19903049,19401003,19401003,24613539,24613539,17624337,17624337,24210790,24210790,9130910,9130910,24613539,24613539,17609243,17609243,15236995,15236995,14748845,14748845,18955785,18955785,16723371,16723371,18644593,18644593,15019822,15019822,16723371,16723371,16762179,16762179,17141400,17141400,18644593,18644593,15019822,15019822,25201101,25201101,23340055,23340055,22883517,22883517,22736326,22736326,25422360,25422360,24661731,24661731,22563025,22563025,11883311,11883311,16644787,16644787,12107265,12107265,22065163
5054,SERPINE1,25449831,2454848,11675475,12760253,15588473,10381818,19230253,9436699,26216523,18490013,16750201,19055724,20858448,20537326,24188612,23141164,22017422,10433073,9764347,8738720,15507512,25912412,25194152,20031030,24188612,19429661,25446850,22384446,19903049,19401003,24613539,17624337,24210790,9130910,24613539,17609243,15236995,14748845,18955785,16723371,18644593,15019822,16723371,16762179,17141400,18644593,15019822,25201101,23340055,22883517,22736326,25422360,24661731,22563025,11883311,16644787,12107265,22065163,23011643,17509581,16309234,11163832,19931078,22266326,25134292,16533339,9065182,12372468,15104227,19931078,19931078,17983420,15120698,20063560,20190557,23302395,16249290,23472165,24012197,16084891,24571615,25912412,16750201,11912283,19055724,12029073,24648304,25912412,12934347,16150151,11020520,24127964,20137818,9102363,24018808,22884659,16616093,18849443,25912412,9065182,9043920,22563025,25996258,12934347,16202314,11020520,9886539,24127964,19467764,26054109,22447624,26409150,18222435,21397694,26054109
6418,SET,25449831,2454848,11675475,12760253,15588473,10381818,19230253,9436699,26216523,18490013,16750201,19055724,20858448,20537326,24188612,23141164,22017422,10433073,9764347,8738720,15507512,25912412,25194152,20031030,24188612,19429661,25446850,22384446,19903049,19401003,24613539,17624337,24210790,9130910,24613539,17609243,15236995,14748845,18955785,16723371,18644593,15019822,16723371,16762179,17141400,18644593,15019822,25201101,23340055,22883517,22736326,25422360,24661731,22563025,11883311,16644787,12107265,22065163,23011643,17509581,16309234,11163832,19931078,22266326,25134292,16533339,9065182,12372468,15104227,19931078,19931078,17983420,15120698,20063560,20190557,23302395,16249290,23472165,24012197,16084891,24571615,25912412,16750201,11912283,19055724,12029073,24648304,25912412,12934347,16150151,11020520,24127964,20137818,9102363,24018808,22884659,16616093,18849443,25912412,9065182,9043920,22563025,25996258,12934347,16202314,11020520,9886539,24127964,19467764,26054109,22447624,26409150,18222435,21397694,26054109
2516,NR5A1,25449831,2454848,11675475,12760253,15588473,10381818,19230253,9436699,26216523,18490013,16750201,19055724,20858448,20537326,24188612,23141164,22017422,10433073,9764347,8738720,15507512,25912412,25194152,20031030,24188612,19429661,25446850,22384446,19903049,19401003,24613539,17624337,24210790,9130910,24613539,17609243,15236995,14748845,18955785,16723371,18644593,15019822,16723371,16762179,17141400,18644593,15019822,25201101,23340055,22883517,22736326,25422360,24661731,22563025,11883311,16644787,12107265,22065163,23011643,17509581,16309234,11163832,19931078,22266326,25134292,16533339,9065182,12372468,15104227,19931078,19931078,17983420,15120698,20063560,20190557,23302395,16249290,23472165,24012197,16084891,24571615,25912412,16750201,11912283,19055724,12029073,24648304,25912412,12934347,16150151,11020520,24127964,20137818,9102363,24018808,22884659,16616093,18849443,25912412,9065182,9043920,22563025,25996258,12934347,16202314,11020520,9886539,24127964,19467764,26054109,22447624,26409150,18222435,21397694,26054109
6464,SHC1,25449831,2454848,11675475,12760253,15588473,10381818,19230253,9436699,26216523,18490013,16750201,19055724,20858448,20537326,24188612,23141164,22017422,10433073,9764347,8738720,15507512,25912412,25194152,20031030,24188612,19429661,25446850,22384446,19903049,19401003,24613539,17624337,24210790,9130910,24613539,17609243,15236995,14748845,18955785,16723371,18644593,15019822,16723371,16762179,17141400,18644593,15019822,25201101,23340055,22883517,22736326,25422360,24661731,22563025,11883311,16644787,12107265,22065163,23011643,17509581,16309234,11163832,19931078,22266326,25134292,16533339,9065182,12372468,15104227,19931078,19931078,17983420,15120698,20063560,20190557,23302395,16249290,23472165,24012197,16084891,24571615,25912412,16750201,11912283,19055724,12029073,24648304,25912412,12934347,16150151,11020520,24127964,20137818,9102363,24018808,22884659,16616093,18849443,25912412,9065182,9043920,22563025,25996258,12934347,16202314,11020520,9886539,24127964,19467764,26054109,22447624,26409150,18222435,21397694,26054109
8431,NR0B2,25449831,2454848,11675475,12760253,15588473,10381818,19230253,9436699,26216523,18490013,16750201,19055724,20858448,20537326,24188612,23141164,22017422,10433073,9764347,8738720,15507512,25912412,25194152,20031030,24188612,19429661,25446850,22384446,19903049,19401003,24613539,17624337,24210790,9130910,24613539,17609243,15236995,14748845,18955785,16723371,18644593,15019822,16723371,16762179,17141400,18644593,15019822,25201101,23340055,22883517,22736326,25422360,24661731,22563025,11883311,16644787,12107265,22065163,23011643,17509581,16309234,11163832,19931078,22266326,25134292,16533339,9065182,12372468,15104227,19931078,19931078,17983420,15120698,20063560,20190557,23302395,16249290,23472165,24012197,16084891,24571615,25912412,16750201,11912283,19055724,12029073,24648304,25912412,12934347,16150151,11020520,24127964,20137818,9102363,24018808,22884659,16616093,18849443,25912412,9065182,9043920,22563025,25996258,12934347,16202314,11020520,9886539,24127964,19467764,26054109,22447624,26409150,18222435,21397694,26054109
55256,ADI1,25449831,2454848,11675475,12760253,15588473,10381818,19230253,9436699,26216523,18490013,16750201,19055724,20858448,20537326,24188612,23141164,22017422,10433073,9764347,8738720,15507512,25912412,25194152,20031030,24188612,19429661,25446850,22384446,19903049,19401003,24613539,17624337,24210790,9130910,24613539,17609243,15236995,14748845,18955785,16723371,18644593,15019822,16723371,16762179,17141400,18644593,15019822,25201101,23340055,22883517,22736326,25422360,24661731,22563025,11883311,16644787,12107265,22065163,23011643,17509581,16309234,11163832,19931078,22266326,25134292,16533339,9065182,12372468,15104227,19931078,19931078,17983420,15120698,20063560,20190557,23302395,16249290,23472165,24012197,16084891,24571615,25912412,16750201,11912283,19055724,12029073,24648304,25912412,12934347,16150151,11020520,24127964,20137818,9102363,24018808,22884659,16616093,18849443,25912412,9065182,9043920,22563025,25996258,12934347,16202314,11020520,9886539,24127964,19467764,26054109,22447624,26409150,18222435,21397694,26054109
23411,SIRT1,25449831,2454848,11675475,12760253,15588473,10381818,19230253,9436699,26216523,18490013,16750201,19055724,20858448,20537326,24188612,23141164,22017422,10433073,9764347,8738720,15507512,25912412,25194152,20031030,24188612,19429661,25446850,22384446,19903049,19401003,24613539,17624337,24210790,9130910,24613539,17609243,15236995,14748845,18955785,16723371,18644593,15019822,16723371,16762179,17141400,18644593,15019822,25201101,23340055,22883517,22736326,25422360,24661731,22563025,11883311,16644787,12107265,22065163,23011643,17509581,16309234,11163832,19931078,22266326,25134292,16533339,9065182,12372468,15104227,19931078,19931078,17983420,15120698,20063560,20190557,23302395,16249290,23472165,24012197,16084891,24571615,25912412,16750201,11912283,19055724,12029073,24648304,25912412,12934347,16150151,11020520,24127964,20137818,9102363,24018808,22884659,16616093,18849443,25912412,9065182,9043920,22563025,25996258,12934347,16202314,11020520,9886539,24127964,19467764,26054109,22447624,26409150,18222435,21397694,26054109
63027,SLC22A23,25449831,2454848,11675475,12760253,15588473,10381818,19230253,9436699,26216523,18490013,16750201,19055724,20858448,20537326,24188612,23141164,22017422,10433073,9764347,8738720,15507512,25912412,25194152,20031030,24188612,19429661,25446850,22384446,19903049,19401003,24613539,17624337,24210790,9130910,24613539,17609243,15236995,14748845,18955785,16723371,18644593,15019822,16723371,16762179,17141400,18644593,15019822,25201101,23340055,22883517,22736326,25422360,24661731,22563025,11883311,16644787,12107265,22065163,23011643,17509581,16309234,11163832,19931078,22266326,25134292,16533339,9065182,12372468,15104227,19931078,19931078,17983420,15120698,20063560,20190557,23302395,16249290,23472165,24012197,16084891,24571615,25912412,16750201,11912283,19055724,12029073,24648304,25912412,12934347,16150151,11020520,24127964,20137818,9102363,24018808,22884659,16616093,18849443,25912412,9065182,9043920,22563025,25996258,12934347,16202314,11020520,9886539,24127964,19467764,26054109,22447624,26409150,18222435,21397694,26054109
6532,SLC6A4,25449831,25449831,2454848,2454848,11675475,11675475,12760253,12760253,15588473,15588473,10381818,10381818,19230253,19230253,9436699,9436699,26216523,26216523,18490013,18490013,16750201,16750201,19055724,19055724,20858448,20858448,20537326,20537326,24188612,24188612,23141164,23141164,22017422,22017422,10433073,10433073,9764347,9764347,8738720,8738720,15507512,15507512,25912412,25912412,25194152,25194152,20031030,20031030,24188612,24188612,19429661,19429661,25446850,25446850,22384446,22384446,19903049,19903049,19401003,19401003,24613539,24613539,17624337,17624337,24210790,24210790,9130910,9130910,24613539,24613539,17609243,17609243,15236995,15236995,14748845,14748845,18955785,18955785,16723371,16723371,18644593,18644593,15019822,15019822,16723371,16723371,16762179,16762179,17141400,17141400,18644593,18644593,15019822,15019822,25201101,25201101,23340055,23340055,22883517,22883517,22736326,22736326,25422360,25422360,24661731,24661731,22563025,22563025,11883311,11883311,16644787,16644787,12107265,12107265,22065163
30968,STOML2,25449831,2454848,11675475,12760253,15588473,10381818,19230253,9436699,26216523,18490013,16750201,19055724,20858448,20537326,24188612,23141164,22017422,10433073,9764347,8738720,15507512,25912412,25194152,20031030,24188612,19429661,25446850,22384446,19903049,19401003,24613539,17624337,24210790,9130910,24613539,17609243,15236995,14748845,18955785,16723371,18644593,15019822,16723371,16762179,17141400,18644593,15019822,25201101,23340055,22883517,22736326,25422360,24661731,22563025,11883311,16644787,12107265,22065163,23011643,17509581,16309234,11163832,19931078,22266326,25134292,16533339,9065182,12372468,15104227,19931078,19931078,17983420,15120698,20063560,20190557,23302395,16249290,23472165,24012197,16084891,24571615,25912412,16750201,11912283,19055724,12029073,24648304,25912412,12934347,16150151,11020520,24127964,20137818,9102363,24018808,22884659,16616093,18849443,25912412,9065182,9043920,22563025,25996258,12934347,16202314,11020520,9886539,24127964,19467764,26054109,22447624,26409150,18222435,21397694,26054109
407040,MIR34A,25449831,25449831,2454848,2454848,11675475,11675475,12760253,12760253,15588473,15588473,10381818,10381818,19230253,19230253,9436699,9436699,26216523,26216523,18490013,18490013,16750201,16750201,19055724,19055724,20858448,20858448,20537326,20537326,24188612,24188612,23141164,23141164,22017422,22017422,10433073,10433073,9764347,9764347,8738720,8738720,15507512,15507512,25912412,25912412,25194152,25194152,20031030,20031030,24188612,24188612,19429661,19429661,25446850,25446850,22384446,22384446,19903049,19903049,19401003,19401003,24613539,24613539,17624337,17624337,24210790,24210790,9130910,9130910,24613539,24613539,17609243,17609243,15236995,15236995,14748845,14748845,18955785,18955785,16723371,16723371,18644593,18644593,15019822,15019822,16723371,16723371,16762179,16762179,17141400,17141400,18644593,18644593,15019822,15019822,25201101,25201101,23340055,23340055,22883517,22883517,22736326,22736326,25422360,25422360,24661731,24661731,22563025,22563025,11883311,11883311,16644787,16644787,12107265,12107265,22065163
4088,SMAD3,25449831,2454848,11675475,12760253,15588473,10381818,19230253,9436699,26216523,18490013,16750201,19055724,20858448,20537326,24188612,23141164,22017422,10433073,9764347,8738720,15507512,25912412,25194152,20031030,24188612,19429661,25446850,22384446,19903049,19401003,24613539,17624337,24210790,9130910,24613539,17609243,15236995,14748845,18955785,16723371,18644593,15019822,16723371,16762179,17141400,18644593,15019822,25201101,23340055,22883517,22736326,25422360,24661731,22563025,11883311,16644787,12107265,22065163,23011643,17509581,16309234,11163832,19931078,22266326,25134292,16533339,9065182,12372468,15104227,19931078,19931078,17983420,15120698,20063560,20190557,23302395,16249290,23472165,24012197,16084891,24571615,25912412,16750201,11912283,19055724,12029073,24648304,25912412,12934347,16150151,11020520,24127964,20137818,9102363,24018808,22884659,16616093,18849443,25912412,9065182,9043920,22563025,25996258,12934347,16202314,11020520,9886539,24127964,19467764,26054109,22447624,26409150,18222435,21397694,26054109
4089,SMAD4,25449831,2454848,11675475,12760253,15588473,10381818,19230253,9436699,26216523,18490013,16750201,19055724,20858448,20537326,24188612,23141164,22017422,10433073,9764347,8738720,15507512,25912412,25194152,20031030,24188612,19429661,25446850,22384446,19903049,19401003,24613539,17624337,24210790,9130910,24613539,17609243,15236995,14748845,18955785,16723371,18644593,15019822,16723371,16762179,17141400,18644593,15019822,25201101,23340055,22883517,22736326,25422360,24661731,22563025,11883311,16644787,12107265,22065163,23011643,17509581,16309234,11163832,19931078,22266326,25134292,16533339,9065182,12372468,15104227,19931078,19931078,17983420,15120698,20063560,20190557,23302395,16249290,23472165,24012197,16084891,24571615,25912412,16750201,11912283,19055724,12029073,24648304,25912412,12934347,16150151,11020520,24127964,20137818,9102363,24018808,22884659,16616093,18849443,25912412,9065182,9043920,22563025,25996258,12934347,16202314,11020520,9886539,24127964,19467764,26054109,22447624,26409150,18222435,21397694,26054109
4092,SMAD7,25449831,2454848,11675475,12760253,15588473,10381818,19230253,9436699,26216523,18490013,16750201,19055724,20858448,20537326,24188612,23141164,22017422,10433073,9764347,8738720,15507512,25912412,25194152,20031030,24188612,19429661,25446850,22384446,19903049,19401003,24613539,17624337,24210790,9130910,24613539,17609243,15236995,14748845,18955785,16723371,18644593,15019822,16723371,16762179,17141400,18644593,15019822,25201101,23340055,22883517,22736326,25422360,24661731,22563025,11883311,16644787,12107265,22065163,23011643,17509581,16309234,11163832,19931078,22266326,25134292,16533339,9065182,12372468,15104227,19931078,19931078,17983420,15120698,20063560,20190557,23302395,16249290,23472165,24012197,16084891,24571615,25912412,16750201,11912283,19055724,12029073,24648304,25912412,12934347,16150151,11020520,24127964,20137818,9102363,24018808,22884659,16616093,18849443,25912412,9065182,9043920,22563025,25996258,12934347,16202314,11020520,9886539,24127964,19467764,26054109,22447624,26409150,18222435,21397694,26054109
9021,SOCS3,25449831,2454848,11675475,12760253,15588473,10381818,19230253,9436699,26216523,18490013,16750201,19055724,20858448,20537326,24188612,23141164,22017422,10433073,9764347,8738720,15507512,25912412,25194152,20031030,24188612,19429661,25446850,22384446,19903049,19401003,24613539,17624337,24210790,9130910,24613539,17609243,15236995,14748845,18955785,16723371,18644593,15019822,16723371,16762179,17141400,18644593,15019822,25201101,23340055,22883517,22736326,25422360,24661731,22563025,11883311,16644787,12107265,22065163,23011643,17509581,16309234,11163832,19931078,22266326,25134292,16533339,9065182,12372468,15104227,19931078,19931078,17983420,15120698,20063560,20190557,23302395,16249290,23472165,24012197,16084891,24571615,25912412,16750201,11912283,19055724,12029073,24648304,25912412,12934347,16150151,11020520,24127964,20137818,9102363,24018808,22884659,16616093,18849443,25912412,9065182,9043920,22563025,25996258,12934347,16202314,11020520,9886539,24127964,19467764,26054109,22447624,26409150,18222435,21397694,26054109
6647,SOD1,25449831,2454848,11675475,12760253,15588473,10381818,19230253,9436699,26216523,18490013,16750201,19055724,20858448,20537326,24188612,23141164,22017422,10433073,9764347,8738720,15507512,25912412,25194152,20031030,24188612,19429661,25446850,22384446,19903049,19401003,24613539,17624337,24210790,9130910,24613539,17609243,15236995,14748845,18955785,16723371,18644593,15019822,16723371,16762179,17141400,18644593,15019822,25201101,23340055,22883517,22736326,25422360,24661731,22563025,11883311,16644787,12107265,22065163,23011643,17509581,16309234,11163832,19931078,22266326,25134292,16533339,9065182,12372468,15104227,19931078,19931078,17983420,15120698,20063560,20190557,23302395,16249290,23472165,24012197,16084891,24571615,25912412,16750201,11912283,19055724,12029073,24648304,25912412,12934347,16150151,11020520,24127964,20137818,9102363,24018808,22884659,16616093,18849443,25912412,9065182,9043920,22563025,25996258,12934347,16202314,11020520,9886539,24127964,19467764,26054109,22447624,26409150,18222435,21397694,26054109
64132,XYLT2,25449831,2454848,11675475,12760253,15588473,10381818,19230253,9436699,26216523,18490013,16750201,19055724,20858448,20537326,24188612,23141164,22017422,10433073,9764347,8738720,15507512,25912412,25194152,20031030,24188612,19429661,25446850,22384446,19903049,19401003,24613539,17624337,24210790,9130910,24613539,17609243,15236995,14748845,18955785,16723371,18644593,15019822,16723371,16762179,17141400,18644593,15019822,25201101,23340055,22883517,22736326,25422360,24661731,22563025,11883311,16644787,12107265,22065163,23011643,17509581,16309234,11163832,19931078,22266326,25134292,16533339,9065182,12372468,15104227,19931078,19931078,17983420,15120698,20063560,20190557,23302395,16249290,23472165,24012197,16084891,24571615,25912412,16750201,11912283,19055724,12029073,24648304,25912412,12934347,16150151,11020520,24127964,20137818,9102363,24018808,22884659,16616093,18849443,25912412,9065182,9043920,22563025,25996258,12934347,16202314,11020520,9886539,24127964,19467764,26054109,22447624,26409150,18222435,21397694,26054109
6657,SOX2,25449831,2454848,11675475,12760253,15588473,10381818,19230253,9436699,26216523,18490013,16750201,19055724,20858448,20537326,24188612,23141164,22017422,10433073,9764347,8738720,15507512,25912412,25194152,20031030,24188612,19429661,25446850,22384446,19903049,19401003,24613539,17624337,24210790,9130910,24613539,17609243,15236995,14748845,18955785,16723371,18644593,15019822,16723371,16762179,17141400,18644593,15019822,25201101,23340055,22883517,22736326,25422360,24661731,22563025,11883311,16644787,12107265,22065163,23011643,17509581,16309234,11163832,19931078,22266326,25134292,16533339,9065182,12372468,15104227,19931078,19931078,17983420,15120698,20063560,20190557,23302395,16249290,23472165,24012197,16084891,24571615,25912412,16750201,11912283,19055724,12029073,24648304,25912412,12934347,16150151,11020520,24127964,20137818,9102363,24018808,22884659,16616093,18849443,25912412,9065182,9043920,22563025,25996258,12934347,16202314,11020520,9886539,24127964,19467764,26054109,22447624,26409150,18222435,21397694,26054109
6678,SPARC,25449831,2454848,11675475,12760253,15588473,10381818,19230253,9436699,26216523,18490013,16750201,19055724,20858448,20537326,24188612,23141164,22017422,10433073,9764347,8738720,15507512,25912412,25194152,20031030,24188612,19429661,25446850,22384446,19903049,19401003,24613539,17624337,24210790,9130910,24613539,17609243,15236995,14748845,18955785,16723371,18644593,15019822,16723371,16762179,17141400,18644593,15019822,25201101,23340055,22883517,22736326,25422360,24661731,22563025,11883311,16644787,12107265,22065163,23011643,17509581,16309234,11163832,19931078,22266326,25134292,16533339,9065182,12372468,15104227,19931078,19931078,17983420,15120698,20063560,20190557,23302395,16249290,23472165,24012197,16084891,24571615,25912412,16750201,11912283,19055724,12029073,24648304,25912412,12934347,16150151,11020520,24127964,20137818,9102363,24018808,22884659,16616093,18849443,25912412,9065182,9043920,22563025,25996258,12934347,16202314,11020520,9886539,24127964,19467764,26054109,22447624,26409150,18222435,21397694,26054109
10253,SPRY2,25449831,2454848,11675475,12760253,15588473,10381818,19230253,9436699,26216523,18490013,16750201,19055724,20858448,20537326,24188612,23141164,22017422,10433073,9764347,8738720,15507512,25912412,25194152,20031030,24188612,19429661,25446850,22384446,19903049,19401003,24613539,17624337,24210790,9130910,24613539,17609243,15236995,14748845,18955785,16723371,18644593,15019822,16723371,16762179,17141400,18644593,15019822,25201101,23340055,22883517,22736326,25422360,24661731,22563025,11883311,16644787,12107265,22065163,23011643,17509581,16309234,11163832,19931078,22266326,25134292,16533339,9065182,12372468,15104227,19931078,19931078,17983420,15120698,20063560,20190557,23302395,16249290,23472165,24012197,16084891,24571615,25912412,16750201,11912283,19055724,12029073,24648304,25912412,12934347,16150151,11020520,24127964,20137818,9102363,24018808,22884659,16616093,18849443,25912412,9065182,9043920,22563025,25996258,12934347,16202314,11020520,9886539,24127964,19467764,26054109,22447624,26409150,18222435,21397694,26054109
6714,SRC,25449831,2454848,11675475,12760253,15588473,10381818,19230253,9436699,26216523,18490013,16750201,19055724,20858448,20537326,24188612,23141164,22017422,10433073,9764347,8738720,15507512,25912412,25194152,20031030,24188612,19429661,25446850,22384446,19903049,19401003,24613539,17624337,24210790,9130910,24613539,17609243,15236995,14748845,18955785,16723371,18644593,15019822,16723371,16762179,17141400,18644593,15019822,25201101,23340055,22883517,22736326,25422360,24661731,22563025,11883311,16644787,12107265,22065163,23011643,17509581,16309234,11163832,19931078,22266326,25134292,16533339,9065182,12372468,15104227,19931078,19931078,17983420,15120698,20063560,20190557,23302395,16249290,23472165,24012197,16084891,24571615,25912412,16750201,11912283,19055724,12029073,24648304,25912412,12934347,16150151,11020520,24127964,20137818,9102363,24018808,22884659,16616093,18849443,25912412,9065182,9043920,22563025,25996258,12934347,16202314,11020520,9886539,24127964,19467764,26054109,22447624,26409150,18222435,21397694,26054109
9173,IL1RL1,25449831,2454848,11675475,12760253,15588473,10381818,19230253,9436699,26216523,18490013,16750201,19055724,20858448,20537326,24188612,23141164,22017422,10433073,9764347,8738720,15507512,25912412,25194152,20031030,24188612,19429661,25446850,22384446,19903049,19401003,24613539,17624337,24210790,9130910,24613539,17609243,15236995,14748845,18955785,16723371,18644593,15019822,16723371,16762179,17141400,18644593,15019822,25201101,23340055,22883517,22736326,25422360,24661731,22563025,11883311,16644787,12107265,22065163,23011643,17509581,16309234,11163832,19931078,22266326,25134292,16533339,9065182,12372468,15104227,19931078,19931078,17983420,15120698,20063560,20190557,23302395,16249290,23472165,24012197,16084891,24571615,25912412,16750201,11912283,19055724,12029073,24648304,25912412,12934347,16150151,11020520,24127964,20137818,9102363,24018808,22884659,16616093,18849443,25912412,9065182,9043920,22563025,25996258,12934347,16202314,11020520,9886539,24127964,19467764,26054109,22447624,26409150,18222435,21397694,26054109
6770,STAR,25449831,2454848,11675475,12760253,15588473,10381818,19230253,9436699,26216523,18490013,16750201,19055724,20858448,20537326,24188612,23141164,22017422,10433073,9764347,8738720,15507512,25912412,25194152,20031030,24188612,19429661,25446850,22384446,19903049,19401003,24613539,17624337,24210790,9130910,24613539,17609243,15236995,14748845,18955785,16723371,18644593,15019822,16723371,16762179,17141400,18644593,15019822,25201101,23340055,22883517,22736326,25422360,24661731,22563025,11883311,16644787,12107265,22065163,23011643,17509581,16309234,11163832,19931078,22266326,25134292,16533339,9065182,12372468,15104227,19931078,19931078,17983420,15120698,20063560,20190557,23302395,16249290,23472165,24012197,16084891,24571615,25912412,16750201,11912283,19055724,12029073,24648304,25912412,12934347,16150151,11020520,24127964,20137818,9102363,24018808,22884659,16616093,18849443,25912412,9065182,9043920,22563025,25996258,12934347,16202314,11020520,9886539,24127964,19467764,26054109,22447624,26409150,18222435,21397694,26054109
6774,STAT3,25449831,2454848,11675475,12760253,15588473,10381818,19230253,9436699,26216523,18490013,16750201,19055724,20858448,20537326,24188612,23141164,22017422,10433073,9764347,8738720,15507512,25912412,25194152,20031030,24188612,19429661,25446850,22384446,19903049,19401003,24613539,17624337,24210790,9130910,24613539,17609243,15236995,14748845,18955785,16723371,18644593,15019822,16723371,16762179,17141400,18644593,15019822,25201101,23340055,22883517,22736326,25422360,24661731,22563025,11883311,16644787,12107265,22065163,23011643,17509581,16309234,11163832,19931078,22266326,25134292,16533339,9065182,12372468,15104227,19931078,19931078,17983420,15120698,20063560,20190557,23302395,16249290,23472165,24012197,16084891,24571615,25912412,16750201,11912283,19055724,12029073,24648304,25912412,12934347,16150151,11020520,24127964,20137818,9102363,24018808,22884659,16616093,18849443,25912412,9065182,9043920,22563025,25996258,12934347,16202314,11020520,9886539,24127964,19467764,26054109,22447624,26409150,18222435,21397694,26054109
6778,STAT6,25449831,25449831,2454848,2454848,11675475,11675475,12760253,12760253,15588473,15588473,10381818,10381818,19230253,19230253,9436699,9436699,26216523,26216523,18490013,18490013,16750201,16750201,19055724,19055724,20858448,20858448,20537326,20537326,24188612,24188612,23141164,23141164,22017422,22017422,10433073,10433073,9764347,9764347,8738720,8738720,15507512,15507512,25912412,25912412,25194152,25194152,20031030,20031030,24188612,24188612,19429661,19429661,25446850,25446850,22384446,22384446,19903049,19903049,19401003,19401003,24613539,24613539,17624337,17624337,24210790,24210790,9130910,9130910,24613539,24613539,17609243,17609243,15236995,15236995,14748845,14748845,18955785,18955785,16723371,16723371,18644593,18644593,15019822,15019822,16723371,16723371,16762179,16762179,17141400,17141400,18644593,18644593,15019822,15019822,25201101,25201101,23340055,23340055,22883517,22883517,22736326,22736326,25422360,25422360,24661731,24661731,22563025,22563025,11883311,11883311,16644787,16644787,12107265,12107265,22065163
3925,STMN1,25449831,2454848,11675475,12760253,15588473,10381818,19230253,9436699,26216523,18490013,16750201,19055724,20858448,20537326,24188612,23141164,22017422,10433073,9764347,8738720,15507512,25912412,25194152,20031030,24188612,19429661,25446850,22384446,19903049,19401003,24613539,17624337,24210790,9130910,24613539,17609243,15236995,14748845,18955785,16723371,18644593,15019822,16723371,16762179,17141400,18644593,15019822,25201101,23340055,22883517,22736326,25422360,24661731,22563025,11883311,16644787,12107265,22065163,23011643,17509581,16309234,11163832,19931078,22266326,25134292,16533339,9065182,12372468,15104227,19931078,19931078,17983420,15120698,20063560,20190557,23302395,16249290,23472165,24012197,16084891,24571615,25912412,16750201,11912283,19055724,12029073,24648304,25912412,12934347,16150151,11020520,24127964,20137818,9102363,24018808,22884659,16616093,18849443,25912412,9065182,9043920,22563025,25996258,12934347,16202314,11020520,9886539,24127964,19467764,26054109,22447624,26409150,18222435,21397694,26054109
7412,VCAM1,25449831,25449831,25449831,2454848,2454848,2454848,11675475,11675475,11675475,12760253,12760253,12760253,15588473,15588473,15588473,10381818,10381818,10381818,19230253,19230253,19230253,9436699,9436699,9436699,26216523,26216523,26216523,18490013,18490013,18490013,16750201,16750201,16750201,19055724,19055724,19055724,20858448,20858448,20858448,20537326,20537326,20537326,24188612,24188612,24188612,23141164,23141164,23141164,22017422,22017422,22017422,10433073,10433073,10433073,9764347,9764347,9764347,8738720,8738720,8738720,15507512,15507512,15507512,25912412,25912412,25912412,25194152,25194152,25194152,20031030,20031030,20031030,24188612,24188612,24188612,19429661,19429661,19429661,25446850,25446850,25446850,22384446,22384446,22384446,19903049,19903049,19903049,19401003,19401003,19401003,24613539,24613539,24613539,17624337,17624337,17624337,24210790,24210790,24210790,9130910,9130910,9130910,24613539,24613539,24613539,17609243,17609243,17609243,15236995,15236995,15236995,14748845,14748845,14748845,18955785,1895
3329,HSPD1,25449831,25449831,25449831,25449831,2454848,2454848,2454848,2454848,11675475,11675475,11675475,11675475,12760253,12760253,12760253,12760253,15588473,15588473,15588473,15588473,10381818,10381818,10381818,10381818,19230253,19230253,19230253,19230253,9436699,9436699,9436699,9436699,26216523,26216523,26216523,26216523,18490013,18490013,18490013,18490013,16750201,16750201,16750201,16750201,19055724,19055724,19055724,19055724,20858448,20858448,20858448,20858448,20537326,20537326,20537326,20537326,24188612,24188612,24188612,24188612,23141164,23141164,23141164,23141164,22017422,22017422,22017422,22017422,10433073,10433073,10433073,10433073,9764347,9764347,9764347,9764347,8738720,8738720,8738720,8738720,15507512,15507512,15507512,15507512,25912412,25912412,25912412,25912412,25194152,25194152,25194152,25194152,20031030,20031030,20031030,20031030,24188612,24188612,24188612,24188612,19429661,19429661,19429661,19429661,25446850,25446850,25446850,25446850,22384446,22384446,22384446,22384446,19903049,19903049,19903049,19903
6839,SUV39H1,25449831,2454848,11675475,12760253,15588473,10381818,19230253,9436699,26216523,18490013,16750201,19055724,20858448,20537326,24188612,23141164,22017422,10433073,9764347,8738720,15507512,25912412,25194152,20031030,24188612,19429661,25446850,22384446,19903049,19401003,24613539,17624337,24210790,9130910,24613539,17609243,15236995,14748845,18955785,16723371,18644593,15019822,16723371,16762179,17141400,18644593,15019822,25201101,23340055,22883517,22736326,25422360,24661731,22563025,11883311,16644787,12107265,22065163,23011643,17509581,16309234,11163832,19931078,22266326,25134292,16533339,9065182,12372468,15104227,19931078,19931078,17983420,15120698,20063560,20190557,23302395,16249290,23472165,24012197,16084891,24571615,25912412,16750201,11912283,19055724,12029073,24648304,25912412,12934347,16150151,11020520,24127964,20137818,9102363,24018808,22884659,16616093,18849443,25912412,9065182,9043920,22563025,25996258,12934347,16202314,11020520,9886539,24127964,19467764,26054109,22447624,26409150,18222435,21397694,26054109
79723,SUV39H2,25449831,2454848,11675475,12760253,15588473,10381818,19230253,9436699,26216523,18490013,16750201,19055724,20858448,20537326,24188612,23141164,22017422,10433073,9764347,8738720,15507512,25912412,25194152,20031030,24188612,19429661,25446850,22384446,19903049,19401003,24613539,17624337,24210790,9130910,24613539,17609243,15236995,14748845,18955785,16723371,18644593,15019822,16723371,16762179,17141400,18644593,15019822,25201101,23340055,22883517,22736326,25422360,24661731,22563025,11883311,16644787,12107265,22065163,23011643,17509581,16309234,11163832,19931078,22266326,25134292,16533339,9065182,12372468,15104227,19931078,19931078,17983420,15120698,20063560,20190557,23302395,16249290,23472165,24012197,16084891,24571615,25912412,16750201,11912283,19055724,12029073,24648304,25912412,12934347,16150151,11020520,24127964,20137818,9102363,24018808,22884659,16616093,18849443,25912412,9065182,9043920,22563025,25996258,12934347,16202314,11020520,9886539,24127964,19467764,26054109,22447624,26409150,18222435,21397694,26054109
2534,FYN,25449831,2454848,11675475,12760253,15588473,10381818,19230253,9436699,26216523,18490013,16750201,19055724,20858448,20537326,24188612,23141164,22017422,10433073,9764347,8738720,15507512,25912412,25194152,20031030,24188612,19429661,25446850,22384446,19903049,19401003,24613539,17624337,24210790,9130910,24613539,17609243,15236995,14748845,18955785,16723371,18644593,15019822,16723371,16762179,17141400,18644593,15019822,25201101,23340055,22883517,22736326,25422360,24661731,22563025,11883311,16644787,12107265,22065163,23011643,17509581,16309234,11163832,19931078,22266326,25134292,16533339,9065182,12372468,15104227,19931078,19931078,17983420,15120698,20063560,20190557,23302395,16249290,23472165,24012197,16084891,24571615,25912412,16750201,11912283,19055724,12029073,24648304,25912412,12934347,16150151,11020520,24127964,20137818,9102363,24018808,22884659,16616093,18849443,25912412,9065182,9043920,22563025,25996258,12934347,16202314,11020520,9886539,24127964,19467764,26054109,22447624,26409150,18222435,21397694,26054109
6855,SYP,25449831,2454848,11675475,12760253,15588473,10381818,19230253,9436699,26216523,18490013,16750201,19055724,20858448,20537326,24188612,23141164,22017422,10433073,9764347,8738720,15507512,25912412,25194152,20031030,24188612,19429661,25446850,22384446,19903049,19401003,24613539,17624337,24210790,9130910,24613539,17609243,15236995,14748845,18955785,16723371,18644593,15019822,16723371,16762179,17141400,18644593,15019822,25201101,23340055,22883517,22736326,25422360,24661731,22563025,11883311,16644787,12107265,22065163,23011643,17509581,16309234,11163832,19931078,22266326,25134292,16533339,9065182,12372468,15104227,19931078,19931078,17983420,15120698,20063560,20190557,23302395,16249290,23472165,24012197,16084891,24571615,25912412,16750201,11912283,19055724,12029073,24648304,25912412,12934347,16150151,11020520,24127964,20137818,9102363,24018808,22884659,16616093,18849443,25912412,9065182,9043920,22563025,25996258,12934347,16202314,11020520,9886539,24127964,19467764,26054109,22447624,26409150,18222435,21397694,26054109
6868,ADAM17,25449831,2454848,11675475,12760253,15588473,10381818,19230253,9436699,26216523,18490013,16750201,19055724,20858448,20537326,24188612,23141164,22017422,10433073,9764347,8738720,15507512,25912412,25194152,20031030,24188612,19429661,25446850,22384446,19903049,19401003,24613539,17624337,24210790,9130910,24613539,17609243,15236995,14748845,18955785,16723371,18644593,15019822,16723371,16762179,17141400,18644593,15019822,25201101,23340055,22883517,22736326,25422360,24661731,22563025,11883311,16644787,12107265,22065163,23011643,17509581,16309234,11163832,19931078,22266326,25134292,16533339,9065182,12372468,15104227,19931078,19931078,17983420,15120698,20063560,20190557,23302395,16249290,23472165,24012197,16084891,24571615,25912412,16750201,11912283,19055724,12029073,24648304,25912412,12934347,16150151,11020520,24127964,20137818,9102363,24018808,22884659,16616093,18849443,25912412,9065182,9043920,22563025,25996258,12934347,16202314,11020520,9886539,24127964,19467764,26054109,22447624,26409150,18222435,21397694,26054109
6869,TACR1,25449831,2454848,11675475,12760253,15588473,10381818,19230253,9436699,26216523,18490013,16750201,19055724,20858448,20537326,24188612,23141164,22017422,10433073,9764347,8738720,15507512,25912412,25194152,20031030,24188612,19429661,25446850,22384446,19903049,19401003,24613539,17624337,24210790,9130910,24613539,17609243,15236995,14748845,18955785,16723371,18644593,15019822,16723371,16762179,17141400,18644593,15019822,25201101,23340055,22883517,22736326,25422360,24661731,22563025,11883311,16644787,12107265,22065163,23011643,17509581,16309234,11163832,19931078,22266326,25134292,16533339,9065182,12372468,15104227,19931078,19931078,17983420,15120698,20063560,20190557,23302395,16249290,23472165,24012197,16084891,24571615,25912412,16750201,11912283,19055724,12029073,24648304,25912412,12934347,16150151,11020520,24127964,20137818,9102363,24018808,22884659,16616093,18849443,25912412,9065182,9043920,22563025,25996258,12934347,16202314,11020520,9886539,24127964,19467764,26054109,22447624,26409150,18222435,21397694,26054109
6865,TACR2,25449831,2454848,11675475,12760253,15588473,10381818,19230253,9436699,26216523,18490013,16750201,19055724,20858448,20537326,24188612,23141164,22017422,10433073,9764347,8738720,15507512,25912412,25194152,20031030,24188612,19429661,25446850,22384446,19903049,19401003,24613539,17624337,24210790,9130910,24613539,17609243,15236995,14748845,18955785,16723371,18644593,15019822,16723371,16762179,17141400,18644593,15019822,25201101,23340055,22883517,22736326,25422360,24661731,22563025,11883311,16644787,12107265,22065163,23011643,17509581,16309234,11163832,19931078,22266326,25134292,16533339,9065182,12372468,15104227,19931078,19931078,17983420,15120698,20063560,20190557,23302395,16249290,23472165,24012197,16084891,24571615,25912412,16750201,11912283,19055724,12029073,24648304,25912412,12934347,16150151,11020520,24127964,20137818,9102363,24018808,22884659,16616093,18849443,25912412,9065182,9043920,22563025,25996258,12934347,16202314,11020520,9886539,24127964,19467764,26054109,22447624,26409150,18222435,21397694,26054109
1361,CPB2,25449831,2454848,11675475,12760253,15588473,10381818,19230253,9436699,26216523,18490013,16750201,19055724,20858448,20537326,24188612,23141164,22017422,10433073,9764347,8738720,15507512,25912412,25194152,20031030,24188612,19429661,25446850,22384446,19903049,19401003,24613539,17624337,24210790,9130910,24613539,17609243,15236995,14748845,18955785,16723371,18644593,15019822,16723371,16762179,17141400,18644593,15019822,25201101,23340055,22883517,22736326,25422360,24661731,22563025,11883311,16644787,12107265,22065163,23011643,17509581,16309234,11163832,19931078,22266326,25134292,16533339,9065182,12372468,15104227,19931078,19931078,17983420,15120698,20063560,20190557,23302395,16249290,23472165,24012197,16084891,24571615,25912412,16750201,11912283,19055724,12029073,24648304,25912412,12934347,16150151,11020520,24127964,20137818,9102363,24018808,22884659,16616093,18849443,25912412,9065182,9043920,22563025,25996258,12934347,16202314,11020520,9886539,24127964,19467764,26054109,22447624,26409150,18222435,21397694,26054109
6876,TAGLN,25449831,2454848,11675475,12760253,15588473,10381818,19230253,9436699,26216523,18490013,16750201,19055724,20858448,20537326,24188612,23141164,22017422,10433073,9764347,8738720,15507512,25912412,25194152,20031030,24188612,19429661,25446850,22384446,19903049,19401003,24613539,17624337,24210790,9130910,24613539,17609243,15236995,14748845,18955785,16723371,18644593,15019822,16723371,16762179,17141400,18644593,15019822,25201101,23340055,22883517,22736326,25422360,24661731,22563025,11883311,16644787,12107265,22065163,23011643,17509581,16309234,11163832,19931078,22266326,25134292,16533339,9065182,12372468,15104227,19931078,19931078,17983420,15120698,20063560,20190557,23302395,16249290,23472165,24012197,16084891,24571615,25912412,16750201,11912283,19055724,12029073,24648304,25912412,12934347,16150151,11020520,24127964,20137818,9102363,24018808,22884659,16616093,18849443,25912412,9065182,9043920,22563025,25996258,12934347,16202314,11020520,9886539,24127964,19467764,26054109,22447624,26409150,18222435,21397694,26054109
6885,MAP3K7,25449831,2454848,11675475,12760253,15588473,10381818,19230253,9436699,26216523,18490013,16750201,19055724,20858448,20537326,24188612,23141164,22017422,10433073,9764347,8738720,15507512,25912412,25194152,20031030,24188612,19429661,25446850,22384446,19903049,19401003,24613539,17624337,24210790,9130910,24613539,17609243,15236995,14748845,18955785,16723371,18644593,15019822,16723371,16762179,17141400,18644593,15019822,25201101,23340055,22883517,22736326,25422360,24661731,22563025,11883311,16644787,12107265,22065163,23011643,17509581,16309234,11163832,19931078,22266326,25134292,16533339,9065182,12372468,15104227,19931078,19931078,17983420,15120698,20063560,20190557,23302395,16249290,23472165,24012197,16084891,24571615,25912412,16750201,11912283,19055724,12029073,24648304,25912412,12934347,16150151,11020520,24127964,20137818,9102363,24018808,22884659,16616093,18849443,25912412,9065182,9043920,22563025,25996258,12934347,16202314,11020520,9886539,24127964,19467764,26054109,22447624,26409150,18222435,21397694,26054109
6690,SPINK1,25449831,2454848,11675475,12760253,15588473,10381818,19230253,9436699,26216523,18490013,16750201,19055724,20858448,20537326,24188612,23141164,22017422,10433073,9764347,8738720,15507512,25912412,25194152,20031030,24188612,19429661,25446850,22384446,19903049,19401003,24613539,17624337,24210790,9130910,24613539,17609243,15236995,14748845,18955785,16723371,18644593,15019822,16723371,16762179,17141400,18644593,15019822,25201101,23340055,22883517,22736326,25422360,24661731,22563025,11883311,16644787,12107265,22065163,23011643,17509581,16309234,11163832,19931078,22266326,25134292,16533339,9065182,12372468,15104227,19931078,19931078,17983420,15120698,20063560,20190557,23302395,16249290,23472165,24012197,16084891,24571615,25912412,16750201,11912283,19055724,12029073,24648304,25912412,12934347,16150151,11020520,24127964,20137818,9102363,24018808,22884659,16616093,18849443,25912412,9065182,9043920,22563025,25996258,12934347,16202314,11020520,9886539,24127964,19467764,26054109,22447624,26409150,18222435,21397694,26054109
387332,TBPL2,25449831,2454848,11675475,12760253,15588473,10381818,19230253,9436699,26216523,18490013,16750201,19055724,20858448,20537326,24188612,23141164,22017422,10433073,9764347,8738720,15507512,25912412,25194152,20031030,24188612,19429661,25446850,22384446,19903049,19401003,24613539,17624337,24210790,9130910,24613539,17609243,15236995,14748845,18955785,16723371,18644593,15019822,16723371,16762179,17141400,18644593,15019822,25201101,23340055,22883517,22736326,25422360,24661731,22563025,11883311,16644787,12107265,22065163,23011643,17509581,16309234,11163832,19931078,22266326,25134292,16533339,9065182,12372468,15104227,19931078,19931078,17983420,15120698,20063560,20190557,23302395,16249290,23472165,24012197,16084891,24571615,25912412,16750201,11912283,19055724,12029073,24648304,25912412,12934347,16150151,11020520,24127964,20137818,9102363,24018808,22884659,16616093,18849443,25912412,9065182,9043920,22563025,25996258,12934347,16202314,11020520,9886539,24127964,19467764,26054109,22447624,26409150,18222435,21397694,26054109
30009,TBX21,25449831,2454848,11675475,12760253,15588473,10381818,19230253,9436699,26216523,18490013,16750201,19055724,20858448,20537326,24188612,23141164,22017422,10433073,9764347,8738720,15507512,25912412,25194152,20031030,24188612,19429661,25446850,22384446,19903049,19401003,24613539,17624337,24210790,9130910,24613539,17609243,15236995,14748845,18955785,16723371,18644593,15019822,16723371,16762179,17141400,18644593,15019822,25201101,23340055,22883517,22736326,25422360,24661731,22563025,11883311,16644787,12107265,22065163,23011643,17509581,16309234,11163832,19931078,22266326,25134292,16533339,9065182,12372468,15104227,19931078,19931078,17983420,15120698,20063560,20190557,23302395,16249290,23472165,24012197,16084891,24571615,25912412,16750201,11912283,19055724,12029073,24648304,25912412,12934347,16150151,11020520,24127964,20137818,9102363,24018808,22884659,16616093,18849443,25912412,9065182,9043920,22563025,25996258,12934347,16202314,11020520,9886539,24127964,19467764,26054109,22447624,26409150,18222435,21397694,26054109
6997,TDGF1,25449831,2454848,11675475,12760253,15588473,10381818,19230253,9436699,26216523,18490013,16750201,19055724,20858448,20537326,24188612,23141164,22017422,10433073,9764347,8738720,15507512,25912412,25194152,20031030,24188612,19429661,25446850,22384446,19903049,19401003,24613539,17624337,24210790,9130910,24613539,17609243,15236995,14748845,18955785,16723371,18644593,15019822,16723371,16762179,17141400,18644593,15019822,25201101,23340055,22883517,22736326,25422360,24661731,22563025,11883311,16644787,12107265,22065163,23011643,17509581,16309234,11163832,19931078,22266326,25134292,16533339,9065182,12372468,15104227,19931078,19931078,17983420,15120698,20063560,20190557,23302395,16249290,23472165,24012197,16084891,24571615,25912412,16750201,11912283,19055724,12029073,24648304,25912412,12934347,16150151,11020520,24127964,20137818,9102363,24018808,22884659,16616093,18849443,25912412,9065182,9043920,22563025,25996258,12934347,16202314,11020520,9886539,24127964,19467764,26054109,22447624,26409150,18222435,21397694,26054109
6370,CCL25,25449831,2454848,11675475,12760253,15588473,10381818,19230253,9436699,26216523,18490013,16750201,19055724,20858448,20537326,24188612,23141164,22017422,10433073,9764347,8738720,15507512,25912412,25194152,20031030,24188612,19429661,25446850,22384446,19903049,19401003,24613539,17624337,24210790,9130910,24613539,17609243,15236995,14748845,18955785,16723371,18644593,15019822,16723371,16762179,17141400,18644593,15019822,25201101,23340055,22883517,22736326,25422360,24661731,22563025,11883311,16644787,12107265,22065163,23011643,17509581,16309234,11163832,19931078,22266326,25134292,16533339,9065182,12372468,15104227,19931078,19931078,17983420,15120698,20063560,20190557,23302395,16249290,23472165,24012197,16084891,24571615,25912412,16750201,11912283,19055724,12029073,24648304,25912412,12934347,16150151,11020520,24127964,20137818,9102363,24018808,22884659,16616093,18849443,25912412,9065182,9043920,22563025,25996258,12934347,16202314,11020520,9886539,24127964,19467764,26054109,22447624,26409150,18222435,21397694,26054109
7010,TEK,25449831,25449831,2454848,2454848,11675475,11675475,12760253,12760253,15588473,15588473,10381818,10381818,19230253,19230253,9436699,9436699,26216523,26216523,18490013,18490013,16750201,16750201,19055724,19055724,20858448,20858448,20537326,20537326,24188612,24188612,23141164,23141164,22017422,22017422,10433073,10433073,9764347,9764347,8738720,8738720,15507512,15507512,25912412,25912412,25194152,25194152,20031030,20031030,24188612,24188612,19429661,19429661,25446850,25446850,22384446,22384446,19903049,19903049,19401003,19401003,24613539,24613539,17624337,17624337,24210790,24210790,9130910,9130910,24613539,24613539,17609243,17609243,15236995,15236995,14748845,14748845,18955785,18955785,16723371,16723371,18644593,18644593,15019822,15019822,16723371,16723371,16762179,16762179,17141400,17141400,18644593,18644593,15019822,15019822,25201101,25201101,23340055,23340055,22883517,22883517,22736326,22736326,25422360,25422360,24661731,24661731,22563025,22563025,11883311,11883311,16644787,16644787,12107265,12107265,22065163
7015,TERT,25449831,2454848,11675475,12760253,15588473,10381818,19230253,9436699,26216523,18490013,16750201,19055724,20858448,20537326,24188612,23141164,22017422,10433073,9764347,8738720,15507512,25912412,25194152,20031030,24188612,19429661,25446850,22384446,19903049,19401003,24613539,17624337,24210790,9130910,24613539,17609243,15236995,14748845,18955785,16723371,18644593,15019822,16723371,16762179,17141400,18644593,15019822,25201101,23340055,22883517,22736326,25422360,24661731,22563025,11883311,16644787,12107265,22065163,23011643,17509581,16309234,11163832,19931078,22266326,25134292,16533339,9065182,12372468,15104227,19931078,19931078,17983420,15120698,20063560,20190557,23302395,16249290,23472165,24012197,16084891,24571615,25912412,16750201,11912283,19055724,12029073,24648304,25912412,12934347,16150151,11020520,24127964,20137818,9102363,24018808,22884659,16616093,18849443,25912412,9065182,9043920,22563025,25996258,12934347,16202314,11020520,9886539,24127964,19467764,26054109,22447624,26409150,18222435,21397694,26054109
2152,F3,25449831,2454848,11675475,12760253,15588473,10381818,19230253,9436699,26216523,18490013,16750201,19055724,20858448,20537326,24188612,23141164,22017422,10433073,9764347,8738720,15507512,25912412,25194152,20031030,24188612,19429661,25446850,22384446,19903049,19401003,24613539,17624337,24210790,9130910,24613539,17609243,15236995,14748845,18955785,16723371,18644593,15019822,16723371,16762179,17141400,18644593,15019822,25201101,23340055,22883517,22736326,25422360,24661731,22563025,11883311,16644787,12107265,22065163,23011643,17509581,16309234,11163832,19931078,22266326,25134292,16533339,9065182,12372468,15104227,19931078,19931078,17983420,15120698,20063560,20190557,23302395,16249290,23472165,24012197,16084891,24571615,25912412,16750201,11912283,19055724,12029073,24648304,25912412,12934347,16150151,11020520,24127964,20137818,9102363,24018808,22884659,16616093,18849443,25912412,9065182,9043920,22563025,25996258,12934347,16202314,11020520,9886539,24127964,19467764,26054109,22447624,26409150,18222435,21397694,26054109
7041,TGFB1I1,25449831,2454848,11675475,12760253,15588473,10381818,19230253,9436699,26216523,18490013,16750201,19055724,20858448,20537326,24188612,23141164,22017422,10433073,9764347,8738720,15507512,25912412,25194152,20031030,24188612,19429661,25446850,22384446,19903049,19401003,24613539,17624337,24210790,9130910,24613539,17609243,15236995,14748845,18955785,16723371,18644593,15019822,16723371,16762179,17141400,18644593,15019822,25201101,23340055,22883517,22736326,25422360,24661731,22563025,11883311,16644787,12107265,22065163,23011643,17509581,16309234,11163832,19931078,22266326,25134292,16533339,9065182,12372468,15104227,19931078,19931078,17983420,15120698,20063560,20190557,23302395,16249290,23472165,24012197,16084891,24571615,25912412,16750201,11912283,19055724,12029073,24648304,25912412,12934347,16150151,11020520,24127964,20137818,9102363,24018808,22884659,16616093,18849443,25912412,9065182,9043920,22563025,25996258,12934347,16202314,11020520,9886539,24127964,19467764,26054109,22447624,26409150,18222435,21397694,26054109
7057,THBS1,25449831,2454848,11675475,12760253,15588473,10381818,19230253,9436699,26216523,18490013,16750201,19055724,20858448,20537326,24188612,23141164,22017422,10433073,9764347,8738720,15507512,25912412,25194152,20031030,24188612,19429661,25446850,22384446,19903049,19401003,24613539,17624337,24210790,9130910,24613539,17609243,15236995,14748845,18955785,16723371,18644593,15019822,16723371,16762179,17141400,18644593,15019822,25201101,23340055,22883517,22736326,25422360,24661731,22563025,11883311,16644787,12107265,22065163,23011643,17509581,16309234,11163832,19931078,22266326,25134292,16533339,9065182,12372468,15104227,19931078,19931078,17983420,15120698,20063560,20190557,23302395,16249290,23472165,24012197,16084891,24571615,25912412,16750201,11912283,19055724,12029073,24648304,25912412,12934347,16150151,11020520,24127964,20137818,9102363,24018808,22884659,16616093,18849443,25912412,9065182,9043920,22563025,25996258,12934347,16202314,11020520,9886539,24127964,19467764,26054109,22447624,26409150,18222435,21397694,26054109
7072,TIA1,25449831,2454848,11675475,12760253,15588473,10381818,19230253,9436699,26216523,18490013,16750201,19055724,20858448,20537326,24188612,23141164,22017422,10433073,9764347,8738720,15507512,25912412,25194152,20031030,24188612,19429661,25446850,22384446,19903049,19401003,24613539,17624337,24210790,9130910,24613539,17609243,15236995,14748845,18955785,16723371,18644593,15019822,16723371,16762179,17141400,18644593,15019822,25201101,23340055,22883517,22736326,25422360,24661731,22563025,11883311,16644787,12107265,22065163,23011643,17509581,16309234,11163832,19931078,22266326,25134292,16533339,9065182,12372468,15104227,19931078,19931078,17983420,15120698,20063560,20190557,23302395,16249290,23472165,24012197,16084891,24571615,25912412,16750201,11912283,19055724,12029073,24648304,25912412,12934347,16150151,11020520,24127964,20137818,9102363,24018808,22884659,16616093,18849443,25912412,9065182,9043920,22563025,25996258,12934347,16202314,11020520,9886539,24127964,19467764,26054109,22447624,26409150,18222435,21397694,26054109
7078,TIMP3,25449831,2454848,11675475,12760253,15588473,10381818,19230253,9436699,26216523,18490013,16750201,19055724,20858448,20537326,24188612,23141164,22017422,10433073,9764347,8738720,15507512,25912412,25194152,20031030,24188612,19429661,25446850,22384446,19903049,19401003,24613539,17624337,24210790,9130910,24613539,17609243,15236995,14748845,18955785,16723371,18644593,15019822,16723371,16762179,17141400,18644593,15019822,25201101,23340055,22883517,22736326,25422360,24661731,22563025,11883311,16644787,12107265,22065163,23011643,17509581,16309234,11163832,19931078,22266326,25134292,16533339,9065182,12372468,15104227,19931078,19931078,17983420,15120698,20063560,20190557,23302395,16249290,23472165,24012197,16084891,24571615,25912412,16750201,11912283,19055724,12029073,24648304,25912412,12934347,16150151,11020520,24127964,20137818,9102363,24018808,22884659,16616093,18849443,25912412,9065182,9043920,22563025,25996258,12934347,16202314,11020520,9886539,24127964,19467764,26054109,22447624,26409150,18222435,21397694,26054109
7079,TIMP4,25449831,2454848,11675475,12760253,15588473,10381818,19230253,9436699,26216523,18490013,16750201,19055724,20858448,20537326,24188612,23141164,22017422,10433073,9764347,8738720,15507512,25912412,25194152,20031030,24188612,19429661,25446850,22384446,19903049,19401003,24613539,17624337,24210790,9130910,24613539,17609243,15236995,14748845,18955785,16723371,18644593,15019822,16723371,16762179,17141400,18644593,15019822,25201101,23340055,22883517,22736326,25422360,24661731,22563025,11883311,16644787,12107265,22065163,23011643,17509581,16309234,11163832,19931078,22266326,25134292,16533339,9065182,12372468,15104227,19931078,19931078,17983420,15120698,20063560,20190557,23302395,16249290,23472165,24012197,16084891,24571615,25912412,16750201,11912283,19055724,12029073,24648304,25912412,12934347,16150151,11020520,24127964,20137818,9102363,24018808,22884659,16616093,18849443,25912412,9065182,9043920,22563025,25996258,12934347,16202314,11020520,9886539,24127964,19467764,26054109,22447624,26409150,18222435,21397694,26054109
7097,TLR2,25449831,2454848,11675475,12760253,15588473,10381818,19230253,9436699,26216523,18490013,16750201,19055724,20858448,20537326,24188612,23141164,22017422,10433073,9764347,8738720,15507512,25912412,25194152,20031030,24188612,19429661,25446850,22384446,19903049,19401003,24613539,17624337,24210790,9130910,24613539,17609243,15236995,14748845,18955785,16723371,18644593,15019822,16723371,16762179,17141400,18644593,15019822,25201101,23340055,22883517,22736326,25422360,24661731,22563025,11883311,16644787,12107265,22065163,23011643,17509581,16309234,11163832,19931078,22266326,25134292,16533339,9065182,12372468,15104227,19931078,19931078,17983420,15120698,20063560,20190557,23302395,16249290,23472165,24012197,16084891,24571615,25912412,16750201,11912283,19055724,12029073,24648304,25912412,12934347,16150151,11020520,24127964,20137818,9102363,24018808,22884659,16616093,18849443,25912412,9065182,9043920,22563025,25996258,12934347,16202314,11020520,9886539,24127964,19467764,26054109,22447624,26409150,18222435,21397694,26054109
7099,TLR4,25449831,2454848,11675475,12760253,15588473,10381818,19230253,9436699,26216523,18490013,16750201,19055724,20858448,20537326,24188612,23141164,22017422,10433073,9764347,8738720,15507512,25912412,25194152,20031030,24188612,19429661,25446850,22384446,19903049,19401003,24613539,17624337,24210790,9130910,24613539,17609243,15236995,14748845,18955785,16723371,18644593,15019822,16723371,16762179,17141400,18644593,15019822,25201101,23340055,22883517,22736326,25422360,24661731,22563025,11883311,16644787,12107265,22065163,23011643,17509581,16309234,11163832,19931078,22266326,25134292,16533339,9065182,12372468,15104227,19931078,19931078,17983420,15120698,20063560,20190557,23302395,16249290,23472165,24012197,16084891,24571615,25912412,16750201,11912283,19055724,12029073,24648304,25912412,12934347,16150151,11020520,24127964,20137818,9102363,24018808,22884659,16616093,18849443,25912412,9065182,9043920,22563025,25996258,12934347,16202314,11020520,9886539,24127964,19467764,26054109,22447624,26409150,18222435,21397694,26054109
54106,TLR9,25449831,2454848,11675475,12760253,15588473,10381818,19230253,9436699,26216523,18490013,16750201,19055724,20858448,20537326,24188612,23141164,22017422,10433073,9764347,8738720,15507512,25912412,25194152,20031030,24188612,19429661,25446850,22384446,19903049,19401003,24613539,17624337,24210790,9130910,24613539,17609243,15236995,14748845,18955785,16723371,18644593,15019822,16723371,16762179,17141400,18644593,15019822,25201101,23340055,22883517,22736326,25422360,24661731,22563025,11883311,16644787,12107265,22065163,23011643,17509581,16309234,11163832,19931078,22266326,25134292,16533339,9065182,12372468,15104227,19931078,19931078,17983420,15120698,20063560,20190557,23302395,16249290,23472165,24012197,16084891,24571615,25912412,16750201,11912283,19055724,12029073,24648304,25912412,12934347,16150151,11020520,24127964,20137818,9102363,24018808,22884659,16616093,18849443,25912412,9065182,9043920,22563025,25996258,12934347,16202314,11020520,9886539,24127964,19467764,26054109,22447624,26409150,18222435,21397694,26054109
29766,TMOD3,25449831,2454848,11675475,12760253,15588473,10381818,19230253,9436699,26216523,18490013,16750201,19055724,20858448,20537326,24188612,23141164,22017422,10433073,9764347,8738720,15507512,25912412,25194152,20031030,24188612,19429661,25446850,22384446,19903049,19401003,24613539,17624337,24210790,9130910,24613539,17609243,15236995,14748845,18955785,16723371,18644593,15019822,16723371,16762179,17141400,18644593,15019822,25201101,23340055,22883517,22736326,25422360,24661731,22563025,11883311,16644787,12107265,22065163,23011643,17509581,16309234,11163832,19931078,22266326,25134292,16533339,9065182,12372468,15104227,19931078,19931078,17983420,15120698,20063560,20190557,23302395,16249290,23472165,24012197,16084891,24571615,25912412,16750201,11912283,19055724,12029073,24648304,25912412,12934347,16150151,11020520,24127964,20137818,9102363,24018808,22884659,16616093,18849443,25912412,9065182,9043920,22563025,25996258,12934347,16202314,11020520,9886539,24127964,19467764,26054109,22447624,26409150,18222435,21397694,26054109
3371,TNC,25449831,2454848,11675475,12760253,15588473,10381818,19230253,9436699,26216523,18490013,16750201,19055724,20858448,20537326,24188612,23141164,22017422,10433073,9764347,8738720,15507512,25912412,25194152,20031030,24188612,19429661,25446850,22384446,19903049,19401003,24613539,17624337,24210790,9130910,24613539,17609243,15236995,14748845,18955785,16723371,18644593,15019822,16723371,16762179,17141400,18644593,15019822,25201101,23340055,22883517,22736326,25422360,24661731,22563025,11883311,16644787,12107265,22065163,23011643,17509581,16309234,11163832,19931078,22266326,25134292,16533339,9065182,12372468,15104227,19931078,19931078,17983420,15120698,20063560,20190557,23302395,16249290,23472165,24012197,16084891,24571615,25912412,16750201,11912283,19055724,12029073,24648304,25912412,12934347,16150151,11020520,24127964,20137818,9102363,24018808,22884659,16616093,18849443,25912412,9065182,9043920,22563025,25996258,12934347,16202314,11020520,9886539,24127964,19467764,26054109,22447624,26409150,18222435,21397694,26054109
7132,TNFRSF1A,25449831,2454848,11675475,12760253,15588473,10381818,19230253,9436699,26216523,18490013,16750201,19055724,20858448,20537326,24188612,23141164,22017422,10433073,9764347,8738720,15507512,25912412,25194152,20031030,24188612,19429661,25446850,22384446,19903049,19401003,24613539,17624337,24210790,9130910,24613539,17609243,15236995,14748845,18955785,16723371,18644593,15019822,16723371,16762179,17141400,18644593,15019822,25201101,23340055,22883517,22736326,25422360,24661731,22563025,11883311,16644787,12107265,22065163,23011643,17509581,16309234,11163832,19931078,22266326,25134292,16533339,9065182,12372468,15104227,19931078,19931078,17983420,15120698,20063560,20190557,23302395,16249290,23472165,24012197,16084891,24571615,25912412,16750201,11912283,19055724,12029073,24648304,25912412,12934347,16150151,11020520,24127964,20137818,9102363,24018808,22884659,16616093,18849443,25912412,9065182,9043920,22563025,25996258,12934347,16202314,11020520,9886539,24127964,19467764,26054109,22447624,26409150,18222435,21397694,26054109
7133,TNFRSF1B,25449831,2454848,11675475,12760253,15588473,10381818,19230253,9436699,26216523,18490013,16750201,19055724,20858448,20537326,24188612,23141164,22017422,10433073,9764347,8738720,15507512,25912412,25194152,20031030,24188612,19429661,25446850,22384446,19903049,19401003,24613539,17624337,24210790,9130910,24613539,17609243,15236995,14748845,18955785,16723371,18644593,15019822,16723371,16762179,17141400,18644593,15019822,25201101,23340055,22883517,22736326,25422360,24661731,22563025,11883311,16644787,12107265,22065163,23011643,17509581,16309234,11163832,19931078,22266326,25134292,16533339,9065182,12372468,15104227,19931078,19931078,17983420,15120698,20063560,20190557,23302395,16249290,23472165,24012197,16084891,24571615,25912412,16750201,11912283,19055724,12029073,24648304,25912412,12934347,16150151,11020520,24127964,20137818,9102363,24018808,22884659,16616093,18849443,25912412,9065182,9043920,22563025,25996258,12934347,16202314,11020520,9886539,24127964,19467764,26054109,22447624,26409150,18222435,21397694,26054109
10673,TNFSF13B,25449831,2454848,11675475,12760253,15588473,10381818,19230253,9436699,26216523,18490013,16750201,19055724,20858448,20537326,24188612,23141164,22017422,10433073,9764347,8738720,15507512,25912412,25194152,20031030,24188612,19429661,25446850,22384446,19903049,19401003,24613539,17624337,24210790,9130910,24613539,17609243,15236995,14748845,18955785,16723371,18644593,15019822,16723371,16762179,17141400,18644593,15019822,25201101,23340055,22883517,22736326,25422360,24661731,22563025,11883311,16644787,12107265,22065163,23011643,17509581,16309234,11163832,19931078,22266326,25134292,16533339,9065182,12372468,15104227,19931078,19931078,17983420,15120698,20063560,20190557,23302395,16249290,23472165,24012197,16084891,24571615,25912412,16750201,11912283,19055724,12029073,24648304,25912412,12934347,16150151,11020520,24127964,20137818,9102363,24018808,22884659,16616093,18849443,25912412,9065182,9043920,22563025,25996258,12934347,16202314,11020520,9886539,24127964,19467764,26054109,22447624,26409150,18222435,21397694,26054109
10140,TOB1,25449831,2454848,11675475,12760253,15588473,10381818,19230253,9436699,26216523,18490013,16750201,19055724,20858448,20537326,24188612,23141164,22017422,10433073,9764347,8738720,15507512,25912412,25194152,20031030,24188612,19429661,25446850,22384446,19903049,19401003,24613539,17624337,24210790,9130910,24613539,17609243,15236995,14748845,18955785,16723371,18644593,15019822,16723371,16762179,17141400,18644593,15019822,25201101,23340055,22883517,22736326,25422360,24661731,22563025,11883311,16644787,12107265,22065163,23011643,17509581,16309234,11163832,19931078,22266326,25134292,16533339,9065182,12372468,15104227,19931078,19931078,17983420,15120698,20063560,20190557,23302395,16249290,23472165,24012197,16084891,24571615,25912412,16750201,11912283,19055724,12029073,24648304,25912412,12934347,16150151,11020520,24127964,20137818,9102363,24018808,22884659,16616093,18849443,25912412,9065182,9043920,22563025,25996258,12934347,16202314,11020520,9886539,24127964,19467764,26054109,22447624,26409150,18222435,21397694,26054109
8626,TP63,25449831,2454848,11675475,12760253,15588473,10381818,19230253,9436699,26216523,18490013,16750201,19055724,20858448,20537326,24188612,23141164,22017422,10433073,9764347,8738720,15507512,25912412,25194152,20031030,24188612,19429661,25446850,22384446,19903049,19401003,24613539,17624337,24210790,9130910,24613539,17609243,15236995,14748845,18955785,16723371,18644593,15019822,16723371,16762179,17141400,18644593,15019822,25201101,23340055,22883517,22736326,25422360,24661731,22563025,11883311,16644787,12107265,22065163,23011643,17509581,16309234,11163832,19931078,22266326,25134292,16533339,9065182,12372468,15104227,19931078,19931078,17983420,15120698,20063560,20190557,23302395,16249290,23472165,24012197,16084891,24571615,25912412,16750201,11912283,19055724,12029073,24648304,25912412,12934347,16150151,11020520,24127964,20137818,9102363,24018808,22884659,16616093,18849443,25912412,9065182,9043920,22563025,25996258,12934347,16202314,11020520,9886539,24127964,19467764,26054109,22447624,26409150,18222435,21397694,26054109
7170,TPM3,25449831,2454848,11675475,12760253,15588473,10381818,19230253,9436699,26216523,18490013,16750201,19055724,20858448,20537326,24188612,23141164,22017422,10433073,9764347,8738720,15507512,25912412,25194152,20031030,24188612,19429661,25446850,22384446,19903049,19401003,24613539,17624337,24210790,9130910,24613539,17609243,15236995,14748845,18955785,16723371,18644593,15019822,16723371,16762179,17141400,18644593,15019822,25201101,23340055,22883517,22736326,25422360,24661731,22563025,11883311,16644787,12107265,22065163,23011643,17509581,16309234,11163832,19931078,22266326,25134292,16533339,9065182,12372468,15104227,19931078,19931078,17983420,15120698,20063560,20190557,23302395,16249290,23472165,24012197,16084891,24571615,25912412,16750201,11912283,19055724,12029073,24648304,25912412,12934347,16150151,11020520,24127964,20137818,9102363,24018808,22884659,16616093,18849443,25912412,9065182,9043920,22563025,25996258,12934347,16202314,11020520,9886539,24127964,19467764,26054109,22447624,26409150,18222435,21397694,26054109
8743,TNFSF10,25449831,2454848,11675475,12760253,15588473,10381818,19230253,9436699,26216523,18490013,16750201,19055724,20858448,20537326,24188612,23141164,22017422,10433073,9764347,8738720,15507512,25912412,25194152,20031030,24188612,19429661,25446850,22384446,19903049,19401003,24613539,17624337,24210790,9130910,24613539,17609243,15236995,14748845,18955785,16723371,18644593,15019822,16723371,16762179,17141400,18644593,15019822,25201101,23340055,22883517,22736326,25422360,24661731,22563025,11883311,16644787,12107265,22065163,23011643,17509581,16309234,11163832,19931078,22266326,25134292,16533339,9065182,12372468,15104227,19931078,19931078,17983420,15120698,20063560,20190557,23302395,16249290,23472165,24012197,16084891,24571615,25912412,16750201,11912283,19055724,12029073,24648304,25912412,12934347,16150151,11020520,24127964,20137818,9102363,24018808,22884659,16616093,18849443,25912412,9065182,9043920,22563025,25996258,12934347,16202314,11020520,9886539,24127964,19467764,26054109,22447624,26409150,18222435,21397694,26054109
7442,TRPV1,25449831,2454848,11675475,12760253,15588473,10381818,19230253,9436699,26216523,18490013,16750201,19055724,20858448,20537326,24188612,23141164,22017422,10433073,9764347,8738720,15507512,25912412,25194152,20031030,24188612,19429661,25446850,22384446,19903049,19401003,24613539,17624337,24210790,9130910,24613539,17609243,15236995,14748845,18955785,16723371,18644593,15019822,16723371,16762179,17141400,18644593,15019822,25201101,23340055,22883517,22736326,25422360,24661731,22563025,11883311,16644787,12107265,22065163,23011643,17509581,16309234,11163832,19931078,22266326,25134292,16533339,9065182,12372468,15104227,19931078,19931078,17983420,15120698,20063560,20190557,23302395,16249290,23472165,24012197,16084891,24571615,25912412,16750201,11912283,19055724,12029073,24648304,25912412,12934347,16150151,11020520,24127964,20137818,9102363,24018808,22884659,16616093,18849443,25912412,9065182,9043920,22563025,25996258,12934347,16202314,11020520,9886539,24127964,19467764,26054109,22447624,26409150,18222435,21397694,26054109
85480,TSLP,25449831,2454848,11675475,12760253,15588473,10381818,19230253,9436699,26216523,18490013,16750201,19055724,20858448,20537326,24188612,23141164,22017422,10433073,9764347,8738720,15507512,25912412,25194152,20031030,24188612,19429661,25446850,22384446,19903049,19401003,24613539,17624337,24210790,9130910,24613539,17609243,15236995,14748845,18955785,16723371,18644593,15019822,16723371,16762179,17141400,18644593,15019822,25201101,23340055,22883517,22736326,25422360,24661731,22563025,11883311,16644787,12107265,22065163,23011643,17509581,16309234,11163832,19931078,22266326,25134292,16533339,9065182,12372468,15104227,19931078,19931078,17983420,15120698,20063560,20190557,23302395,16249290,23472165,24012197,16084891,24571615,25912412,16750201,11912283,19055724,12029073,24648304,25912412,12934347,16150151,11020520,24127964,20137818,9102363,24018808,22884659,16616093,18849443,25912412,9065182,9043920,22563025,25996258,12934347,16202314,11020520,9886539,24127964,19467764,26054109,22447624,26409150,18222435,21397694,26054109
7295,TXN,25449831,2454848,11675475,12760253,15588473,10381818,19230253,9436699,26216523,18490013,16750201,19055724,20858448,20537326,24188612,23141164,22017422,10433073,9764347,8738720,15507512,25912412,25194152,20031030,24188612,19429661,25446850,22384446,19903049,19401003,24613539,17624337,24210790,9130910,24613539,17609243,15236995,14748845,18955785,16723371,18644593,15019822,16723371,16762179,17141400,18644593,15019822,25201101,23340055,22883517,22736326,25422360,24661731,22563025,11883311,16644787,12107265,22065163,23011643,17509581,16309234,11163832,19931078,22266326,25134292,16533339,9065182,12372468,15104227,19931078,19931078,17983420,15120698,20063560,20190557,23302395,16249290,23472165,24012197,16084891,24571615,25912412,16750201,11912283,19055724,12029073,24648304,25912412,12934347,16150151,11020520,24127964,20137818,9102363,24018808,22884659,16616093,18849443,25912412,9065182,9043920,22563025,25996258,12934347,16202314,11020520,9886539,24127964,19467764,26054109,22447624,26409150,18222435,21397694,26054109
7297,TYK2,25449831,2454848,11675475,12760253,15588473,10381818,19230253,9436699,26216523,18490013,16750201,19055724,20858448,20537326,24188612,23141164,22017422,10433073,9764347,8738720,15507512,25912412,25194152,20031030,24188612,19429661,25446850,22384446,19903049,19401003,24613539,17624337,24210790,9130910,24613539,17609243,15236995,14748845,18955785,16723371,18644593,15019822,16723371,16762179,17141400,18644593,15019822,25201101,23340055,22883517,22736326,25422360,24661731,22563025,11883311,16644787,12107265,22065163,23011643,17509581,16309234,11163832,19931078,22266326,25134292,16533339,9065182,12372468,15104227,19931078,19931078,17983420,15120698,20063560,20190557,23302395,16249290,23472165,24012197,16084891,24571615,25912412,16750201,11912283,19055724,12029073,24648304,25912412,12934347,16150151,11020520,24127964,20137818,9102363,24018808,22884659,16616093,18849443,25912412,9065182,9043920,22563025,25996258,12934347,16202314,11020520,9886539,24127964,19467764,26054109,22447624,26409150,18222435,21397694,26054109
1890,TYMP,25449831,2454848,11675475,12760253,15588473,10381818,19230253,9436699,26216523,18490013,16750201,19055724,20858448,20537326,24188612,23141164,22017422,10433073,9764347,8738720,15507512,25912412,25194152,20031030,24188612,19429661,25446850,22384446,19903049,19401003,24613539,17624337,24210790,9130910,24613539,17609243,15236995,14748845,18955785,16723371,18644593,15019822,16723371,16762179,17141400,18644593,15019822,25201101,23340055,22883517,22736326,25422360,24661731,22563025,11883311,16644787,12107265,22065163,23011643,17509581,16309234,11163832,19931078,22266326,25134292,16533339,9065182,12372468,15104227,19931078,19931078,17983420,15120698,20063560,20190557,23302395,16249290,23472165,24012197,16084891,24571615,25912412,16750201,11912283,19055724,12029073,24648304,25912412,12934347,16150151,11020520,24127964,20137818,9102363,24018808,22884659,16616093,18849443,25912412,9065182,9043920,22563025,25996258,12934347,16202314,11020520,9886539,24127964,19467764,26054109,22447624,26409150,18222435,21397694,26054109
7349,UCN,25449831,2454848,11675475,12760253,15588473,10381818,19230253,9436699,26216523,18490013,16750201,19055724,20858448,20537326,24188612,23141164,22017422,10433073,9764347,8738720,15507512,25912412,25194152,20031030,24188612,19429661,25446850,22384446,19903049,19401003,24613539,17624337,24210790,9130910,24613539,17609243,15236995,14748845,18955785,16723371,18644593,15019822,16723371,16762179,17141400,18644593,15019822,25201101,23340055,22883517,22736326,25422360,24661731,22563025,11883311,16644787,12107265,22065163,23011643,17509581,16309234,11163832,19931078,22266326,25134292,16533339,9065182,12372468,15104227,19931078,19931078,17983420,15120698,20063560,20190557,23302395,16249290,23472165,24012197,16084891,24571615,25912412,16750201,11912283,19055724,12029073,24648304,25912412,12934347,16150151,11020520,24127964,20137818,9102363,24018808,22884659,16616093,18849443,25912412,9065182,9043920,22563025,25996258,12934347,16202314,11020520,9886539,24127964,19467764,26054109,22447624,26409150,18222435,21397694,26054109
80328,ULBP2,25449831,2454848,11675475,12760253,15588473,10381818,19230253,9436699,26216523,18490013,16750201,19055724,20858448,20537326,24188612,23141164,22017422,10433073,9764347,8738720,15507512,25912412,25194152,20031030,24188612,19429661,25446850,22384446,19903049,19401003,24613539,17624337,24210790,9130910,24613539,17609243,15236995,14748845,18955785,16723371,18644593,15019822,16723371,16762179,17141400,18644593,15019822,25201101,23340055,22883517,22736326,25422360,24661731,22563025,11883311,16644787,12107265,22065163,23011643,17509581,16309234,11163832,19931078,22266326,25134292,16533339,9065182,12372468,15104227,19931078,19931078,17983420,15120698,20063560,20190557,23302395,16249290,23472165,24012197,16084891,24571615,25912412,16750201,11912283,19055724,12029073,24648304,25912412,12934347,16150151,11020520,24127964,20137818,9102363,24018808,22884659,16616093,18849443,25912412,9065182,9043920,22563025,25996258,12934347,16202314,11020520,9886539,24127964,19467764,26054109,22447624,26409150,18222435,21397694,26054109
7391,USF1,25449831,2454848,11675475,12760253,15588473,10381818,19230253,9436699,26216523,18490013,16750201,19055724,20858448,20537326,24188612,23141164,22017422,10433073,9764347,8738720,15507512,25912412,25194152,20031030,24188612,19429661,25446850,22384446,19903049,19401003,24613539,17624337,24210790,9130910,24613539,17609243,15236995,14748845,18955785,16723371,18644593,15019822,16723371,16762179,17141400,18644593,15019822,25201101,23340055,22883517,22736326,25422360,24661731,22563025,11883311,16644787,12107265,22065163,23011643,17509581,16309234,11163832,19931078,22266326,25134292,16533339,9065182,12372468,15104227,19931078,19931078,17983420,15120698,20063560,20190557,23302395,16249290,23472165,24012197,16084891,24571615,25912412,16750201,11912283,19055724,12029073,24648304,25912412,12934347,16150151,11020520,24127964,20137818,9102363,24018808,22884659,16616093,18849443,25912412,9065182,9043920,22563025,25996258,12934347,16202314,11020520,9886539,24127964,19467764,26054109,22447624,26409150,18222435,21397694,26054109
7392,USF2,25449831,2454848,11675475,12760253,15588473,10381818,19230253,9436699,26216523,18490013,16750201,19055724,20858448,20537326,24188612,23141164,22017422,10433073,9764347,8738720,15507512,25912412,25194152,20031030,24188612,19429661,25446850,22384446,19903049,19401003,24613539,17624337,24210790,9130910,24613539,17609243,15236995,14748845,18955785,16723371,18644593,15019822,16723371,16762179,17141400,18644593,15019822,25201101,23340055,22883517,22736326,25422360,24661731,22563025,11883311,16644787,12107265,22065163,23011643,17509581,16309234,11163832,19931078,22266326,25134292,16533339,9065182,12372468,15104227,19931078,19931078,17983420,15120698,20063560,20190557,23302395,16249290,23472165,24012197,16084891,24571615,25912412,16750201,11912283,19055724,12029073,24648304,25912412,12934347,16150151,11020520,24127964,20137818,9102363,24018808,22884659,16616093,18849443,25912412,9065182,9043920,22563025,25996258,12934347,16202314,11020520,9886539,24127964,19467764,26054109,22447624,26409150,18222435,21397694,26054109
7412,VCAM1,25449831,2454848,11675475,12760253,15588473,10381818,19230253,9436699,26216523,18490013,16750201,19055724,20858448,20537326,24188612,23141164,22017422,10433073,9764347,8738720,15507512,25912412,25194152,20031030,24188612,19429661,25446850,22384446,19903049,19401003,24613539,17624337,24210790,9130910,24613539,17609243,15236995,14748845,18955785,16723371,18644593,15019822,16723371,16762179,17141400,18644593,15019822,25201101,23340055,22883517,22736326,25422360,24661731,22563025,11883311,16644787,12107265,22065163,23011643,17509581,16309234,11163832,19931078,22266326,25134292,16533339,9065182,12372468,15104227,19931078,19931078,17983420,15120698,20063560,20190557,23302395,16249290,23472165,24012197,16084891,24571615,25912412,16750201,11912283,19055724,12029073,24648304,25912412,12934347,16150151,11020520,24127964,20137818,9102363,24018808,22884659,16616093,18849443,25912412,9065182,9043920,22563025,25996258,12934347,16202314,11020520,9886539,24127964,19467764,26054109,22447624,26409150,18222435,21397694,26054109
2638,GC,25449831,2454848,11675475,12760253,15588473,10381818,19230253,9436699,26216523,18490013,16750201,19055724,20858448,20537326,24188612,23141164,22017422,10433073,9764347,8738720,15507512,25912412,25194152,20031030,24188612,19429661,25446850,22384446,19903049,19401003,24613539,17624337,24210790,9130910,24613539,17609243,15236995,14748845,18955785,16723371,18644593,15019822,16723371,16762179,17141400,18644593,15019822,25201101,23340055,22883517,22736326,25422360,24661731,22563025,11883311,16644787,12107265,22065163,23011643,17509581,16309234,11163832,19931078,22266326,25134292,16533339,9065182,12372468,15104227,19931078,19931078,17983420,15120698,20063560,20190557,23302395,16249290,23472165,24012197,16084891,24571615,25912412,16750201,11912283,19055724,12029073,24648304,25912412,12934347,16150151,11020520,24127964,20137818,9102363,24018808,22884659,16616093,18849443,25912412,9065182,9043920,22563025,25996258,12934347,16202314,11020520,9886539,24127964,19467764,26054109,22447624,26409150,18222435,21397694,26054109
7421,VDR,25449831,2454848,11675475,12760253,15588473,10381818,19230253,9436699,26216523,18490013,16750201,19055724,20858448,20537326,24188612,23141164,22017422,10433073,9764347,8738720,15507512,25912412,25194152,20031030,24188612,19429661,25446850,22384446,19903049,19401003,24613539,17624337,24210790,9130910,24613539,17609243,15236995,14748845,18955785,16723371,18644593,15019822,16723371,16762179,17141400,18644593,15019822,25201101,23340055,22883517,22736326,25422360,24661731,22563025,11883311,16644787,12107265,22065163,23011643,17509581,16309234,11163832,19931078,22266326,25134292,16533339,9065182,12372468,15104227,19931078,19931078,17983420,15120698,20063560,20190557,23302395,16249290,23472165,24012197,16084891,24571615,25912412,16750201,11912283,19055724,12029073,24648304,25912412,12934347,16150151,11020520,24127964,20137818,9102363,24018808,22884659,16616093,18849443,25912412,9065182,9043920,22563025,25996258,12934347,16202314,11020520,9886539,24127964,19467764,26054109,22447624,26409150,18222435,21397694,26054109
2277,VEGFD,25449831,2454848,11675475,12760253,15588473,10381818,19230253,9436699,26216523,18490013,16750201,19055724,20858448,20537326,24188612,23141164,22017422,10433073,9764347,8738720,15507512,25912412,25194152,20031030,24188612,19429661,25446850,22384446,19903049,19401003,24613539,17624337,24210790,9130910,24613539,17609243,15236995,14748845,18955785,16723371,18644593,15019822,16723371,16762179,17141400,18644593,15019822,25201101,23340055,22883517,22736326,25422360,24661731,22563025,11883311,16644787,12107265,22065163,23011643,17509581,16309234,11163832,19931078,22266326,25134292,16533339,9065182,12372468,15104227,19931078,19931078,17983420,15120698,20063560,20190557,23302395,16249290,23472165,24012197,16084891,24571615,25912412,16750201,11912283,19055724,12029073,24648304,25912412,12934347,16150151,11020520,24127964,20137818,9102363,24018808,22884659,16616093,18849443,25912412,9065182,9043920,22563025,25996258,12934347,16202314,11020520,9886539,24127964,19467764,26054109,22447624,26409150,18222435,21397694,26054109
55591,VEZT,25449831,2454848,11675475,12760253,15588473,10381818,19230253,9436699,26216523,18490013,16750201,19055724,20858448,20537326,24188612,23141164,22017422,10433073,9764347,8738720,15507512,25912412,25194152,20031030,24188612,19429661,25446850,22384446,19903049,19401003,24613539,17624337,24210790,9130910,24613539,17609243,15236995,14748845,18955785,16723371,18644593,15019822,16723371,16762179,17141400,18644593,15019822,25201101,23340055,22883517,22736326,25422360,24661731,22563025,11883311,16644787,12107265,22065163,23011643,17509581,16309234,11163832,19931078,22266326,25134292,16533339,9065182,12372468,15104227,19931078,19931078,17983420,15120698,20063560,20190557,23302395,16249290,23472165,24012197,16084891,24571615,25912412,16750201,11912283,19055724,12029073,24648304,25912412,12934347,16150151,11020520,24127964,20137818,9102363,24018808,22884659,16616093,18849443,25912412,9065182,9043920,22563025,25996258,12934347,16202314,11020520,9886539,24127964,19467764,26054109,22447624,26409150,18222435,21397694,26054109
7431,VIM,25449831,2454848,11675475,12760253,15588473,10381818,19230253,9436699,26216523,18490013,16750201,19055724,20858448,20537326,24188612,23141164,22017422,10433073,9764347,8738720,15507512,25912412,25194152,20031030,24188612,19429661,25446850,22384446,19903049,19401003,24613539,17624337,24210790,9130910,24613539,17609243,15236995,14748845,18955785,16723371,18644593,15019822,16723371,16762179,17141400,18644593,15019822,25201101,23340055,22883517,22736326,25422360,24661731,22563025,11883311,16644787,12107265,22065163,23011643,17509581,16309234,11163832,19931078,22266326,25134292,16533339,9065182,12372468,15104227,19931078,19931078,17983420,15120698,20063560,20190557,23302395,16249290,23472165,24012197,16084891,24571615,25912412,16750201,11912283,19055724,12029073,24648304,25912412,12934347,16150151,11020520,24127964,20137818,9102363,24018808,22884659,16616093,18849443,25912412,9065182,9043920,22563025,25996258,12934347,16202314,11020520,9886539,24127964,19467764,26054109,22447624,26409150,18222435,21397694,26054109
7471,WNT1,25449831,2454848,11675475,12760253,15588473,10381818,19230253,9436699,26216523,18490013,16750201,19055724,20858448,20537326,24188612,23141164,22017422,10433073,9764347,8738720,15507512,25912412,25194152,20031030,24188612,19429661,25446850,22384446,19903049,19401003,24613539,17624337,24210790,9130910,24613539,17609243,15236995,14748845,18955785,16723371,18644593,15019822,16723371,16762179,17141400,18644593,15019822,25201101,23340055,22883517,22736326,25422360,24661731,22563025,11883311,16644787,12107265,22065163,23011643,17509581,16309234,11163832,19931078,22266326,25134292,16533339,9065182,12372468,15104227,19931078,19931078,17983420,15120698,20063560,20190557,23302395,16249290,23472165,24012197,16084891,24571615,25912412,16750201,11912283,19055724,12029073,24648304,25912412,12934347,16150151,11020520,24127964,20137818,9102363,24018808,22884659,16616093,18849443,25912412,9065182,9043920,22563025,25996258,12934347,16202314,11020520,9886539,24127964,19467764,26054109,22447624,26409150,18222435,21397694,26054109
7472,WNT2,25449831,2454848,11675475,12760253,15588473,10381818,19230253,9436699,26216523,18490013,16750201,19055724,20858448,20537326,24188612,23141164,22017422,10433073,9764347,8738720,15507512,25912412,25194152,20031030,24188612,19429661,25446850,22384446,19903049,19401003,24613539,17624337,24210790,9130910,24613539,17609243,15236995,14748845,18955785,16723371,18644593,15019822,16723371,16762179,17141400,18644593,15019822,25201101,23340055,22883517,22736326,25422360,24661731,22563025,11883311,16644787,12107265,22065163,23011643,17509581,16309234,11163832,19931078,22266326,25134292,16533339,9065182,12372468,15104227,19931078,19931078,17983420,15120698,20063560,20190557,23302395,16249290,23472165,24012197,16084891,24571615,25912412,16750201,11912283,19055724,12029073,24648304,25912412,12934347,16150151,11020520,24127964,20137818,9102363,24018808,22884659,16616093,18849443,25912412,9065182,9043920,22563025,25996258,12934347,16202314,11020520,9886539,24127964,19467764,26054109,22447624,26409150,18222435,21397694,26054109
54361,WNT4,25449831,2454848,11675475,12760253,15588473,10381818,19230253,9436699,26216523,18490013,16750201,19055724,20858448,20537326,24188612,23141164,22017422,10433073,9764347,8738720,15507512,25912412,25194152,20031030,24188612,19429661,25446850,22384446,19903049,19401003,24613539,17624337,24210790,9130910,24613539,17609243,15236995,14748845,18955785,16723371,18644593,15019822,16723371,16762179,17141400,18644593,15019822,25201101,23340055,22883517,22736326,25422360,24661731,22563025,11883311,16644787,12107265,22065163,23011643,17509581,16309234,11163832,19931078,22266326,25134292,16533339,9065182,12372468,15104227,19931078,19931078,17983420,15120698,20063560,20190557,23302395,16249290,23472165,24012197,16084891,24571615,25912412,16750201,11912283,19055724,12029073,24648304,25912412,12934347,16150151,11020520,24127964,20137818,9102363,24018808,22884659,16616093,18849443,25912412,9065182,9043920,22563025,25996258,12934347,16202314,11020520,9886539,24127964,19467764,26054109,22447624,26409150,18222435,21397694,26054109
7474,WNT5A,25449831,2454848,11675475,12760253,15588473,10381818,19230253,9436699,26216523,18490013,16750201,19055724,20858448,20537326,24188612,23141164,22017422,10433073,9764347,8738720,15507512,25912412,25194152,20031030,24188612,19429661,25446850,22384446,19903049,19401003,24613539,17624337,24210790,9130910,24613539,17609243,15236995,14748845,18955785,16723371,18644593,15019822,16723371,16762179,17141400,18644593,15019822,25201101,23340055,22883517,22736326,25422360,24661731,22563025,11883311,16644787,12107265,22065163,23011643,17509581,16309234,11163832,19931078,22266326,25134292,16533339,9065182,12372468,15104227,19931078,19931078,17983420,15120698,20063560,20190557,23302395,16249290,23472165,24012197,16084891,24571615,25912412,16750201,11912283,19055724,12029073,24648304,25912412,12934347,16150151,11020520,24127964,20137818,9102363,24018808,22884659,16616093,18849443,25912412,9065182,9043920,22563025,25996258,12934347,16202314,11020520,9886539,24127964,19467764,26054109,22447624,26409150,18222435,21397694,26054109
7476,WNT7A,25449831,2454848,11675475,12760253,15588473,10381818,19230253,9436699,26216523,18490013,16750201,19055724,20858448,20537326,24188612,23141164,22017422,10433073,9764347,8738720,15507512,25912412,25194152,20031030,24188612,19429661,25446850,22384446,19903049,19401003,24613539,17624337,24210790,9130910,24613539,17609243,15236995,14748845,18955785,16723371,18644593,15019822,16723371,16762179,17141400,18644593,15019822,25201101,23340055,22883517,22736326,25422360,24661731,22563025,11883311,16644787,12107265,22065163,23011643,17509581,16309234,11163832,19931078,22266326,25134292,16533339,9065182,12372468,15104227,19931078,19931078,17983420,15120698,20063560,20190557,23302395,16249290,23472165,24012197,16084891,24571615,25912412,16750201,11912283,19055724,12029073,24648304,25912412,12934347,16150151,11020520,24127964,20137818,9102363,24018808,22884659,16616093,18849443,25912412,9065182,9043920,22563025,25996258,12934347,16202314,11020520,9886539,24127964,19467764,26054109,22447624,26409150,18222435,21397694,26054109
7490,WT1,25449831,2454848,11675475,12760253,15588473,10381818,19230253,9436699,26216523,18490013,16750201,19055724,20858448,20537326,24188612,23141164,22017422,10433073,9764347,8738720,15507512,25912412,25194152,20031030,24188612,19429661,25446850,22384446,19903049,19401003,24613539,17624337,24210790,9130910,24613539,17609243,15236995,14748845,18955785,16723371,18644593,15019822,16723371,16762179,17141400,18644593,15019822,25201101,23340055,22883517,22736326,25422360,24661731,22563025,11883311,16644787,12107265,22065163,23011643,17509581,16309234,11163832,19931078,22266326,25134292,16533339,9065182,12372468,15104227,19931078,19931078,17983420,15120698,20063560,20190557,23302395,16249290,23472165,24012197,16084891,24571615,25912412,16750201,11912283,19055724,12029073,24648304,25912412,12934347,16150151,11020520,24127964,20137818,9102363,24018808,22884659,16616093,18849443,25912412,9065182,9043920,22563025,25996258,12934347,16202314,11020520,9886539,24127964,19467764,26054109,22447624,26409150,18222435,21397694,26054109
7498,XDH,25449831,2454848,11675475,12760253,15588473,10381818,19230253,9436699,26216523,18490013,16750201,19055724,20858448,20537326,24188612,23141164,22017422,10433073,9764347,8738720,15507512,25912412,25194152,20031030,24188612,19429661,25446850,22384446,19903049,19401003,24613539,17624337,24210790,9130910,24613539,17609243,15236995,14748845,18955785,16723371,18644593,15019822,16723371,16762179,17141400,18644593,15019822,25201101,23340055,22883517,22736326,25422360,24661731,22563025,11883311,16644787,12107265,22065163,23011643,17509581,16309234,11163832,19931078,22266326,25134292,16533339,9065182,12372468,15104227,19931078,19931078,17983420,15120698,20063560,20190557,23302395,16249290,23472165,24012197,16084891,24571615,25912412,16750201,11912283,19055724,12029073,24648304,25912412,12934347,16150151,11020520,24127964,20137818,9102363,24018808,22884659,16616093,18849443,25912412,9065182,9043920,22563025,25996258,12934347,16202314,11020520,9886539,24127964,19467764,26054109,22447624,26409150,18222435,21397694,26054109
7515,XRCC1,25449831,2454848,11675475,12760253,15588473,10381818,19230253,9436699,26216523,18490013,16750201,19055724,20858448,20537326,24188612,23141164,22017422,10433073,9764347,8738720,15507512,25912412,25194152,20031030,24188612,19429661,25446850,22384446,19903049,19401003,24613539,17624337,24210790,9130910,24613539,17609243,15236995,14748845,18955785,16723371,18644593,15019822,16723371,16762179,17141400,18644593,15019822,25201101,23340055,22883517,22736326,25422360,24661731,22563025,11883311,16644787,12107265,22065163,23011643,17509581,16309234,11163832,19931078,22266326,25134292,16533339,9065182,12372468,15104227,19931078,19931078,17983420,15120698,20063560,20190557,23302395,16249290,23472165,24012197,16084891,24571615,25912412,16750201,11912283,19055724,12029073,24648304,25912412,12934347,16150151,11020520,24127964,20137818,9102363,24018808,22884659,16616093,18849443,25912412,9065182,9043920,22563025,25996258,12934347,16202314,11020520,9886539,24127964,19467764,26054109,22447624,26409150,18222435,21397694,26054109
7517,XRCC3,25449831,2454848,11675475,12760253,15588473,10381818,19230253,9436699,26216523,18490013,16750201,19055724,20858448,20537326,24188612,23141164,22017422,10433073,9764347,8738720,15507512,25912412,25194152,20031030,24188612,19429661,25446850,22384446,19903049,19401003,24613539,17624337,24210790,9130910,24613539,17609243,15236995,14748845,18955785,16723371,18644593,15019822,16723371,16762179,17141400,18644593,15019822,25201101,23340055,22883517,22736326,25422360,24661731,22563025,11883311,16644787,12107265,22065163,23011643,17509581,16309234,11163832,19931078,22266326,25134292,16533339,9065182,12372468,15104227,19931078,19931078,17983420,15120698,20063560,20190557,23302395,16249290,23472165,24012197,16084891,24571615,25912412,16750201,11912283,19055724,12029073,24648304,25912412,12934347,16150151,11020520,24127964,20137818,9102363,24018808,22884659,16616093,18849443,25912412,9065182,9043920,22563025,25996258,12934347,16202314,11020520,9886539,24127964,19467764,26054109,22447624,26409150,18222435,21397694,26054109
7518,XRCC4,25449831,2454848,11675475,12760253,15588473,10381818,19230253,9436699,26216523,18490013,16750201,19055724,20858448,20537326,24188612,23141164,22017422,10433073,9764347,8738720,15507512,25912412,25194152,20031030,24188612,19429661,25446850,22384446,19903049,19401003,24613539,17624337,24210790,9130910,24613539,17609243,15236995,14748845,18955785,16723371,18644593,15019822,16723371,16762179,17141400,18644593,15019822,25201101,23340055,22883517,22736326,25422360,24661731,22563025,11883311,16644787,12107265,22065163,23011643,17509581,16309234,11163832,19931078,22266326,25134292,16533339,9065182,12372468,15104227,19931078,19931078,17983420,15120698,20063560,20190557,23302395,16249290,23472165,24012197,16084891,24571615,25912412,16750201,11912283,19055724,12029073,24648304,25912412,12934347,16150151,11020520,24127964,20137818,9102363,24018808,22884659,16616093,18849443,25912412,9065182,9043920,22563025,25996258,12934347,16202314,11020520,9886539,24127964,19467764,26054109,22447624,26409150,18222435,21397694,26054109
4904,YBX1,25449831,2454848,11675475,12760253,15588473,10381818,19230253,9436699,26216523,18490013,16750201,19055724,20858448,20537326,24188612,23141164,22017422,10433073,9764347,8738720,15507512,25912412,25194152,20031030,24188612,19429661,25446850,22384446,19903049,19401003,24613539,17624337,24210790,9130910,24613539,17609243,15236995,14748845,18955785,16723371,18644593,15019822,16723371,16762179,17141400,18644593,15019822,25201101,23340055,22883517,22736326,25422360,24661731,22563025,11883311,16644787,12107265,22065163,23011643,17509581,16309234,11163832,19931078,22266326,25134292,16533339,9065182,12372468,15104227,19931078,19931078,17983420,15120698,20063560,20190557,23302395,16249290,23472165,24012197,16084891,24571615,25912412,16750201,11912283,19055724,12029073,24648304,25912412,12934347,16150151,11020520,24127964,20137818,9102363,24018808,22884659,16616093,18849443,25912412,9065182,9043920,22563025,25996258,12934347,16202314,11020520,9886539,24127964,19467764,26054109,22447624,26409150,18222435,21397694,26054109
1116,CHI3L1,25449831,2454848,11675475,12760253,15588473,10381818,19230253,9436699,26216523,18490013,16750201,19055724,20858448,20537326,24188612,23141164,22017422,10433073,9764347,8738720,15507512,25912412,25194152,20031030,24188612,19429661,25446850,22384446,19903049,19401003,24613539,17624337,24210790,9130910,24613539,17609243,15236995,14748845,18955785,16723371,18644593,15019822,16723371,16762179,17141400,18644593,15019822,25201101,23340055,22883517,22736326,25422360,24661731,22563025,11883311,16644787,12107265,22065163,23011643,17509581,16309234,11163832,19931078,22266326,25134292,16533339,9065182,12372468,15104227,19931078,19931078,17983420,15120698,20063560,20190557,23302395,16249290,23472165,24012197,16084891,24571615,25912412,16750201,11912283,19055724,12029073,24648304,25912412,12934347,16150151,11020520,24127964,20137818,9102363,24018808,22884659,16616093,18849443,25912412,9065182,9043920,22563025,25996258,12934347,16202314,11020520,9886539,24127964,19467764,26054109,22447624,26409150,18222435,21397694,26054109
7533,YWHAH,25449831,2454848,11675475,12760253,15588473,10381818,19230253,9436699,26216523,18490013,16750201,19055724,20858448,20537326,24188612,23141164,22017422,10433073,9764347,8738720,15507512,25912412,25194152,20031030,24188612,19429661,25446850,22384446,19903049,19401003,24613539,17624337,24210790,9130910,24613539,17609243,15236995,14748845,18955785,16723371,18644593,15019822,16723371,16762179,17141400,18644593,15019822,25201101,23340055,22883517,22736326,25422360,24661731,22563025,11883311,16644787,12107265,22065163,23011643,17509581,16309234,11163832,19931078,22266326,25134292,16533339,9065182,12372468,15104227,19931078,19931078,17983420,15120698,20063560,20190557,23302395,16249290,23472165,24012197,16084891,24571615,25912412,16750201,11912283,19055724,12029073,24648304,25912412,12934347,16150151,11020520,24127964,20137818,9102363,24018808,22884659,16616093,18849443,25912412,9065182,9043920,22563025,25996258,12934347,16202314,11020520,9886539,24127964,19467764,26054109,22447624,26409150,18222435,21397694,26054109
167465,ZNF366,25449831,2454848,11675475,12760253,15588473,10381818,19230253,9436699,26216523,18490013,16750201,19055724,20858448,20537326,24188612,23141164,22017422,10433073,9764347,8738720,15507512,25912412,25194152,20031030,24188612,19429661,25446850,22384446,19903049,19401003,24613539,17624337,24210790,9130910,24613539,17609243,15236995,14748845,18955785,16723371,18644593,15019822,16723371,16762179,17141400,18644593,15019822,25201101,23340055,22883517,22736326,25422360,24661731,22563025,11883311,16644787,12107265,22065163,23011643,17509581,16309234,11163832,19931078,22266326,25134292,16533339,9065182,12372468,15104227,19931078,19931078,17983420,15120698,20063560,20190557,23302395,16249290,23472165,24012197,16084891,24571615,25912412,16750201,11912283,19055724,12029073,24648304,25912412,12934347,16150151,11020520,24127964,20137818,9102363,24018808,22884659,16616093,18849443,25912412,9065182,9043920,22563025,25996258,12934347,16202314,11020520,9886539,24127964,19467764,26054109,22447624,26409150,18222435,21397694,26054109
6750,SST,25449831,2454848,11675475,12760253,15588473,10381818,19230253,9436699,26216523,18490013,16750201,19055724,20858448,20537326,24188612,23141164,22017422,10433073,9764347,8738720,15507512,25912412,25194152,20031030,24188612,19429661,25446850,22384446,19903049,19401003,24613539,17624337,24210790,9130910,24613539,17609243,15236995,14748845,18955785,16723371,18644593,15019822,16723371,16762179,17141400,18644593,15019822,25201101,23340055,22883517,22736326,25422360,24661731,22563025,11883311,16644787,12107265,22065163,23011643,17509581,16309234,11163832,19931078,22266326,25134292,16533339,9065182,12372468,15104227,19931078,19931078,17983420,15120698,20063560,20190557,23302395,16249290,23472165,24012197,16084891,24571615,25912412,16750201,11912283,19055724,12029073,24648304,25912412,12934347,16150151,11020520,24127964,20137818,9102363,24018808,22884659,16616093,18849443,25912412,9065182,9043920,22563025,25996258,12934347,16202314,11020520,9886539,24127964,19467764,26054109,22447624,26409150,18222435,21397694,26054109
3880,KRT19,25449831,2454848,11675475,12760253,15588473,10381818,19230253,9436699,26216523,18490013,16750201,19055724,20858448,20537326,24188612,23141164,22017422,10433073,9764347,8738720,15507512,25912412,25194152,20031030,24188612,19429661,25446850,22384446,19903049,19401003,24613539,17624337,24210790,9130910,24613539,17609243,15236995,14748845,18955785,16723371,18644593,15019822,16723371,16762179,17141400,18644593,15019822,25201101,23340055,22883517,22736326,25422360,24661731,22563025,11883311,16644787,12107265,22065163,23011643,17509581,16309234,11163832,19931078,22266326,25134292,16533339,9065182,12372468,15104227,19931078,19931078,17983420,15120698,20063560,20190557,23302395,16249290,23472165,24012197,16084891,24571615,25912412,16750201,11912283,19055724,12029073,24648304,25912412,12934347,16150151,11020520,24127964,20137818,9102363,24018808,22884659,16616093,18849443,25912412,9065182,9043920,22563025,25996258,12934347,16202314,11020520,9886539,24127964,19467764,26054109,22447624,26409150,18222435,21397694,26054109
6347,CCL2,25449831,25449831,25449831,25449831,25449831,25449831,25449831,25449831,25449831,25449831,25449831,25449831,25449831,25449831,25449831,25449831,25449831,25449831,25449831,25449831,25449831,25449831,25449831,25449831,25449831,25449831,25449831,2454848,2454848,2454848,2454848,2454848,2454848,2454848,2454848,2454848,2454848,2454848,2454848,2454848,2454848,2454848,2454848,2454848,2454848,2454848,2454848,2454848,2454848,2454848,2454848,2454848,2454848,2454848,11675475,11675475,11675475,11675475,11675475,11675475,11675475,11675475,11675475,11675475,11675475,11675475,11675475,11675475,11675475,11675475,11675475,11675475,11675475,11675475,11675475,11675475,11675475,11675475,11675475,11675475,11675475,12760253,12760253,12760253,12760253,12760253,12760253,12760253,12760253,12760253,12760253,12760253,12760253,12760253,12760253,12760253,12760253,12760253,12760253,12760253,12760253,12760253,12760253,12760253,12760253,12760253,12760253,12760253,15588473,15588473,15588473,15588473,15588473,15588473,15588473,15588473,1558847
1001,CDH3,25449831,25449831,25449831,25449831,2454848,2454848,2454848,2454848,11675475,11675475,11675475,11675475,12760253,12760253,12760253,12760253,15588473,15588473,15588473,15588473,10381818,10381818,10381818,10381818,19230253,19230253,19230253,19230253,9436699,9436699,9436699,9436699,26216523,26216523,26216523,26216523,18490013,18490013,18490013,18490013,16750201,16750201,16750201,16750201,19055724,19055724,19055724,19055724,20858448,20858448,20858448,20858448,20537326,20537326,20537326,20537326,24188612,24188612,24188612,24188612,23141164,23141164,23141164,23141164,22017422,22017422,22017422,22017422,10433073,10433073,10433073,10433073,9764347,9764347,9764347,9764347,8738720,8738720,8738720,8738720,15507512,15507512,15507512,15507512,25912412,25912412,25912412,25912412,25194152,25194152,25194152,25194152,20031030,20031030,20031030,20031030,24188612,24188612,24188612,24188612,19429661,19429661,19429661,19429661,25446850,25446850,25446850,25446850,22384446,22384446,22384446,22384446,19903049,19903049,19903049,19903
58985,IL22RA1,25449831,2454848,11675475,12760253,15588473,10381818,19230253,9436699,26216523,18490013,16750201,19055724,20858448,20537326,24188612,23141164,22017422,10433073,9764347,8738720,15507512,25912412,25194152,20031030,24188612,19429661,25446850,22384446,19903049,19401003,24613539,17624337,24210790,9130910,24613539,17609243,15236995,14748845,18955785,16723371,18644593,15019822,16723371,16762179,17141400,18644593,15019822,25201101,23340055,22883517,22736326,25422360,24661731,22563025,11883311,16644787,12107265,22065163,23011643,17509581,16309234,11163832,19931078,22266326,25134292,16533339,9065182,12372468,15104227,19931078,19931078,17983420,15120698,20063560,20190557,23302395,16249290,23472165,24012197,16084891,24571615,25912412,16750201,11912283,19055724,12029073,24648304,25912412,12934347,16150151,11020520,24127964,20137818,9102363,24018808,22884659,16616093,18849443,25912412,9065182,9043920,22563025,25996258,12934347,16202314,11020520,9886539,24127964,19467764,26054109,22447624,26409150,18222435,21397694,26054109
4087,SMAD2,25449831,2454848,11675475,12760253,15588473,10381818,19230253,9436699,26216523,18490013,16750201,19055724,20858448,20537326,24188612,23141164,22017422,10433073,9764347,8738720,15507512,25912412,25194152,20031030,24188612,19429661,25446850,22384446,19903049,19401003,24613539,17624337,24210790,9130910,24613539,17609243,15236995,14748845,18955785,16723371,18644593,15019822,16723371,16762179,17141400,18644593,15019822,25201101,23340055,22883517,22736326,25422360,24661731,22563025,11883311,16644787,12107265,22065163,23011643,17509581,16309234,11163832,19931078,22266326,25134292,16533339,9065182,12372468,15104227,19931078,19931078,17983420,15120698,20063560,20190557,23302395,16249290,23472165,24012197,16084891,24571615,25912412,16750201,11912283,19055724,12029073,24648304,25912412,12934347,16150151,11020520,24127964,20137818,9102363,24018808,22884659,16616093,18849443,25912412,9065182,9043920,22563025,25996258,12934347,16202314,11020520,9886539,24127964,19467764,26054109,22447624,26409150,18222435,21397694,26054109
6013,RLN1,25449831,2454848,11675475,12760253,15588473,10381818,19230253,9436699,26216523,18490013,16750201,19055724,20858448,20537326,24188612,23141164,22017422,10433073,9764347,8738720,15507512,25912412,25194152,20031030,24188612,19429661,25446850,22384446,19903049,19401003,24613539,17624337,24210790,9130910,24613539,17609243,15236995,14748845,18955785,16723371,18644593,15019822,16723371,16762179,17141400,18644593,15019822,25201101,23340055,22883517,22736326,25422360,24661731,22563025,11883311,16644787,12107265,22065163,23011643,17509581,16309234,11163832,19931078,22266326,25134292,16533339,9065182,12372468,15104227,19931078,19931078,17983420,15120698,20063560,20190557,23302395,16249290,23472165,24012197,16084891,24571615,25912412,16750201,11912283,19055724,12029073,24648304,25912412,12934347,16150151,11020520,24127964,20137818,9102363,24018808,22884659,16616093,18849443,25912412,9065182,9043920,22563025,25996258,12934347,16202314,11020520,9886539,24127964,19467764,26054109,22447624,26409150,18222435,21397694,26054109
406952,MIR17,25449831,2454848,11675475,12760253,15588473,10381818,19230253,9436699,26216523,18490013,16750201,19055724,20858448,20537326,24188612,23141164,22017422,10433073,9764347,8738720,15507512,25912412,25194152,20031030,24188612,19429661,25446850,22384446,19903049,19401003,24613539,17624337,24210790,9130910,24613539,17609243,15236995,14748845,18955785,16723371,18644593,15019822,16723371,16762179,17141400,18644593,15019822,25201101,23340055,22883517,22736326,25422360,24661731,22563025,11883311,16644787,12107265,22065163,23011643,17509581,16309234,11163832,19931078,22266326,25134292,16533339,9065182,12372468,15104227,19931078,19931078,17983420,15120698,20063560,20190557,23302395,16249290,23472165,24012197,16084891,24571615,25912412,16750201,11912283,19055724,12029073,24648304,25912412,12934347,16150151,11020520,24127964,20137818,9102363,24018808,22884659,16616093,18849443,25912412,9065182,9043920,22563025,25996258,12934347,16202314,11020520,9886539,24127964,19467764,26054109,22447624,26409150,18222435,21397694,26054109
7424,VEGFC,25449831,2454848,11675475,12760253,15588473,10381818,19230253,9436699,26216523,18490013,16750201,19055724,20858448,20537326,24188612,23141164,22017422,10433073,9764347,8738720,15507512,25912412,25194152,20031030,24188612,19429661,25446850,22384446,19903049,19401003,24613539,17624337,24210790,9130910,24613539,17609243,15236995,14748845,18955785,16723371,18644593,15019822,16723371,16762179,17141400,18644593,15019822,25201101,23340055,22883517,22736326,25422360,24661731,22563025,11883311,16644787,12107265,22065163,23011643,17509581,16309234,11163832,19931078,22266326,25134292,16533339,9065182,12372468,15104227,19931078,19931078,17983420,15120698,20063560,20190557,23302395,16249290,23472165,24012197,16084891,24571615,25912412,16750201,11912283,19055724,12029073,24648304,25912412,12934347,16150151,11020520,24127964,20137818,9102363,24018808,22884659,16616093,18849443,25912412,9065182,9043920,22563025,25996258,12934347,16202314,11020520,9886539,24127964,19467764,26054109,22447624,26409150,18222435,21397694,26054109
10016,PDCD6,25449831,2454848,11675475,12760253,15588473,10381818,19230253,9436699,26216523,18490013,16750201,19055724,20858448,20537326,24188612,23141164,22017422,10433073,9764347,8738720,15507512,25912412,25194152,20031030,24188612,19429661,25446850,22384446,19903049,19401003,24613539,17624337,24210790,9130910,24613539,17609243,15236995,14748845,18955785,16723371,18644593,15019822,16723371,16762179,17141400,18644593,15019822,25201101,23340055,22883517,22736326,25422360,24661731,22563025,11883311,16644787,12107265,22065163,23011643,17509581,16309234,11163832,19931078,22266326,25134292,16533339,9065182,12372468,15104227,19931078,19931078,17983420,15120698,20063560,20190557,23302395,16249290,23472165,24012197,16084891,24571615,25912412,16750201,11912283,19055724,12029073,24648304,25912412,12934347,16150151,11020520,24127964,20137818,9102363,24018808,22884659,16616093,18849443,25912412,9065182,9043920,22563025,25996258,12934347,16202314,11020520,9886539,24127964,19467764,26054109,22447624,26409150,18222435,21397694,26054109
10298,PAK4,25449831,2454848,11675475,12760253,15588473,10381818,19230253,9436699,26216523,18490013,16750201,19055724,20858448,20537326,24188612,23141164,22017422,10433073,9764347,8738720,15507512,25912412,25194152,20031030,24188612,19429661,25446850,22384446,19903049,19401003,24613539,17624337,24210790,9130910,24613539,17609243,15236995,14748845,18955785,16723371,18644593,15019822,16723371,16762179,17141400,18644593,15019822,25201101,23340055,22883517,22736326,25422360,24661731,22563025,11883311,16644787,12107265,22065163,23011643,17509581,16309234,11163832,19931078,22266326,25134292,16533339,9065182,12372468,15104227,19931078,19931078,17983420,15120698,20063560,20190557,23302395,16249290,23472165,24012197,16084891,24571615,25912412,16750201,11912283,19055724,12029073,24648304,25912412,12934347,16150151,11020520,24127964,20137818,9102363,24018808,22884659,16616093,18849443,25912412,9065182,9043920,22563025,25996258,12934347,16202314,11020520,9886539,24127964,19467764,26054109,22447624,26409150,18222435,21397694,26054109
10803,CCR9,25449831,2454848,11675475,12760253,15588473,10381818,19230253,9436699,26216523,18490013,16750201,19055724,20858448,20537326,24188612,23141164,22017422,10433073,9764347,8738720,15507512,25912412,25194152,20031030,24188612,19429661,25446850,22384446,19903049,19401003,24613539,17624337,24210790,9130910,24613539,17609243,15236995,14748845,18955785,16723371,18644593,15019822,16723371,16762179,17141400,18644593,15019822,25201101,23340055,22883517,22736326,25422360,24661731,22563025,11883311,16644787,12107265,22065163,23011643,17509581,16309234,11163832,19931078,22266326,25134292,16533339,9065182,12372468,15104227,19931078,19931078,17983420,15120698,20063560,20190557,23302395,16249290,23472165,24012197,16084891,24571615,25912412,16750201,11912283,19055724,12029073,24648304,25912412,12934347,16150151,11020520,24127964,20137818,9102363,24018808,22884659,16616093,18849443,25912412,9065182,9043920,22563025,25996258,12934347,16202314,11020520,9886539,24127964,19467764,26054109,22447624,26409150,18222435,21397694,26054109
2100,ESR2,25449831,25449831,25449831,25449831,25449831,25449831,25449831,25449831,25449831,25449831,2454848,2454848,2454848,2454848,2454848,2454848,2454848,2454848,2454848,2454848,11675475,11675475,11675475,11675475,11675475,11675475,11675475,11675475,11675475,11675475,12760253,12760253,12760253,12760253,12760253,12760253,12760253,12760253,12760253,12760253,15588473,15588473,15588473,15588473,15588473,15588473,15588473,15588473,15588473,15588473,10381818,10381818,10381818,10381818,10381818,10381818,10381818,10381818,10381818,10381818,19230253,19230253,19230253,19230253,19230253,19230253,19230253,19230253,19230253,19230253,9436699,9436699,9436699,9436699,9436699,9436699,9436699,9436699,9436699,9436699,26216523,26216523,26216523,26216523,26216523,26216523,26216523,26216523,26216523,26216523,18490013,18490013,18490013,18490013,18490013,18490013,18490013,18490013,18490013,18490013,16750201,16750201,16750201,16750201,16750201,16750201,16750201,16750201,16750201,16750201,19055724,19055724,19055724,19055724,19055724,19055724,
51358,PPARG2,25449831,2454848,11675475,12760253,15588473,10381818,19230253,9436699,26216523,18490013,16750201,19055724,20858448,20537326,24188612,23141164,22017422,10433073,9764347,8738720,15507512,25912412,25194152,20031030,24188612,19429661,25446850,22384446,19903049,19401003,24613539,17624337,24210790,9130910,24613539,17609243,15236995,14748845,18955785,16723371,18644593,15019822,16723371,16762179,17141400,18644593,15019822,25201101,23340055,22883517,22736326,25422360,24661731,22563025,11883311,16644787,12107265,22065163,23011643,17509581,16309234,11163832,19931078,22266326,25134292,16533339,9065182,12372468,15104227,19931078,19931078,17983420,15120698,20063560,20190557,23302395,16249290,23472165,24012197,16084891,24571615,25912412,16750201,11912283,19055724,12029073,24648304,25912412,12934347,16150151,11020520,24127964,20137818,9102363,24018808,22884659,16616093,18849443,25912412,9065182,9043920,22563025,25996258,12934347,16202314,11020520,9886539,24127964,19467764,26054109,22447624,26409150,18222435,21397694,26054109
54206,ERRFI1,25449831,2454848,11675475,12760253,15588473,10381818,19230253,9436699,26216523,18490013,16750201,19055724,20858448,20537326,24188612,23141164,22017422,10433073,9764347,8738720,15507512,25912412,25194152,20031030,24188612,19429661,25446850,22384446,19903049,19401003,24613539,17624337,24210790,9130910,24613539,17609243,15236995,14748845,18955785,16723371,18644593,15019822,16723371,16762179,17141400,18644593,15019822,25201101,23340055,22883517,22736326,25422360,24661731,22563025,11883311,16644787,12107265,22065163,23011643,17509581,16309234,11163832,19931078,22266326,25134292,16533339,9065182,12372468,15104227,19931078,19931078,17983420,15120698,20063560,20190557,23302395,16249290,23472165,24012197,16084891,24571615,25912412,16750201,11912283,19055724,12029073,24648304,25912412,12934347,16150151,11020520,24127964,20137818,9102363,24018808,22884659,16616093,18849443,25912412,9065182,9043920,22563025,25996258,12934347,16202314,11020520,9886539,24127964,19467764,26054109,22447624,26409150,18222435,21397694,26054109
407040,MIR34A,25449831,2454848,11675475,12760253,15588473,10381818,19230253,9436699,26216523,18490013,16750201,19055724,20858448,20537326,24188612,23141164,22017422,10433073,9764347,8738720,15507512,25912412,25194152,20031030,24188612,19429661,25446850,22384446,19903049,19401003,24613539,17624337,24210790,9130910,24613539,17609243,15236995,14748845,18955785,16723371,18644593,15019822,16723371,16762179,17141400,18644593,15019822,25201101,23340055,22883517,22736326,25422360,24661731,22563025,11883311,16644787,12107265,22065163,23011643,17509581,16309234,11163832,19931078,22266326,25134292,16533339,9065182,12372468,15104227,19931078,19931078,17983420,15120698,20063560,20190557,23302395,16249290,23472165,24012197,16084891,24571615,25912412,16750201,11912283,19055724,12029073,24648304,25912412,12934347,16150151,11020520,24127964,20137818,9102363,24018808,22884659,16616093,18849443,25912412,9065182,9043920,22563025,25996258,12934347,16202314,11020520,9886539,24127964,19467764,26054109,22447624,26409150,18222435,21397694,26054109
3637754,SST2,25449831,2454848,11675475,12760253,15588473,10381818,19230253,9436699,26216523,18490013,16750201,19055724,20858448,20537326,24188612,23141164,22017422,10433073,9764347,8738720,15507512,25912412,25194152,20031030,24188612,19429661,25446850,22384446,19903049,19401003,24613539,17624337,24210790,9130910,24613539,17609243,15236995,14748845,18955785,16723371,18644593,15019822,16723371,16762179,17141400,18644593,15019822,25201101,23340055,22883517,22736326,25422360,24661731,22563025,11883311,16644787,12107265,22065163,23011643,17509581,16309234,11163832,19931078,22266326,25134292,16533339,9065182,12372468,15104227,19931078,19931078,17983420,15120698,20063560,20190557,23302395,16249290,23472165,24012197,16084891,24571615,25912412,16750201,11912283,19055724,12029073,24648304,25912412,12934347,16150151,11020520,24127964,20137818,9102363,24018808,22884659,16616093,18849443,25912412,9065182,9043920,22563025,25996258,12934347,16202314,11020520,9886539,24127964,19467764,26054109,22447624,26409150,18222435,21397694,26054109
406935,MIR143,25449831,25449831,2454848,2454848,11675475,11675475,12760253,12760253,15588473,15588473,10381818,10381818,19230253,19230253,9436699,9436699,26216523,26216523,18490013,18490013,16750201,16750201,19055724,19055724,20858448,20858448,20537326,20537326,24188612,24188612,23141164,23141164,22017422,22017422,10433073,10433073,9764347,9764347,8738720,8738720,15507512,15507512,25912412,25912412,25194152,25194152,20031030,20031030,24188612,24188612,19429661,19429661,25446850,25446850,22384446,22384446,19903049,19903049,19401003,19401003,24613539,24613539,17624337,17624337,24210790,24210790,9130910,9130910,24613539,24613539,17609243,17609243,15236995,15236995,14748845,14748845,18955785,18955785,16723371,16723371,18644593,18644593,15019822,15019822,16723371,16723371,16762179,16762179,17141400,17141400,18644593,18644593,15019822,15019822,25201101,25201101,23340055,23340055,22883517,22883517,22736326,22736326,25422360,25422360,24661731,24661731,22563025,22563025,11883311,11883311,16644787,16644787,12107265,12107265,22065163
6320,CLEC11A,25449831,2454848,11675475,12760253,15588473,10381818,19230253,9436699,26216523,18490013,16750201,19055724,20858448,20537326,24188612,23141164,22017422,10433073,9764347,8738720,15507512,25912412,25194152,20031030,24188612,19429661,25446850,22384446,19903049,19401003,24613539,17624337,24210790,9130910,24613539,17609243,15236995,14748845,18955785,16723371,18644593,15019822,16723371,16762179,17141400,18644593,15019822,25201101,23340055,22883517,22736326,25422360,24661731,22563025,11883311,16644787,12107265,22065163,23011643,17509581,16309234,11163832,19931078,22266326,25134292,16533339,9065182,12372468,15104227,19931078,19931078,17983420,15120698,20063560,20190557,23302395,16249290,23472165,24012197,16084891,24571615,25912412,16750201,11912283,19055724,12029073,24648304,25912412,12934347,16150151,11020520,24127964,20137818,9102363,24018808,22884659,16616093,18849443,25912412,9065182,9043920,22563025,25996258,12934347,16202314,11020520,9886539,24127964,19467764,26054109,22447624,26409150,18222435,21397694,26054109
10850,CCL27,25449831,2454848,11675475,12760253,15588473,10381818,19230253,9436699,26216523,18490013,16750201,19055724,20858448,20537326,24188612,23141164,22017422,10433073,9764347,8738720,15507512,25912412,25194152,20031030,24188612,19429661,25446850,22384446,19903049,19401003,24613539,17624337,24210790,9130910,24613539,17609243,15236995,14748845,18955785,16723371,18644593,15019822,16723371,16762179,17141400,18644593,15019822,25201101,23340055,22883517,22736326,25422360,24661731,22563025,11883311,16644787,12107265,22065163,23011643,17509581,16309234,11163832,19931078,22266326,25134292,16533339,9065182,12372468,15104227,19931078,19931078,17983420,15120698,20063560,20190557,23302395,16249290,23472165,24012197,16084891,24571615,25912412,16750201,11912283,19055724,12029073,24648304,25912412,12934347,16150151,11020520,24127964,20137818,9102363,24018808,22884659,16616093,18849443,25912412,9065182,9043920,22563025,25996258,12934347,16202314,11020520,9886539,24127964,19467764,26054109,22447624,26409150,18222435,21397694,26054109
1437,CSF2,25449831,2454848,11675475,12760253,15588473,10381818,19230253,9436699,26216523,18490013,16750201,19055724,20858448,20537326,24188612,23141164,22017422,10433073,9764347,8738720,15507512,25912412,25194152,20031030,24188612,19429661,25446850,22384446,19903049,19401003,24613539,17624337,24210790,9130910,24613539,17609243,15236995,14748845,18955785,16723371,18644593,15019822,16723371,16762179,17141400,18644593,15019822,25201101,23340055,22883517,22736326,25422360,24661731,22563025,11883311,16644787,12107265,22065163,23011643,17509581,16309234,11163832,19931078,22266326,25134292,16533339,9065182,12372468,15104227,19931078,19931078,17983420,15120698,20063560,20190557,23302395,16249290,23472165,24012197,16084891,24571615,25912412,16750201,11912283,19055724,12029073,24648304,25912412,12934347,16150151,11020520,24127964,20137818,9102363,24018808,22884659,16616093,18849443,25912412,9065182,9043920,22563025,25996258,12934347,16202314,11020520,9886539,24127964,19467764,26054109,22447624,26409150,18222435,21397694,26054109
3578,IL9,25449831,2454848,11675475,12760253,15588473,10381818,19230253,9436699,26216523,18490013,16750201,19055724,20858448,20537326,24188612,23141164,22017422,10433073,9764347,8738720,15507512,25912412,25194152,20031030,24188612,19429661,25446850,22384446,19903049,19401003,24613539,17624337,24210790,9130910,24613539,17609243,15236995,14748845,18955785,16723371,18644593,15019822,16723371,16762179,17141400,18644593,15019822,25201101,23340055,22883517,22736326,25422360,24661731,22563025,11883311,16644787,12107265,22065163,23011643,17509581,16309234,11163832,19931078,22266326,25134292,16533339,9065182,12372468,15104227,19931078,19931078,17983420,15120698,20063560,20190557,23302395,16249290,23472165,24012197,16084891,24571615,25912412,16750201,11912283,19055724,12029073,24648304,25912412,12934347,16150151,11020520,24127964,20137818,9102363,24018808,22884659,16616093,18849443,25912412,9065182,9043920,22563025,25996258,12934347,16202314,11020520,9886539,24127964,19467764,26054109,22447624,26409150,18222435,21397694,26054109
6277,S100A6,25449831,2454848,11675475,12760253,15588473,10381818,19230253,9436699,26216523,18490013,16750201,19055724,20858448,20537326,24188612,23141164,22017422,10433073,9764347,8738720,15507512,25912412,25194152,20031030,24188612,19429661,25446850,22384446,19903049,19401003,24613539,17624337,24210790,9130910,24613539,17609243,15236995,14748845,18955785,16723371,18644593,15019822,16723371,16762179,17141400,18644593,15019822,25201101,23340055,22883517,22736326,25422360,24661731,22563025,11883311,16644787,12107265,22065163,23011643,17509581,16309234,11163832,19931078,22266326,25134292,16533339,9065182,12372468,15104227,19931078,19931078,17983420,15120698,20063560,20190557,23302395,16249290,23472165,24012197,16084891,24571615,25912412,16750201,11912283,19055724,12029073,24648304,25912412,12934347,16150151,11020520,24127964,20137818,9102363,24018808,22884659,16616093,18849443,25912412,9065182,9043920,22563025,25996258,12934347,16202314,11020520,9886539,24127964,19467764,26054109,22447624,26409150,18222435,21397694,26054109
6665,SOX15,25449831,2454848,11675475,12760253,15588473,10381818,19230253,9436699,26216523,18490013,16750201,19055724,20858448,20537326,24188612,23141164,22017422,10433073,9764347,8738720,15507512,25912412,25194152,20031030,24188612,19429661,25446850,22384446,19903049,19401003,24613539,17624337,24210790,9130910,24613539,17609243,15236995,14748845,18955785,16723371,18644593,15019822,16723371,16762179,17141400,18644593,15019822,25201101,23340055,22883517,22736326,25422360,24661731,22563025,11883311,16644787,12107265,22065163,23011643,17509581,16309234,11163832,19931078,22266326,25134292,16533339,9065182,12372468,15104227,19931078,19931078,17983420,15120698,20063560,20190557,23302395,16249290,23472165,24012197,16084891,24571615,25912412,16750201,11912283,19055724,12029073,24648304,25912412,12934347,16150151,11020520,24127964,20137818,9102363,24018808,22884659,16616093,18849443,25912412,9065182,9043920,22563025,25996258,12934347,16202314,11020520,9886539,24127964,19467764,26054109,22447624,26409150,18222435,21397694,26054109
7291,TWIST1,25449831,2454848,11675475,12760253,15588473,10381818,19230253,9436699,26216523,18490013,16750201,19055724,20858448,20537326,24188612,23141164,22017422,10433073,9764347,8738720,15507512,25912412,25194152,20031030,24188612,19429661,25446850,22384446,19903049,19401003,24613539,17624337,24210790,9130910,24613539,17609243,15236995,14748845,18955785,16723371,18644593,15019822,16723371,16762179,17141400,18644593,15019822,25201101,23340055,22883517,22736326,25422360,24661731,22563025,11883311,16644787,12107265,22065163,23011643,17509581,16309234,11163832,19931078,22266326,25134292,16533339,9065182,12372468,15104227,19931078,19931078,17983420,15120698,20063560,20190557,23302395,16249290,23472165,24012197,16084891,24571615,25912412,16750201,11912283,19055724,12029073,24648304,25912412,12934347,16150151,11020520,24127964,20137818,9102363,24018808,22884659,16616093,18849443,25912412,9065182,9043920,22563025,25996258,12934347,16202314,11020520,9886539,24127964,19467764,26054109,22447624,26409150,18222435,21397694,26054109
3593,IL12B,25449831,2454848,11675475,12760253,15588473,10381818,19230253,9436699,26216523,18490013,16750201,19055724,20858448,20537326,24188612,23141164,22017422,10433073,9764347,8738720,15507512,25912412,25194152,20031030,24188612,19429661,25446850,22384446,19903049,19401003,24613539,17624337,24210790,9130910,24613539,17609243,15236995,14748845,18955785,16723371,18644593,15019822,16723371,16762179,17141400,18644593,15019822,25201101,23340055,22883517,22736326,25422360,24661731,22563025,11883311,16644787,12107265,22065163,23011643,17509581,16309234,11163832,19931078,22266326,25134292,16533339,9065182,12372468,15104227,19931078,19931078,17983420,15120698,20063560,20190557,23302395,16249290,23472165,24012197,16084891,24571615,25912412,16750201,11912283,19055724,12029073,24648304,25912412,12934347,16150151,11020520,24127964,20137818,9102363,24018808,22884659,16616093,18849443,25912412,9065182,9043920,22563025,25996258,12934347,16202314,11020520,9886539,24127964,19467764,26054109,22447624,26409150,18222435,21397694,26054109
2852,GPER1,25449831,25449831,2454848,2454848,11675475,11675475,12760253,12760253,15588473,15588473,10381818,10381818,19230253,19230253,9436699,9436699,26216523,26216523,18490013,18490013,16750201,16750201,19055724,19055724,20858448,20858448,20537326,20537326,24188612,24188612,23141164,23141164,22017422,22017422,10433073,10433073,9764347,9764347,8738720,8738720,15507512,15507512,25912412,25912412,25194152,25194152,20031030,20031030,24188612,24188612,19429661,19429661,25446850,25446850,22384446,22384446,19903049,19903049,19401003,19401003,24613539,24613539,17624337,17624337,24210790,24210790,9130910,9130910,24613539,24613539,17609243,17609243,15236995,15236995,14748845,14748845,18955785,18955785,16723371,16723371,18644593,18644593,15019822,15019822,16723371,16723371,16762179,16762179,17141400,17141400,18644593,18644593,15019822,15019822,25201101,25201101,23340055,23340055,22883517,22883517,22736326,22736326,25422360,25422360,24661731,24661731,22563025,22563025,11883311,11883311,16644787,16644787,12107265,12107265,22065163
3014,H2AFX,25449831,25449831,25449831,2454848,2454848,2454848,11675475,11675475,11675475,12760253,12760253,12760253,15588473,15588473,15588473,10381818,10381818,10381818,19230253,19230253,19230253,9436699,9436699,9436699,26216523,26216523,26216523,18490013,18490013,18490013,16750201,16750201,16750201,19055724,19055724,19055724,20858448,20858448,20858448,20537326,20537326,20537326,24188612,24188612,24188612,23141164,23141164,23141164,22017422,22017422,22017422,10433073,10433073,10433073,9764347,9764347,9764347,8738720,8738720,8738720,15507512,15507512,15507512,25912412,25912412,25912412,25194152,25194152,25194152,20031030,20031030,20031030,24188612,24188612,24188612,19429661,19429661,19429661,25446850,25446850,25446850,22384446,22384446,22384446,19903049,19903049,19903049,19401003,19401003,19401003,24613539,24613539,24613539,17624337,17624337,17624337,24210790,24210790,24210790,9130910,9130910,9130910,24613539,24613539,24613539,17609243,17609243,17609243,15236995,15236995,15236995,14748845,14748845,14748845,18955785,1895
668,FOXL2,25449831,2454848,11675475,12760253,15588473,10381818,19230253,9436699,26216523,18490013,16750201,19055724,20858448,20537326,24188612,23141164,22017422,10433073,9764347,8738720,15507512,25912412,25194152,20031030,24188612,19429661,25446850,22384446,19903049,19401003,24613539,17624337,24210790,9130910,24613539,17609243,15236995,14748845,18955785,16723371,18644593,15019822,16723371,16762179,17141400,18644593,15019822,25201101,23340055,22883517,22736326,25422360,24661731,22563025,11883311,16644787,12107265,22065163,23011643,17509581,16309234,11163832,19931078,22266326,25134292,16533339,9065182,12372468,15104227,19931078,19931078,17983420,15120698,20063560,20190557,23302395,16249290,23472165,24012197,16084891,24571615,25912412,16750201,11912283,19055724,12029073,24648304,25912412,12934347,16150151,11020520,24127964,20137818,9102363,24018808,22884659,16616093,18849443,25912412,9065182,9043920,22563025,25996258,12934347,16202314,11020520,9886539,24127964,19467764,26054109,22447624,26409150,18222435,21397694,26054109
675,BRCA2,25449831,25449831,25449831,25449831,25449831,2454848,2454848,2454848,2454848,2454848,11675475,11675475,11675475,11675475,11675475,12760253,12760253,12760253,12760253,12760253,15588473,15588473,15588473,15588473,15588473,10381818,10381818,10381818,10381818,10381818,19230253,19230253,19230253,19230253,19230253,9436699,9436699,9436699,9436699,9436699,26216523,26216523,26216523,26216523,26216523,18490013,18490013,18490013,18490013,18490013,16750201,16750201,16750201,16750201,16750201,19055724,19055724,19055724,19055724,19055724,20858448,20858448,20858448,20858448,20858448,20537326,20537326,20537326,20537326,20537326,24188612,24188612,24188612,24188612,24188612,23141164,23141164,23141164,23141164,23141164,22017422,22017422,22017422,22017422,22017422,10433073,10433073,10433073,10433073,10433073,9764347,9764347,9764347,9764347,9764347,8738720,8738720,8738720,8738720,8738720,15507512,15507512,15507512,15507512,15507512,25912412,25912412,25912412,25912412,25912412,25194152,25194152,25194152,25194152,25194152,20031030,
727,C5,25449831,2454848,11675475,12760253,15588473,10381818,19230253,9436699,26216523,18490013,16750201,19055724,20858448,20537326,24188612,23141164,22017422,10433073,9764347,8738720,15507512,25912412,25194152,20031030,24188612,19429661,25446850,22384446,19903049,19401003,24613539,17624337,24210790,9130910,24613539,17609243,15236995,14748845,18955785,16723371,18644593,15019822,16723371,16762179,17141400,18644593,15019822,25201101,23340055,22883517,22736326,25422360,24661731,22563025,11883311,16644787,12107265,22065163,23011643,17509581,16309234,11163832,19931078,22266326,25134292,16533339,9065182,12372468,15104227,19931078,19931078,17983420,15120698,20063560,20190557,23302395,16249290,23472165,24012197,16084891,24571615,25912412,16750201,11912283,19055724,12029073,24648304,25912412,12934347,16150151,11020520,24127964,20137818,9102363,24018808,22884659,16616093,18849443,25912412,9065182,9043920,22563025,25996258,12934347,16202314,11020520,9886539,24127964,19467764,26054109,22447624,26409150,18222435,21397694,26054109
836,CASP3,25449831,2454848,11675475,12760253,15588473,10381818,19230253,9436699,26216523,18490013,16750201,19055724,20858448,20537326,24188612,23141164,22017422,10433073,9764347,8738720,15507512,25912412,25194152,20031030,24188612,19429661,25446850,22384446,19903049,19401003,24613539,17624337,24210790,9130910,24613539,17609243,15236995,14748845,18955785,16723371,18644593,15019822,16723371,16762179,17141400,18644593,15019822,25201101,23340055,22883517,22736326,25422360,24661731,22563025,11883311,16644787,12107265,22065163,23011643,17509581,16309234,11163832,19931078,22266326,25134292,16533339,9065182,12372468,15104227,19931078,19931078,17983420,15120698,20063560,20190557,23302395,16249290,23472165,24012197,16084891,24571615,25912412,16750201,11912283,19055724,12029073,24648304,25912412,12934347,16150151,11020520,24127964,20137818,9102363,24018808,22884659,16616093,18849443,25912412,9065182,9043920,22563025,25996258,12934347,16202314,11020520,9886539,24127964,19467764,26054109,22447624,26409150,18222435,21397694,26054109
847,CAT,25449831,2454848,11675475,12760253,15588473,10381818,19230253,9436699,26216523,18490013,16750201,19055724,20858448,20537326,24188612,23141164,22017422,10433073,9764347,8738720,15507512,25912412,25194152,20031030,24188612,19429661,25446850,22384446,19903049,19401003,24613539,17624337,24210790,9130910,24613539,17609243,15236995,14748845,18955785,16723371,18644593,15019822,16723371,16762179,17141400,18644593,15019822,25201101,23340055,22883517,22736326,25422360,24661731,22563025,11883311,16644787,12107265,22065163,23011643,17509581,16309234,11163832,19931078,22266326,25134292,16533339,9065182,12372468,15104227,19931078,19931078,17983420,15120698,20063560,20190557,23302395,16249290,23472165,24012197,16084891,24571615,25912412,16750201,11912283,19055724,12029073,24648304,25912412,12934347,16150151,11020520,24127964,20137818,9102363,24018808,22884659,16616093,18849443,25912412,9065182,9043920,22563025,25996258,12934347,16202314,11020520,9886539,24127964,19467764,26054109,22447624,26409150,18222435,21397694,26054109
100048912,CDKN2B-AS1,25449831,25449831,25449831,2454848,2454848,2454848,11675475,11675475,11675475,12760253,12760253,12760253,15588473,15588473,15588473,10381818,10381818,10381818,19230253,19230253,19230253,9436699,9436699,9436699,26216523,26216523,26216523,18490013,18490013,18490013,16750201,16750201,16750201,19055724,19055724,19055724,20858448,20858448,20858448,20537326,20537326,20537326,24188612,24188612,24188612,23141164,23141164,23141164,22017422,22017422,22017422,10433073,10433073,10433073,9764347,9764347,9764347,8738720,8738720,8738720,15507512,15507512,15507512,25912412,25912412,25912412,25194152,25194152,25194152,20031030,20031030,20031030,24188612,24188612,24188612,19429661,19429661,19429661,25446850,25446850,25446850,22384446,22384446,22384446,19903049,19903049,19903049,19401003,19401003,19401003,24613539,24613539,24613539,17624337,17624337,17624337,24210790,24210790,24210790,9130910,9130910,9130910,24613539,24613539,24613539,17609243,17609243,17609243,15236995,15236995,15236995,14748845,14748845,14748845,18955785,1895
949,SCARB1,25449831,2454848,11675475,12760253,15588473,10381818,19230253,9436699,26216523,18490013,16750201,19055724,20858448,20537326,24188612,23141164,22017422,10433073,9764347,8738720,15507512,25912412,25194152,20031030,24188612,19429661,25446850,22384446,19903049,19401003,24613539,17624337,24210790,9130910,24613539,17609243,15236995,14748845,18955785,16723371,18644593,15019822,16723371,16762179,17141400,18644593,15019822,25201101,23340055,22883517,22736326,25422360,24661731,22563025,11883311,16644787,12107265,22065163,23011643,17509581,16309234,11163832,19931078,22266326,25134292,16533339,9065182,12372468,15104227,19931078,19931078,17983420,15120698,20063560,20190557,23302395,16249290,23472165,24012197,16084891,24571615,25912412,16750201,11912283,19055724,12029073,24648304,25912412,12934347,16150151,11020520,24127964,20137818,9102363,24018808,22884659,16616093,18849443,25912412,9065182,9043920,22563025,25996258,12934347,16202314,11020520,9886539,24127964,19467764,26054109,22447624,26409150,18222435,21397694,26054109
969,CD69,25449831,25449831,25449831,2454848,2454848,2454848,11675475,11675475,11675475,12760253,12760253,12760253,15588473,15588473,15588473,10381818,10381818,10381818,19230253,19230253,19230253,9436699,9436699,9436699,26216523,26216523,26216523,18490013,18490013,18490013,16750201,16750201,16750201,19055724,19055724,19055724,20858448,20858448,20858448,20537326,20537326,20537326,24188612,24188612,24188612,23141164,23141164,23141164,22017422,22017422,22017422,10433073,10433073,10433073,9764347,9764347,9764347,8738720,8738720,8738720,15507512,15507512,15507512,25912412,25912412,25912412,25194152,25194152,25194152,20031030,20031030,20031030,24188612,24188612,24188612,19429661,19429661,19429661,25446850,25446850,25446850,22384446,22384446,22384446,19903049,19903049,19903049,19401003,19401003,19401003,24613539,24613539,24613539,17624337,17624337,17624337,24210790,24210790,24210790,9130910,9130910,9130910,24613539,24613539,24613539,17609243,17609243,17609243,15236995,15236995,15236995,14748845,14748845,14748845,18955785,1895
3972,LHB,25449831,25449831,25449831,2454848,2454848,2454848,11675475,11675475,11675475,12760253,12760253,12760253,15588473,15588473,15588473,10381818,10381818,10381818,19230253,19230253,19230253,9436699,9436699,9436699,26216523,26216523,26216523,18490013,18490013,18490013,16750201,16750201,16750201,19055724,19055724,19055724,20858448,20858448,20858448,20537326,20537326,20537326,24188612,24188612,24188612,23141164,23141164,23141164,22017422,22017422,22017422,10433073,10433073,10433073,9764347,9764347,9764347,8738720,8738720,8738720,15507512,15507512,15507512,25912412,25912412,25912412,25194152,25194152,25194152,20031030,20031030,20031030,24188612,24188612,24188612,19429661,19429661,19429661,25446850,25446850,25446850,22384446,22384446,22384446,19903049,19903049,19903049,19401003,19401003,19401003,24613539,24613539,24613539,17624337,17624337,17624337,24210790,24210790,24210790,9130910,9130910,9130910,24613539,24613539,24613539,17609243,17609243,17609243,15236995,15236995,15236995,14748845,14748845,14748845,18955785,1895
1215,CMA1,25449831,2454848,11675475,12760253,15588473,10381818,19230253,9436699,26216523,18490013,16750201,19055724,20858448,20537326,24188612,23141164,22017422,10433073,9764347,8738720,15507512,25912412,25194152,20031030,24188612,19429661,25446850,22384446,19903049,19401003,24613539,17624337,24210790,9130910,24613539,17609243,15236995,14748845,18955785,16723371,18644593,15019822,16723371,16762179,17141400,18644593,15019822,25201101,23340055,22883517,22736326,25422360,24661731,22563025,11883311,16644787,12107265,22065163,23011643,17509581,16309234,11163832,19931078,22266326,25134292,16533339,9065182,12372468,15104227,19931078,19931078,17983420,15120698,20063560,20190557,23302395,16249290,23472165,24012197,16084891,24571615,25912412,16750201,11912283,19055724,12029073,24648304,25912412,12934347,16150151,11020520,24127964,20137818,9102363,24018808,22884659,16616093,18849443,25912412,9065182,9043920,22563025,25996258,12934347,16202314,11020520,9886539,24127964,19467764,26054109,22447624,26409150,18222435,21397694,26054109
1234,CCR5,25449831,2454848,11675475,12760253,15588473,10381818,19230253,9436699,26216523,18490013,16750201,19055724,20858448,20537326,24188612,23141164,22017422,10433073,9764347,8738720,15507512,25912412,25194152,20031030,24188612,19429661,25446850,22384446,19903049,19401003,24613539,17624337,24210790,9130910,24613539,17609243,15236995,14748845,18955785,16723371,18644593,15019822,16723371,16762179,17141400,18644593,15019822,25201101,23340055,22883517,22736326,25422360,24661731,22563025,11883311,16644787,12107265,22065163,23011643,17509581,16309234,11163832,19931078,22266326,25134292,16533339,9065182,12372468,15104227,19931078,19931078,17983420,15120698,20063560,20190557,23302395,16249290,23472165,24012197,16084891,24571615,25912412,16750201,11912283,19055724,12029073,24648304,25912412,12934347,16150151,11020520,24127964,20137818,9102363,24018808,22884659,16616093,18849443,25912412,9065182,9043920,22563025,25996258,12934347,16202314,11020520,9886539,24127964,19467764,26054109,22447624,26409150,18222435,21397694,26054109
4925,NUCB2,25449831,2454848,11675475,12760253,15588473,10381818,19230253,9436699,26216523,18490013,16750201,19055724,20858448,20537326,24188612,23141164,22017422,10433073,9764347,8738720,15507512,25912412,25194152,20031030,24188612,19429661,25446850,22384446,19903049,19401003,24613539,17624337,24210790,9130910,24613539,17609243,15236995,14748845,18955785,16723371,18644593,15019822,16723371,16762179,17141400,18644593,15019822,25201101,23340055,22883517,22736326,25422360,24661731,22563025,11883311,16644787,12107265,22065163,23011643,17509581,16309234,11163832,19931078,22266326,25134292,16533339,9065182,12372468,15104227,19931078,19931078,17983420,15120698,20063560,20190557,23302395,16249290,23472165,24012197,16084891,24571615,25912412,16750201,11912283,19055724,12029073,24648304,25912412,12934347,16150151,11020520,24127964,20137818,9102363,24018808,22884659,16616093,18849443,25912412,9065182,9043920,22563025,25996258,12934347,16202314,11020520,9886539,24127964,19467764,26054109,22447624,26409150,18222435,21397694,26054109
1583,CYP11A1,25449831,2454848,11675475,12760253,15588473,10381818,19230253,9436699,26216523,18490013,16750201,19055724,20858448,20537326,24188612,23141164,22017422,10433073,9764347,8738720,15507512,25912412,25194152,20031030,24188612,19429661,25446850,22384446,19903049,19401003,24613539,17624337,24210790,9130910,24613539,17609243,15236995,14748845,18955785,16723371,18644593,15019822,16723371,16762179,17141400,18644593,15019822,25201101,23340055,22883517,22736326,25422360,24661731,22563025,11883311,16644787,12107265,22065163,23011643,17509581,16309234,11163832,19931078,22266326,25134292,16533339,9065182,12372468,15104227,19931078,19931078,17983420,15120698,20063560,20190557,23302395,16249290,23472165,24012197,16084891,24571615,25912412,16750201,11912283,19055724,12029073,24648304,25912412,12934347,16150151,11020520,24127964,20137818,9102363,24018808,22884659,16616093,18849443,25912412,9065182,9043920,22563025,25996258,12934347,16202314,11020520,9886539,24127964,19467764,26054109,22447624,26409150,18222435,21397694,26054109
1958,EGR1,25449831,2454848,11675475,12760253,15588473,10381818,19230253,9436699,26216523,18490013,16750201,19055724,20858448,20537326,24188612,23141164,22017422,10433073,9764347,8738720,15507512,25912412,25194152,20031030,24188612,19429661,25446850,22384446,19903049,19401003,24613539,17624337,24210790,9130910,24613539,17609243,15236995,14748845,18955785,16723371,18644593,15019822,16723371,16762179,17141400,18644593,15019822,25201101,23340055,22883517,22736326,25422360,24661731,22563025,11883311,16644787,12107265,22065163,23011643,17509581,16309234,11163832,19931078,22266326,25134292,16533339,9065182,12372468,15104227,19931078,19931078,17983420,15120698,20063560,20190557,23302395,16249290,23472165,24012197,16084891,24571615,25912412,16750201,11912283,19055724,12029073,24648304,25912412,12934347,16150151,11020520,24127964,20137818,9102363,24018808,22884659,16616093,18849443,25912412,9065182,9043920,22563025,25996258,12934347,16202314,11020520,9886539,24127964,19467764,26054109,22447624,26409150,18222435,21397694,26054109
1978,EIF4EBP1,25449831,2454848,11675475,12760253,15588473,10381818,19230253,9436699,26216523,18490013,16750201,19055724,20858448,20537326,24188612,23141164,22017422,10433073,9764347,8738720,15507512,25912412,25194152,20031030,24188612,19429661,25446850,22384446,19903049,19401003,24613539,17624337,24210790,9130910,24613539,17609243,15236995,14748845,18955785,16723371,18644593,15019822,16723371,16762179,17141400,18644593,15019822,25201101,23340055,22883517,22736326,25422360,24661731,22563025,11883311,16644787,12107265,22065163,23011643,17509581,16309234,11163832,19931078,22266326,25134292,16533339,9065182,12372468,15104227,19931078,19931078,17983420,15120698,20063560,20190557,23302395,16249290,23472165,24012197,16084891,24571615,25912412,16750201,11912283,19055724,12029073,24648304,25912412,12934347,16150151,11020520,24127964,20137818,9102363,24018808,22884659,16616093,18849443,25912412,9065182,9043920,22563025,25996258,12934347,16202314,11020520,9886539,24127964,19467764,26054109,22447624,26409150,18222435,21397694,26054109
2018,EMX2,25449831,2454848,11675475,12760253,15588473,10381818,19230253,9436699,26216523,18490013,16750201,19055724,20858448,20537326,24188612,23141164,22017422,10433073,9764347,8738720,15507512,25912412,25194152,20031030,24188612,19429661,25446850,22384446,19903049,19401003,24613539,17624337,24210790,9130910,24613539,17609243,15236995,14748845,18955785,16723371,18644593,15019822,16723371,16762179,17141400,18644593,15019822,25201101,23340055,22883517,22736326,25422360,24661731,22563025,11883311,16644787,12107265,22065163,23011643,17509581,16309234,11163832,19931078,22266326,25134292,16533339,9065182,12372468,15104227,19931078,19931078,17983420,15120698,20063560,20190557,23302395,16249290,23472165,24012197,16084891,24571615,25912412,16750201,11912283,19055724,12029073,24648304,25912412,12934347,16150151,11020520,24127964,20137818,9102363,24018808,22884659,16616093,18849443,25912412,9065182,9043920,22563025,25996258,12934347,16202314,11020520,9886539,24127964,19467764,26054109,22447624,26409150,18222435,21397694,26054109
2146,EZH2,25449831,2454848,11675475,12760253,15588473,10381818,19230253,9436699,26216523,18490013,16750201,19055724,20858448,20537326,24188612,23141164,22017422,10433073,9764347,8738720,15507512,25912412,25194152,20031030,24188612,19429661,25446850,22384446,19903049,19401003,24613539,17624337,24210790,9130910,24613539,17609243,15236995,14748845,18955785,16723371,18644593,15019822,16723371,16762179,17141400,18644593,15019822,25201101,23340055,22883517,22736326,25422360,24661731,22563025,11883311,16644787,12107265,22065163,23011643,17509581,16309234,11163832,19931078,22266326,25134292,16533339,9065182,12372468,15104227,19931078,19931078,17983420,15120698,20063560,20190557,23302395,16249290,23472165,24012197,16084891,24571615,25912412,16750201,11912283,19055724,12029073,24648304,25912412,12934347,16150151,11020520,24127964,20137818,9102363,24018808,22884659,16616093,18849443,25912412,9065182,9043920,22563025,25996258,12934347,16202314,11020520,9886539,24127964,19467764,26054109,22447624,26409150,18222435,21397694,26054109
2149,F2R,25449831,2454848,11675475,12760253,15588473,10381818,19230253,9436699,26216523,18490013,16750201,19055724,20858448,20537326,24188612,23141164,22017422,10433073,9764347,8738720,15507512,25912412,25194152,20031030,24188612,19429661,25446850,22384446,19903049,19401003,24613539,17624337,24210790,9130910,24613539,17609243,15236995,14748845,18955785,16723371,18644593,15019822,16723371,16762179,17141400,18644593,15019822,25201101,23340055,22883517,22736326,25422360,24661731,22563025,11883311,16644787,12107265,22065163,23011643,17509581,16309234,11163832,19931078,22266326,25134292,16533339,9065182,12372468,15104227,19931078,19931078,17983420,15120698,20063560,20190557,23302395,16249290,23472165,24012197,16084891,24571615,25912412,16750201,11912283,19055724,12029073,24648304,25912412,12934347,16150151,11020520,24127964,20137818,9102363,24018808,22884659,16616093,18849443,25912412,9065182,9043920,22563025,25996258,12934347,16202314,11020520,9886539,24127964,19467764,26054109,22447624,26409150,18222435,21397694,26054109
2150,F2RL1,25449831,2454848,11675475,12760253,15588473,10381818,19230253,9436699,26216523,18490013,16750201,19055724,20858448,20537326,24188612,23141164,22017422,10433073,9764347,8738720,15507512,25912412,25194152,20031030,24188612,19429661,25446850,22384446,19903049,19401003,24613539,17624337,24210790,9130910,24613539,17609243,15236995,14748845,18955785,16723371,18644593,15019822,16723371,16762179,17141400,18644593,15019822,25201101,23340055,22883517,22736326,25422360,24661731,22563025,11883311,16644787,12107265,22065163,23011643,17509581,16309234,11163832,19931078,22266326,25134292,16533339,9065182,12372468,15104227,19931078,19931078,17983420,15120698,20063560,20190557,23302395,16249290,23472165,24012197,16084891,24571615,25912412,16750201,11912283,19055724,12029073,24648304,25912412,12934347,16150151,11020520,24127964,20137818,9102363,24018808,22884659,16616093,18849443,25912412,9065182,9043920,22563025,25996258,12934347,16202314,11020520,9886539,24127964,19467764,26054109,22447624,26409150,18222435,21397694,26054109
7018,TF,25449831,2454848,11675475,12760253,15588473,10381818,19230253,9436699,26216523,18490013,16750201,19055724,20858448,20537326,24188612,23141164,22017422,10433073,9764347,8738720,15507512,25912412,25194152,20031030,24188612,19429661,25446850,22384446,19903049,19401003,24613539,17624337,24210790,9130910,24613539,17609243,15236995,14748845,18955785,16723371,18644593,15019822,16723371,16762179,17141400,18644593,15019822,25201101,23340055,22883517,22736326,25422360,24661731,22563025,11883311,16644787,12107265,22065163,23011643,17509581,16309234,11163832,19931078,22266326,25134292,16533339,9065182,12372468,15104227,19931078,19931078,17983420,15120698,20063560,20190557,23302395,16249290,23472165,24012197,16084891,24571615,25912412,16750201,11912283,19055724,12029073,24648304,25912412,12934347,16150151,11020520,24127964,20137818,9102363,24018808,22884659,16616093,18849443,25912412,9065182,9043920,22563025,25996258,12934347,16202314,11020520,9886539,24127964,19467764,26054109,22447624,26409150,18222435,21397694,26054109
2308,FOXO1,25449831,25449831,2454848,2454848,11675475,11675475,12760253,12760253,15588473,15588473,10381818,10381818,19230253,19230253,9436699,9436699,26216523,26216523,18490013,18490013,16750201,16750201,19055724,19055724,20858448,20858448,20537326,20537326,24188612,24188612,23141164,23141164,22017422,22017422,10433073,10433073,9764347,9764347,8738720,8738720,15507512,15507512,25912412,25912412,25194152,25194152,20031030,20031030,24188612,24188612,19429661,19429661,25446850,25446850,22384446,22384446,19903049,19903049,19401003,19401003,24613539,24613539,17624337,17624337,24210790,24210790,9130910,9130910,24613539,24613539,17609243,17609243,15236995,15236995,14748845,14748845,18955785,18955785,16723371,16723371,18644593,18644593,15019822,15019822,16723371,16723371,16762179,16762179,17141400,17141400,18644593,18644593,15019822,15019822,25201101,25201101,23340055,23340055,22883517,22883517,22736326,22736326,25422360,25422360,24661731,24661731,22563025,22563025,11883311,11883311,16644787,16644787,12107265,12107265,22065163
2322,FLT3,25449831,2454848,11675475,12760253,15588473,10381818,19230253,9436699,26216523,18490013,16750201,19055724,20858448,20537326,24188612,23141164,22017422,10433073,9764347,8738720,15507512,25912412,25194152,20031030,24188612,19429661,25446850,22384446,19903049,19401003,24613539,17624337,24210790,9130910,24613539,17609243,15236995,14748845,18955785,16723371,18644593,15019822,16723371,16762179,17141400,18644593,15019822,25201101,23340055,22883517,22736326,25422360,24661731,22563025,11883311,16644787,12107265,22065163,23011643,17509581,16309234,11163832,19931078,22266326,25134292,16533339,9065182,12372468,15104227,19931078,19931078,17983420,15120698,20063560,20190557,23302395,16249290,23472165,24012197,16084891,24571615,25912412,16750201,11912283,19055724,12029073,24648304,25912412,12934347,16150151,11020520,24127964,20137818,9102363,24018808,22884659,16616093,18849443,25912412,9065182,9043920,22563025,25996258,12934347,16202314,11020520,9886539,24127964,19467764,26054109,22447624,26409150,18222435,21397694,26054109
2335,FN1,25449831,2454848,11675475,12760253,15588473,10381818,19230253,9436699,26216523,18490013,16750201,19055724,20858448,20537326,24188612,23141164,22017422,10433073,9764347,8738720,15507512,25912412,25194152,20031030,24188612,19429661,25446850,22384446,19903049,19401003,24613539,17624337,24210790,9130910,24613539,17609243,15236995,14748845,18955785,16723371,18644593,15019822,16723371,16762179,17141400,18644593,15019822,25201101,23340055,22883517,22736326,25422360,24661731,22563025,11883311,16644787,12107265,22065163,23011643,17509581,16309234,11163832,19931078,22266326,25134292,16533339,9065182,12372468,15104227,19931078,19931078,17983420,15120698,20063560,20190557,23302395,16249290,23472165,24012197,16084891,24571615,25912412,16750201,11912283,19055724,12029073,24648304,25912412,12934347,16150151,11020520,24127964,20137818,9102363,24018808,22884659,16616093,18849443,25912412,9065182,9043920,22563025,25996258,12934347,16202314,11020520,9886539,24127964,19467764,26054109,22447624,26409150,18222435,21397694,26054109
2348,FOLR1,25449831,2454848,11675475,12760253,15588473,10381818,19230253,9436699,26216523,18490013,16750201,19055724,20858448,20537326,24188612,23141164,22017422,10433073,9764347,8738720,15507512,25912412,25194152,20031030,24188612,19429661,25446850,22384446,19903049,19401003,24613539,17624337,24210790,9130910,24613539,17609243,15236995,14748845,18955785,16723371,18644593,15019822,16723371,16762179,17141400,18644593,15019822,25201101,23340055,22883517,22736326,25422360,24661731,22563025,11883311,16644787,12107265,22065163,23011643,17509581,16309234,11163832,19931078,22266326,25134292,16533339,9065182,12372468,15104227,19931078,19931078,17983420,15120698,20063560,20190557,23302395,16249290,23472165,24012197,16084891,24571615,25912412,16750201,11912283,19055724,12029073,24648304,25912412,12934347,16150151,11020520,24127964,20137818,9102363,24018808,22884659,16616093,18849443,25912412,9065182,9043920,22563025,25996258,12934347,16202314,11020520,9886539,24127964,19467764,26054109,22447624,26409150,18222435,21397694,26054109
2624,GATA2,25449831,2454848,11675475,12760253,15588473,10381818,19230253,9436699,26216523,18490013,16750201,19055724,20858448,20537326,24188612,23141164,22017422,10433073,9764347,8738720,15507512,25912412,25194152,20031030,24188612,19429661,25446850,22384446,19903049,19401003,24613539,17624337,24210790,9130910,24613539,17609243,15236995,14748845,18955785,16723371,18644593,15019822,16723371,16762179,17141400,18644593,15019822,25201101,23340055,22883517,22736326,25422360,24661731,22563025,11883311,16644787,12107265,22065163,23011643,17509581,16309234,11163832,19931078,22266326,25134292,16533339,9065182,12372468,15104227,19931078,19931078,17983420,15120698,20063560,20190557,23302395,16249290,23472165,24012197,16084891,24571615,25912412,16750201,11912283,19055724,12029073,24648304,25912412,12934347,16150151,11020520,24127964,20137818,9102363,24018808,22884659,16616093,18849443,25912412,9065182,9043920,22563025,25996258,12934347,16202314,11020520,9886539,24127964,19467764,26054109,22447624,26409150,18222435,21397694,26054109
2625,GATA3,25449831,2454848,11675475,12760253,15588473,10381818,19230253,9436699,26216523,18490013,16750201,19055724,20858448,20537326,24188612,23141164,22017422,10433073,9764347,8738720,15507512,25912412,25194152,20031030,24188612,19429661,25446850,22384446,19903049,19401003,24613539,17624337,24210790,9130910,24613539,17609243,15236995,14748845,18955785,16723371,18644593,15019822,16723371,16762179,17141400,18644593,15019822,25201101,23340055,22883517,22736326,25422360,24661731,22563025,11883311,16644787,12107265,22065163,23011643,17509581,16309234,11163832,19931078,22266326,25134292,16533339,9065182,12372468,15104227,19931078,19931078,17983420,15120698,20063560,20190557,23302395,16249290,23472165,24012197,16084891,24571615,25912412,16750201,11912283,19055724,12029073,24648304,25912412,12934347,16150151,11020520,24127964,20137818,9102363,24018808,22884659,16616093,18849443,25912412,9065182,9043920,22563025,25996258,12934347,16202314,11020520,9886539,24127964,19467764,26054109,22447624,26409150,18222435,21397694,26054109
2627,GATA6,25449831,2454848,11675475,12760253,15588473,10381818,19230253,9436699,26216523,18490013,16750201,19055724,20858448,20537326,24188612,23141164,22017422,10433073,9764347,8738720,15507512,25912412,25194152,20031030,24188612,19429661,25446850,22384446,19903049,19401003,24613539,17624337,24210790,9130910,24613539,17609243,15236995,14748845,18955785,16723371,18644593,15019822,16723371,16762179,17141400,18644593,15019822,25201101,23340055,22883517,22736326,25422360,24661731,22563025,11883311,16644787,12107265,22065163,23011643,17509581,16309234,11163832,19931078,22266326,25134292,16533339,9065182,12372468,15104227,19931078,19931078,17983420,15120698,20063560,20190557,23302395,16249290,23472165,24012197,16084891,24571615,25912412,16750201,11912283,19055724,12029073,24648304,25912412,12934347,16150151,11020520,24127964,20137818,9102363,24018808,22884659,16616093,18849443,25912412,9065182,9043920,22563025,25996258,12934347,16202314,11020520,9886539,24127964,19467764,26054109,22447624,26409150,18222435,21397694,26054109
2876,GPX1,25449831,2454848,11675475,12760253,15588473,10381818,19230253,9436699,26216523,18490013,16750201,19055724,20858448,20537326,24188612,23141164,22017422,10433073,9764347,8738720,15507512,25912412,25194152,20031030,24188612,19429661,25446850,22384446,19903049,19401003,24613539,17624337,24210790,9130910,24613539,17609243,15236995,14748845,18955785,16723371,18644593,15019822,16723371,16762179,17141400,18644593,15019822,25201101,23340055,22883517,22736326,25422360,24661731,22563025,11883311,16644787,12107265,22065163,23011643,17509581,16309234,11163832,19931078,22266326,25134292,16533339,9065182,12372468,15104227,19931078,19931078,17983420,15120698,20063560,20190557,23302395,16249290,23472165,24012197,16084891,24571615,25912412,16750201,11912283,19055724,12029073,24648304,25912412,12934347,16150151,11020520,24127964,20137818,9102363,24018808,22884659,16616093,18849443,25912412,9065182,9043920,22563025,25996258,12934347,16202314,11020520,9886539,24127964,19467764,26054109,22447624,26409150,18222435,21397694,26054109
2908,NR3C1,25449831,2454848,11675475,12760253,15588473,10381818,19230253,9436699,26216523,18490013,16750201,19055724,20858448,20537326,24188612,23141164,22017422,10433073,9764347,8738720,15507512,25912412,25194152,20031030,24188612,19429661,25446850,22384446,19903049,19401003,24613539,17624337,24210790,9130910,24613539,17609243,15236995,14748845,18955785,16723371,18644593,15019822,16723371,16762179,17141400,18644593,15019822,25201101,23340055,22883517,22736326,25422360,24661731,22563025,11883311,16644787,12107265,22065163,23011643,17509581,16309234,11163832,19931078,22266326,25134292,16533339,9065182,12372468,15104227,19931078,19931078,17983420,15120698,20063560,20190557,23302395,16249290,23472165,24012197,16084891,24571615,25912412,16750201,11912283,19055724,12029073,24648304,25912412,12934347,16150151,11020520,24127964,20137818,9102363,24018808,22884659,16616093,18849443,25912412,9065182,9043920,22563025,25996258,12934347,16202314,11020520,9886539,24127964,19467764,26054109,22447624,26409150,18222435,21397694,26054109
2932,GSK3B,25449831,2454848,11675475,12760253,15588473,10381818,19230253,9436699,26216523,18490013,16750201,19055724,20858448,20537326,24188612,23141164,22017422,10433073,9764347,8738720,15507512,25912412,25194152,20031030,24188612,19429661,25446850,22384446,19903049,19401003,24613539,17624337,24210790,9130910,24613539,17609243,15236995,14748845,18955785,16723371,18644593,15019822,16723371,16762179,17141400,18644593,15019822,25201101,23340055,22883517,22736326,25422360,24661731,22563025,11883311,16644787,12107265,22065163,23011643,17509581,16309234,11163832,19931078,22266326,25134292,16533339,9065182,12372468,15104227,19931078,19931078,17983420,15120698,20063560,20190557,23302395,16249290,23472165,24012197,16084891,24571615,25912412,16750201,11912283,19055724,12029073,24648304,25912412,12934347,16150151,11020520,24127964,20137818,9102363,24018808,22884659,16616093,18849443,25912412,9065182,9043920,22563025,25996258,12934347,16202314,11020520,9886539,24127964,19467764,26054109,22447624,26409150,18222435,21397694,26054109
2944,GSTM1,25449831,2454848,11675475,12760253,15588473,10381818,19230253,9436699,26216523,18490013,16750201,19055724,20858448,20537326,24188612,23141164,22017422,10433073,9764347,8738720,15507512,25912412,25194152,20031030,24188612,19429661,25446850,22384446,19903049,19401003,24613539,17624337,24210790,9130910,24613539,17609243,15236995,14748845,18955785,16723371,18644593,15019822,16723371,16762179,17141400,18644593,15019822,25201101,23340055,22883517,22736326,25422360,24661731,22563025,11883311,16644787,12107265,22065163,23011643,17509581,16309234,11163832,19931078,22266326,25134292,16533339,9065182,12372468,15104227,19931078,19931078,17983420,15120698,20063560,20190557,23302395,16249290,23472165,24012197,16084891,24571615,25912412,16750201,11912283,19055724,12029073,24648304,25912412,12934347,16150151,11020520,24127964,20137818,9102363,24018808,22884659,16616093,18849443,25912412,9065182,9043920,22563025,25996258,12934347,16202314,11020520,9886539,24127964,19467764,26054109,22447624,26409150,18222435,21397694,26054109
2950,GSTP1,25449831,2454848,11675475,12760253,15588473,10381818,19230253,9436699,26216523,18490013,16750201,19055724,20858448,20537326,24188612,23141164,22017422,10433073,9764347,8738720,15507512,25912412,25194152,20031030,24188612,19429661,25446850,22384446,19903049,19401003,24613539,17624337,24210790,9130910,24613539,17609243,15236995,14748845,18955785,16723371,18644593,15019822,16723371,16762179,17141400,18644593,15019822,25201101,23340055,22883517,22736326,25422360,24661731,22563025,11883311,16644787,12107265,22065163,23011643,17509581,16309234,11163832,19931078,22266326,25134292,16533339,9065182,12372468,15104227,19931078,19931078,17983420,15120698,20063560,20190557,23302395,16249290,23472165,24012197,16084891,24571615,25912412,16750201,11912283,19055724,12029073,24648304,25912412,12934347,16150151,11020520,24127964,20137818,9102363,24018808,22884659,16616093,18849443,25912412,9065182,9043920,22563025,25996258,12934347,16202314,11020520,9886539,24127964,19467764,26054109,22447624,26409150,18222435,21397694,26054109
726,CAPN5,25449831,2454848,11675475,12760253,15588473,10381818,19230253,9436699,26216523,18490013,16750201,19055724,20858448,20537326,24188612,23141164,22017422,10433073,9764347,8738720,15507512,25912412,25194152,20031030,24188612,19429661,25446850,22384446,19903049,19401003,24613539,17624337,24210790,9130910,24613539,17609243,15236995,14748845,18955785,16723371,18644593,15019822,16723371,16762179,17141400,18644593,15019822,25201101,23340055,22883517,22736326,25422360,24661731,22563025,11883311,16644787,12107265,22065163,23011643,17509581,16309234,11163832,19931078,22266326,25134292,16533339,9065182,12372468,15104227,19931078,19931078,17983420,15120698,20063560,20190557,23302395,16249290,23472165,24012197,16084891,24571615,25912412,16750201,11912283,19055724,12029073,24648304,25912412,12934347,16150151,11020520,24127964,20137818,9102363,24018808,22884659,16616093,18849443,25912412,9065182,9043920,22563025,25996258,12934347,16202314,11020520,9886539,24127964,19467764,26054109,22447624,26409150,18222435,21397694,26054109
3291,HSD11B2,25449831,2454848,11675475,12760253,15588473,10381818,19230253,9436699,26216523,18490013,16750201,19055724,20858448,20537326,24188612,23141164,22017422,10433073,9764347,8738720,15507512,25912412,25194152,20031030,24188612,19429661,25446850,22384446,19903049,19401003,24613539,17624337,24210790,9130910,24613539,17609243,15236995,14748845,18955785,16723371,18644593,15019822,16723371,16762179,17141400,18644593,15019822,25201101,23340055,22883517,22736326,25422360,24661731,22563025,11883311,16644787,12107265,22065163,23011643,17509581,16309234,11163832,19931078,22266326,25134292,16533339,9065182,12372468,15104227,19931078,19931078,17983420,15120698,20063560,20190557,23302395,16249290,23472165,24012197,16084891,24571615,25912412,16750201,11912283,19055724,12029073,24648304,25912412,12934347,16150151,11020520,24127964,20137818,9102363,24018808,22884659,16616093,18849443,25912412,9065182,9043920,22563025,25996258,12934347,16202314,11020520,9886539,24127964,19467764,26054109,22447624,26409150,18222435,21397694,26054109
3310,HSPA6,25449831,2454848,11675475,12760253,15588473,10381818,19230253,9436699,26216523,18490013,16750201,19055724,20858448,20537326,24188612,23141164,22017422,10433073,9764347,8738720,15507512,25912412,25194152,20031030,24188612,19429661,25446850,22384446,19903049,19401003,24613539,17624337,24210790,9130910,24613539,17609243,15236995,14748845,18955785,16723371,18644593,15019822,16723371,16762179,17141400,18644593,15019822,25201101,23340055,22883517,22736326,25422360,24661731,22563025,11883311,16644787,12107265,22065163,23011643,17509581,16309234,11163832,19931078,22266326,25134292,16533339,9065182,12372468,15104227,19931078,19931078,17983420,15120698,20063560,20190557,23302395,16249290,23472165,24012197,16084891,24571615,25912412,16750201,11912283,19055724,12029073,24648304,25912412,12934347,16150151,11020520,24127964,20137818,9102363,24018808,22884659,16616093,18849443,25912412,9065182,9043920,22563025,25996258,12934347,16202314,11020520,9886539,24127964,19467764,26054109,22447624,26409150,18222435,21397694,26054109
3480,IGF1R,25449831,2454848,11675475,12760253,15588473,10381818,19230253,9436699,26216523,18490013,16750201,19055724,20858448,20537326,24188612,23141164,22017422,10433073,9764347,8738720,15507512,25912412,25194152,20031030,24188612,19429661,25446850,22384446,19903049,19401003,24613539,17624337,24210790,9130910,24613539,17609243,15236995,14748845,18955785,16723371,18644593,15019822,16723371,16762179,17141400,18644593,15019822,25201101,23340055,22883517,22736326,25422360,24661731,22563025,11883311,16644787,12107265,22065163,23011643,17509581,16309234,11163832,19931078,22266326,25134292,16533339,9065182,12372468,15104227,19931078,19931078,17983420,15120698,20063560,20190557,23302395,16249290,23472165,24012197,16084891,24571615,25912412,16750201,11912283,19055724,12029073,24648304,25912412,12934347,16150151,11020520,24127964,20137818,9102363,24018808,22884659,16616093,18849443,25912412,9065182,9043920,22563025,25996258,12934347,16202314,11020520,9886539,24127964,19467764,26054109,22447624,26409150,18222435,21397694,26054109
3500,IGHG1,25449831,2454848,11675475,12760253,15588473,10381818,19230253,9436699,26216523,18490013,16750201,19055724,20858448,20537326,24188612,23141164,22017422,10433073,9764347,8738720,15507512,25912412,25194152,20031030,24188612,19429661,25446850,22384446,19903049,19401003,24613539,17624337,24210790,9130910,24613539,17609243,15236995,14748845,18955785,16723371,18644593,15019822,16723371,16762179,17141400,18644593,15019822,25201101,23340055,22883517,22736326,25422360,24661731,22563025,11883311,16644787,12107265,22065163,23011643,17509581,16309234,11163832,19931078,22266326,25134292,16533339,9065182,12372468,15104227,19931078,19931078,17983420,15120698,20063560,20190557,23302395,16249290,23472165,24012197,16084891,24571615,25912412,16750201,11912283,19055724,12029073,24648304,25912412,12934347,16150151,11020520,24127964,20137818,9102363,24018808,22884659,16616093,18849443,25912412,9065182,9043920,22563025,25996258,12934347,16202314,11020520,9886539,24127964,19467764,26054109,22447624,26409150,18222435,21397694,26054109
3514,IGKC,25449831,2454848,11675475,12760253,15588473,10381818,19230253,9436699,26216523,18490013,16750201,19055724,20858448,20537326,24188612,23141164,22017422,10433073,9764347,8738720,15507512,25912412,25194152,20031030,24188612,19429661,25446850,22384446,19903049,19401003,24613539,17624337,24210790,9130910,24613539,17609243,15236995,14748845,18955785,16723371,18644593,15019822,16723371,16762179,17141400,18644593,15019822,25201101,23340055,22883517,22736326,25422360,24661731,22563025,11883311,16644787,12107265,22065163,23011643,17509581,16309234,11163832,19931078,22266326,25134292,16533339,9065182,12372468,15104227,19931078,19931078,17983420,15120698,20063560,20190557,23302395,16249290,23472165,24012197,16084891,24571615,25912412,16750201,11912283,19055724,12029073,24648304,25912412,12934347,16150151,11020520,24127964,20137818,9102363,24018808,22884659,16616093,18849443,25912412,9065182,9043920,22563025,25996258,12934347,16202314,11020520,9886539,24127964,19467764,26054109,22447624,26409150,18222435,21397694,26054109
3549,IHH,25449831,2454848,11675475,12760253,15588473,10381818,19230253,9436699,26216523,18490013,16750201,19055724,20858448,20537326,24188612,23141164,22017422,10433073,9764347,8738720,15507512,25912412,25194152,20031030,24188612,19429661,25446850,22384446,19903049,19401003,24613539,17624337,24210790,9130910,24613539,17609243,15236995,14748845,18955785,16723371,18644593,15019822,16723371,16762179,17141400,18644593,15019822,25201101,23340055,22883517,22736326,25422360,24661731,22563025,11883311,16644787,12107265,22065163,23011643,17509581,16309234,11163832,19931078,22266326,25134292,16533339,9065182,12372468,15104227,19931078,19931078,17983420,15120698,20063560,20190557,23302395,16249290,23472165,24012197,16084891,24571615,25912412,16750201,11912283,19055724,12029073,24648304,25912412,12934347,16150151,11020520,24127964,20137818,9102363,24018808,22884659,16616093,18849443,25912412,9065182,9043920,22563025,25996258,12934347,16202314,11020520,9886539,24127964,19467764,26054109,22447624,26409150,18222435,21397694,26054109
3552,IL1A,25449831,2454848,11675475,12760253,15588473,10381818,19230253,9436699,26216523,18490013,16750201,19055724,20858448,20537326,24188612,23141164,22017422,10433073,9764347,8738720,15507512,25912412,25194152,20031030,24188612,19429661,25446850,22384446,19903049,19401003,24613539,17624337,24210790,9130910,24613539,17609243,15236995,14748845,18955785,16723371,18644593,15019822,16723371,16762179,17141400,18644593,15019822,25201101,23340055,22883517,22736326,25422360,24661731,22563025,11883311,16644787,12107265,22065163,23011643,17509581,16309234,11163832,19931078,22266326,25134292,16533339,9065182,12372468,15104227,19931078,19931078,17983420,15120698,20063560,20190557,23302395,16249290,23472165,24012197,16084891,24571615,25912412,16750201,11912283,19055724,12029073,24648304,25912412,12934347,16150151,11020520,24127964,20137818,9102363,24018808,22884659,16616093,18849443,25912412,9065182,9043920,22563025,25996258,12934347,16202314,11020520,9886539,24127964,19467764,26054109,22447624,26409150,18222435,21397694,26054109
3606,IL18,25449831,2454848,11675475,12760253,15588473,10381818,19230253,9436699,26216523,18490013,16750201,19055724,20858448,20537326,24188612,23141164,22017422,10433073,9764347,8738720,15507512,25912412,25194152,20031030,24188612,19429661,25446850,22384446,19903049,19401003,24613539,17624337,24210790,9130910,24613539,17609243,15236995,14748845,18955785,16723371,18644593,15019822,16723371,16762179,17141400,18644593,15019822,25201101,23340055,22883517,22736326,25422360,24661731,22563025,11883311,16644787,12107265,22065163,23011643,17509581,16309234,11163832,19931078,22266326,25134292,16533339,9065182,12372468,15104227,19931078,19931078,17983420,15120698,20063560,20190557,23302395,16249290,23472165,24012197,16084891,24571615,25912412,16750201,11912283,19055724,12029073,24648304,25912412,12934347,16150151,11020520,24127964,20137818,9102363,24018808,22884659,16616093,18849443,25912412,9065182,9043920,22563025,25996258,12934347,16202314,11020520,9886539,24127964,19467764,26054109,22447624,26409150,18222435,21397694,26054109
3673,ITGA2,25449831,2454848,11675475,12760253,15588473,10381818,19230253,9436699,26216523,18490013,16750201,19055724,20858448,20537326,24188612,23141164,22017422,10433073,9764347,8738720,15507512,25912412,25194152,20031030,24188612,19429661,25446850,22384446,19903049,19401003,24613539,17624337,24210790,9130910,24613539,17609243,15236995,14748845,18955785,16723371,18644593,15019822,16723371,16762179,17141400,18644593,15019822,25201101,23340055,22883517,22736326,25422360,24661731,22563025,11883311,16644787,12107265,22065163,23011643,17509581,16309234,11163832,19931078,22266326,25134292,16533339,9065182,12372468,15104227,19931078,19931078,17983420,15120698,20063560,20190557,23302395,16249290,23472165,24012197,16084891,24571615,25912412,16750201,11912283,19055724,12029073,24648304,25912412,12934347,16150151,11020520,24127964,20137818,9102363,24018808,22884659,16616093,18849443,25912412,9065182,9043920,22563025,25996258,12934347,16202314,11020520,9886539,24127964,19467764,26054109,22447624,26409150,18222435,21397694,26054109
3690,ITGB3,25449831,2454848,11675475,12760253,15588473,10381818,19230253,9436699,26216523,18490013,16750201,19055724,20858448,20537326,24188612,23141164,22017422,10433073,9764347,8738720,15507512,25912412,25194152,20031030,24188612,19429661,25446850,22384446,19903049,19401003,24613539,17624337,24210790,9130910,24613539,17609243,15236995,14748845,18955785,16723371,18644593,15019822,16723371,16762179,17141400,18644593,15019822,25201101,23340055,22883517,22736326,25422360,24661731,22563025,11883311,16644787,12107265,22065163,23011643,17509581,16309234,11163832,19931078,22266326,25134292,16533339,9065182,12372468,15104227,19931078,19931078,17983420,15120698,20063560,20190557,23302395,16249290,23472165,24012197,16084891,24571615,25912412,16750201,11912283,19055724,12029073,24648304,25912412,12934347,16150151,11020520,24127964,20137818,9102363,24018808,22884659,16616093,18849443,25912412,9065182,9043920,22563025,25996258,12934347,16202314,11020520,9886539,24127964,19467764,26054109,22447624,26409150,18222435,21397694,26054109
3732,CD82,25449831,2454848,11675475,12760253,15588473,10381818,19230253,9436699,26216523,18490013,16750201,19055724,20858448,20537326,24188612,23141164,22017422,10433073,9764347,8738720,15507512,25912412,25194152,20031030,24188612,19429661,25446850,22384446,19903049,19401003,24613539,17624337,24210790,9130910,24613539,17609243,15236995,14748845,18955785,16723371,18644593,15019822,16723371,16762179,17141400,18644593,15019822,25201101,23340055,22883517,22736326,25422360,24661731,22563025,11883311,16644787,12107265,22065163,23011643,17509581,16309234,11163832,19931078,22266326,25134292,16533339,9065182,12372468,15104227,19931078,19931078,17983420,15120698,20063560,20190557,23302395,16249290,23472165,24012197,16084891,24571615,25912412,16750201,11912283,19055724,12029073,24648304,25912412,12934347,16150151,11020520,24127964,20137818,9102363,24018808,22884659,16616093,18849443,25912412,9065182,9043920,22563025,25996258,12934347,16202314,11020520,9886539,24127964,19467764,26054109,22447624,26409150,18222435,21397694,26054109
4018,LPA,25449831,2454848,11675475,12760253,15588473,10381818,19230253,9436699,26216523,18490013,16750201,19055724,20858448,20537326,24188612,23141164,22017422,10433073,9764347,8738720,15507512,25912412,25194152,20031030,24188612,19429661,25446850,22384446,19903049,19401003,24613539,17624337,24210790,9130910,24613539,17609243,15236995,14748845,18955785,16723371,18644593,15019822,16723371,16762179,17141400,18644593,15019822,25201101,23340055,22883517,22736326,25422360,24661731,22563025,11883311,16644787,12107265,22065163,23011643,17509581,16309234,11163832,19931078,22266326,25134292,16533339,9065182,12372468,15104227,19931078,19931078,17983420,15120698,20063560,20190557,23302395,16249290,23472165,24012197,16084891,24571615,25912412,16750201,11912283,19055724,12029073,24648304,25912412,12934347,16150151,11020520,24127964,20137818,9102363,24018808,22884659,16616093,18849443,25912412,9065182,9043920,22563025,25996258,12934347,16202314,11020520,9886539,24127964,19467764,26054109,22447624,26409150,18222435,21397694,26054109
4312,MMP1,25449831,2454848,11675475,12760253,15588473,10381818,19230253,9436699,26216523,18490013,16750201,19055724,20858448,20537326,24188612,23141164,22017422,10433073,9764347,8738720,15507512,25912412,25194152,20031030,24188612,19429661,25446850,22384446,19903049,19401003,24613539,17624337,24210790,9130910,24613539,17609243,15236995,14748845,18955785,16723371,18644593,15019822,16723371,16762179,17141400,18644593,15019822,25201101,23340055,22883517,22736326,25422360,24661731,22563025,11883311,16644787,12107265,22065163,23011643,17509581,16309234,11163832,19931078,22266326,25134292,16533339,9065182,12372468,15104227,19931078,19931078,17983420,15120698,20063560,20190557,23302395,16249290,23472165,24012197,16084891,24571615,25912412,16750201,11912283,19055724,12029073,24648304,25912412,12934347,16150151,11020520,24127964,20137818,9102363,24018808,22884659,16616093,18849443,25912412,9065182,9043920,22563025,25996258,12934347,16202314,11020520,9886539,24127964,19467764,26054109,22447624,26409150,18222435,21397694,26054109
4669,NAGLU,25449831,2454848,11675475,12760253,15588473,10381818,19230253,9436699,26216523,18490013,16750201,19055724,20858448,20537326,24188612,23141164,22017422,10433073,9764347,8738720,15507512,25912412,25194152,20031030,24188612,19429661,25446850,22384446,19903049,19401003,24613539,17624337,24210790,9130910,24613539,17609243,15236995,14748845,18955785,16723371,18644593,15019822,16723371,16762179,17141400,18644593,15019822,25201101,23340055,22883517,22736326,25422360,24661731,22563025,11883311,16644787,12107265,22065163,23011643,17509581,16309234,11163832,19931078,22266326,25134292,16533339,9065182,12372468,15104227,19931078,19931078,17983420,15120698,20063560,20190557,23302395,16249290,23472165,24012197,16084891,24571615,25912412,16750201,11912283,19055724,12029073,24648304,25912412,12934347,16150151,11020520,24127964,20137818,9102363,24018808,22884659,16616093,18849443,25912412,9065182,9043920,22563025,25996258,12934347,16202314,11020520,9886539,24127964,19467764,26054109,22447624,26409150,18222435,21397694,26054109
5049,PAFAH1B2,25449831,2454848,11675475,12760253,15588473,10381818,19230253,9436699,26216523,18490013,16750201,19055724,20858448,20537326,24188612,23141164,22017422,10433073,9764347,8738720,15507512,25912412,25194152,20031030,24188612,19429661,25446850,22384446,19903049,19401003,24613539,17624337,24210790,9130910,24613539,17609243,15236995,14748845,18955785,16723371,18644593,15019822,16723371,16762179,17141400,18644593,15019822,25201101,23340055,22883517,22736326,25422360,24661731,22563025,11883311,16644787,12107265,22065163,23011643,17509581,16309234,11163832,19931078,22266326,25134292,16533339,9065182,12372468,15104227,19931078,19931078,17983420,15120698,20063560,20190557,23302395,16249290,23472165,24012197,16084891,24571615,25912412,16750201,11912283,19055724,12029073,24648304,25912412,12934347,16150151,11020520,24127964,20137818,9102363,24018808,22884659,16616093,18849443,25912412,9065182,9043920,22563025,25996258,12934347,16202314,11020520,9886539,24127964,19467764,26054109,22447624,26409150,18222435,21397694,26054109
5055,SERPINB2,25449831,2454848,11675475,12760253,15588473,10381818,19230253,9436699,26216523,18490013,16750201,19055724,20858448,20537326,24188612,23141164,22017422,10433073,9764347,8738720,15507512,25912412,25194152,20031030,24188612,19429661,25446850,22384446,19903049,19401003,24613539,17624337,24210790,9130910,24613539,17609243,15236995,14748845,18955785,16723371,18644593,15019822,16723371,16762179,17141400,18644593,15019822,25201101,23340055,22883517,22736326,25422360,24661731,22563025,11883311,16644787,12107265,22065163,23011643,17509581,16309234,11163832,19931078,22266326,25134292,16533339,9065182,12372468,15104227,19931078,19931078,17983420,15120698,20063560,20190557,23302395,16249290,23472165,24012197,16084891,24571615,25912412,16750201,11912283,19055724,12029073,24648304,25912412,12934347,16150151,11020520,24127964,20137818,9102363,24018808,22884659,16616093,18849443,25912412,9065182,9043920,22563025,25996258,12934347,16202314,11020520,9886539,24127964,19467764,26054109,22447624,26409150,18222435,21397694,26054109
5058,PAK1,25449831,2454848,11675475,12760253,15588473,10381818,19230253,9436699,26216523,18490013,16750201,19055724,20858448,20537326,24188612,23141164,22017422,10433073,9764347,8738720,15507512,25912412,25194152,20031030,24188612,19429661,25446850,22384446,19903049,19401003,24613539,17624337,24210790,9130910,24613539,17609243,15236995,14748845,18955785,16723371,18644593,15019822,16723371,16762179,17141400,18644593,15019822,25201101,23340055,22883517,22736326,25422360,24661731,22563025,11883311,16644787,12107265,22065163,23011643,17509581,16309234,11163832,19931078,22266326,25134292,16533339,9065182,12372468,15104227,19931078,19931078,17983420,15120698,20063560,20190557,23302395,16249290,23472165,24012197,16084891,24571615,25912412,16750201,11912283,19055724,12029073,24648304,25912412,12934347,16150151,11020520,24127964,20137818,9102363,24018808,22884659,16616093,18849443,25912412,9065182,9043920,22563025,25996258,12934347,16202314,11020520,9886539,24127964,19467764,26054109,22447624,26409150,18222435,21397694,26054109
5076,PAX2,25449831,2454848,11675475,12760253,15588473,10381818,19230253,9436699,26216523,18490013,16750201,19055724,20858448,20537326,24188612,23141164,22017422,10433073,9764347,8738720,15507512,25912412,25194152,20031030,24188612,19429661,25446850,22384446,19903049,19401003,24613539,17624337,24210790,9130910,24613539,17609243,15236995,14748845,18955785,16723371,18644593,15019822,16723371,16762179,17141400,18644593,15019822,25201101,23340055,22883517,22736326,25422360,24661731,22563025,11883311,16644787,12107265,22065163,23011643,17509581,16309234,11163832,19931078,22266326,25134292,16533339,9065182,12372468,15104227,19931078,19931078,17983420,15120698,20063560,20190557,23302395,16249290,23472165,24012197,16084891,24571615,25912412,16750201,11912283,19055724,12029073,24648304,25912412,12934347,16150151,11020520,24127964,20137818,9102363,24018808,22884659,16616093,18849443,25912412,9065182,9043920,22563025,25996258,12934347,16202314,11020520,9886539,24127964,19467764,26054109,22447624,26409150,18222435,21397694,26054109
5154,PDGFA,25449831,2454848,11675475,12760253,15588473,10381818,19230253,9436699,26216523,18490013,16750201,19055724,20858448,20537326,24188612,23141164,22017422,10433073,9764347,8738720,15507512,25912412,25194152,20031030,24188612,19429661,25446850,22384446,19903049,19401003,24613539,17624337,24210790,9130910,24613539,17609243,15236995,14748845,18955785,16723371,18644593,15019822,16723371,16762179,17141400,18644593,15019822,25201101,23340055,22883517,22736326,25422360,24661731,22563025,11883311,16644787,12107265,22065163,23011643,17509581,16309234,11163832,19931078,22266326,25134292,16533339,9065182,12372468,15104227,19931078,19931078,17983420,15120698,20063560,20190557,23302395,16249290,23472165,24012197,16084891,24571615,25912412,16750201,11912283,19055724,12029073,24648304,25912412,12934347,16150151,11020520,24127964,20137818,9102363,24018808,22884659,16616093,18849443,25912412,9065182,9043920,22563025,25996258,12934347,16202314,11020520,9886539,24127964,19467764,26054109,22447624,26409150,18222435,21397694,26054109
5176,SERPINF1,25449831,2454848,11675475,12760253,15588473,10381818,19230253,9436699,26216523,18490013,16750201,19055724,20858448,20537326,24188612,23141164,22017422,10433073,9764347,8738720,15507512,25912412,25194152,20031030,24188612,19429661,25446850,22384446,19903049,19401003,24613539,17624337,24210790,9130910,24613539,17609243,15236995,14748845,18955785,16723371,18644593,15019822,16723371,16762179,17141400,18644593,15019822,25201101,23340055,22883517,22736326,25422360,24661731,22563025,11883311,16644787,12107265,22065163,23011643,17509581,16309234,11163832,19931078,22266326,25134292,16533339,9065182,12372468,15104227,19931078,19931078,17983420,15120698,20063560,20190557,23302395,16249290,23472165,24012197,16084891,24571615,25912412,16750201,11912283,19055724,12029073,24648304,25912412,12934347,16150151,11020520,24127964,20137818,9102363,24018808,22884659,16616093,18849443,25912412,9065182,9043920,22563025,25996258,12934347,16202314,11020520,9886539,24127964,19467764,26054109,22447624,26409150,18222435,21397694,26054109
5295,PIK3R1,25449831,2454848,11675475,12760253,15588473,10381818,19230253,9436699,26216523,18490013,16750201,19055724,20858448,20537326,24188612,23141164,22017422,10433073,9764347,8738720,15507512,25912412,25194152,20031030,24188612,19429661,25446850,22384446,19903049,19401003,24613539,17624337,24210790,9130910,24613539,17609243,15236995,14748845,18955785,16723371,18644593,15019822,16723371,16762179,17141400,18644593,15019822,25201101,23340055,22883517,22736326,25422360,24661731,22563025,11883311,16644787,12107265,22065163,23011643,17509581,16309234,11163832,19931078,22266326,25134292,16533339,9065182,12372468,15104227,19931078,19931078,17983420,15120698,20063560,20190557,23302395,16249290,23472165,24012197,16084891,24571615,25912412,16750201,11912283,19055724,12029073,24648304,25912412,12934347,16150151,11020520,24127964,20137818,9102363,24018808,22884659,16616093,18849443,25912412,9065182,9043920,22563025,25996258,12934347,16202314,11020520,9886539,24127964,19467764,26054109,22447624,26409150,18222435,21397694,26054109
5333,PLCD1,25449831,2454848,11675475,12760253,15588473,10381818,19230253,9436699,26216523,18490013,16750201,19055724,20858448,20537326,24188612,23141164,22017422,10433073,9764347,8738720,15507512,25912412,25194152,20031030,24188612,19429661,25446850,22384446,19903049,19401003,24613539,17624337,24210790,9130910,24613539,17609243,15236995,14748845,18955785,16723371,18644593,15019822,16723371,16762179,17141400,18644593,15019822,25201101,23340055,22883517,22736326,25422360,24661731,22563025,11883311,16644787,12107265,22065163,23011643,17509581,16309234,11163832,19931078,22266326,25134292,16533339,9065182,12372468,15104227,19931078,19931078,17983420,15120698,20063560,20190557,23302395,16249290,23472165,24012197,16084891,24571615,25912412,16750201,11912283,19055724,12029073,24648304,25912412,12934347,16150151,11020520,24127964,20137818,9102363,24018808,22884659,16616093,18849443,25912412,9065182,9043920,22563025,25996258,12934347,16202314,11020520,9886539,24127964,19467764,26054109,22447624,26409150,18222435,21397694,26054109
5925,RB1,25449831,2454848,11675475,12760253,15588473,10381818,19230253,9436699,26216523,18490013,16750201,19055724,20858448,20537326,24188612,23141164,22017422,10433073,9764347,8738720,15507512,25912412,25194152,20031030,24188612,19429661,25446850,22384446,19903049,19401003,24613539,17624337,24210790,9130910,24613539,17609243,15236995,14748845,18955785,16723371,18644593,15019822,16723371,16762179,17141400,18644593,15019822,25201101,23340055,22883517,22736326,25422360,24661731,22563025,11883311,16644787,12107265,22065163,23011643,17509581,16309234,11163832,19931078,22266326,25134292,16533339,9065182,12372468,15104227,19931078,19931078,17983420,15120698,20063560,20190557,23302395,16249290,23472165,24012197,16084891,24571615,25912412,16750201,11912283,19055724,12029073,24648304,25912412,12934347,16150151,11020520,24127964,20137818,9102363,24018808,22884659,16616093,18849443,25912412,9065182,9043920,22563025,25996258,12934347,16202314,11020520,9886539,24127964,19467764,26054109,22447624,26409150,18222435,21397694,26054109
6348,CCL3,25449831,2454848,11675475,12760253,15588473,10381818,19230253,9436699,26216523,18490013,16750201,19055724,20858448,20537326,24188612,23141164,22017422,10433073,9764347,8738720,15507512,25912412,25194152,20031030,24188612,19429661,25446850,22384446,19903049,19401003,24613539,17624337,24210790,9130910,24613539,17609243,15236995,14748845,18955785,16723371,18644593,15019822,16723371,16762179,17141400,18644593,15019822,25201101,23340055,22883517,22736326,25422360,24661731,22563025,11883311,16644787,12107265,22065163,23011643,17509581,16309234,11163832,19931078,22266326,25134292,16533339,9065182,12372468,15104227,19931078,19931078,17983420,15120698,20063560,20190557,23302395,16249290,23472165,24012197,16084891,24571615,25912412,16750201,11912283,19055724,12029073,24648304,25912412,12934347,16150151,11020520,24127964,20137818,9102363,24018808,22884659,16616093,18849443,25912412,9065182,9043920,22563025,25996258,12934347,16202314,11020520,9886539,24127964,19467764,26054109,22447624,26409150,18222435,21397694,26054109
6354,CCL7,25449831,2454848,11675475,12760253,15588473,10381818,19230253,9436699,26216523,18490013,16750201,19055724,20858448,20537326,24188612,23141164,22017422,10433073,9764347,8738720,15507512,25912412,25194152,20031030,24188612,19429661,25446850,22384446,19903049,19401003,24613539,17624337,24210790,9130910,24613539,17609243,15236995,14748845,18955785,16723371,18644593,15019822,16723371,16762179,17141400,18644593,15019822,25201101,23340055,22883517,22736326,25422360,24661731,22563025,11883311,16644787,12107265,22065163,23011643,17509581,16309234,11163832,19931078,22266326,25134292,16533339,9065182,12372468,15104227,19931078,19931078,17983420,15120698,20063560,20190557,23302395,16249290,23472165,24012197,16084891,24571615,25912412,16750201,11912283,19055724,12029073,24648304,25912412,12934347,16150151,11020520,24127964,20137818,9102363,24018808,22884659,16616093,18849443,25912412,9065182,9043920,22563025,25996258,12934347,16202314,11020520,9886539,24127964,19467764,26054109,22447624,26409150,18222435,21397694,26054109
6374,CXCL5,25449831,2454848,11675475,12760253,15588473,10381818,19230253,9436699,26216523,18490013,16750201,19055724,20858448,20537326,24188612,23141164,22017422,10433073,9764347,8738720,15507512,25912412,25194152,20031030,24188612,19429661,25446850,22384446,19903049,19401003,24613539,17624337,24210790,9130910,24613539,17609243,15236995,14748845,18955785,16723371,18644593,15019822,16723371,16762179,17141400,18644593,15019822,25201101,23340055,22883517,22736326,25422360,24661731,22563025,11883311,16644787,12107265,22065163,23011643,17509581,16309234,11163832,19931078,22266326,25134292,16533339,9065182,12372468,15104227,19931078,19931078,17983420,15120698,20063560,20190557,23302395,16249290,23472165,24012197,16084891,24571615,25912412,16750201,11912283,19055724,12029073,24648304,25912412,12934347,16150151,11020520,24127964,20137818,9102363,24018808,22884659,16616093,18849443,25912412,9065182,9043920,22563025,25996258,12934347,16202314,11020520,9886539,24127964,19467764,26054109,22447624,26409150,18222435,21397694,26054109
6401,SELE,25449831,2454848,11675475,12760253,15588473,10381818,19230253,9436699,26216523,18490013,16750201,19055724,20858448,20537326,24188612,23141164,22017422,10433073,9764347,8738720,15507512,25912412,25194152,20031030,24188612,19429661,25446850,22384446,19903049,19401003,24613539,17624337,24210790,9130910,24613539,17609243,15236995,14748845,18955785,16723371,18644593,15019822,16723371,16762179,17141400,18644593,15019822,25201101,23340055,22883517,22736326,25422360,24661731,22563025,11883311,16644787,12107265,22065163,23011643,17509581,16309234,11163832,19931078,22266326,25134292,16533339,9065182,12372468,15104227,19931078,19931078,17983420,15120698,20063560,20190557,23302395,16249290,23472165,24012197,16084891,24571615,25912412,16750201,11912283,19055724,12029073,24648304,25912412,12934347,16150151,11020520,24127964,20137818,9102363,24018808,22884659,16616093,18849443,25912412,9065182,9043920,22563025,25996258,12934347,16202314,11020520,9886539,24127964,19467764,26054109,22447624,26409150,18222435,21397694,26054109
6751,SSTR1,25449831,2454848,11675475,12760253,15588473,10381818,19230253,9436699,26216523,18490013,16750201,19055724,20858448,20537326,24188612,23141164,22017422,10433073,9764347,8738720,15507512,25912412,25194152,20031030,24188612,19429661,25446850,22384446,19903049,19401003,24613539,17624337,24210790,9130910,24613539,17609243,15236995,14748845,18955785,16723371,18644593,15019822,16723371,16762179,17141400,18644593,15019822,25201101,23340055,22883517,22736326,25422360,24661731,22563025,11883311,16644787,12107265,22065163,23011643,17509581,16309234,11163832,19931078,22266326,25134292,16533339,9065182,12372468,15104227,19931078,19931078,17983420,15120698,20063560,20190557,23302395,16249290,23472165,24012197,16084891,24571615,25912412,16750201,11912283,19055724,12029073,24648304,25912412,12934347,16150151,11020520,24127964,20137818,9102363,24018808,22884659,16616093,18849443,25912412,9065182,9043920,22563025,25996258,12934347,16202314,11020520,9886539,24127964,19467764,26054109,22447624,26409150,18222435,21397694,26054109
6755,SSTR5,25449831,2454848,11675475,12760253,15588473,10381818,19230253,9436699,26216523,18490013,16750201,19055724,20858448,20537326,24188612,23141164,22017422,10433073,9764347,8738720,15507512,25912412,25194152,20031030,24188612,19429661,25446850,22384446,19903049,19401003,24613539,17624337,24210790,9130910,24613539,17609243,15236995,14748845,18955785,16723371,18644593,15019822,16723371,16762179,17141400,18644593,15019822,25201101,23340055,22883517,22736326,25422360,24661731,22563025,11883311,16644787,12107265,22065163,23011643,17509581,16309234,11163832,19931078,22266326,25134292,16533339,9065182,12372468,15104227,19931078,19931078,17983420,15120698,20063560,20190557,23302395,16249290,23472165,24012197,16084891,24571615,25912412,16750201,11912283,19055724,12029073,24648304,25912412,12934347,16150151,11020520,24127964,20137818,9102363,24018808,22884659,16616093,18849443,25912412,9065182,9043920,22563025,25996258,12934347,16202314,11020520,9886539,24127964,19467764,26054109,22447624,26409150,18222435,21397694,26054109
7098,TLR3,25449831,2454848,11675475,12760253,15588473,10381818,19230253,9436699,26216523,18490013,16750201,19055724,20858448,20537326,24188612,23141164,22017422,10433073,9764347,8738720,15507512,25912412,25194152,20031030,24188612,19429661,25446850,22384446,19903049,19401003,24613539,17624337,24210790,9130910,24613539,17609243,15236995,14748845,18955785,16723371,18644593,15019822,16723371,16762179,17141400,18644593,15019822,25201101,23340055,22883517,22736326,25422360,24661731,22563025,11883311,16644787,12107265,22065163,23011643,17509581,16309234,11163832,19931078,22266326,25134292,16533339,9065182,12372468,15104227,19931078,19931078,17983420,15120698,20063560,20190557,23302395,16249290,23472165,24012197,16084891,24571615,25912412,16750201,11912283,19055724,12029073,24648304,25912412,12934347,16150151,11020520,24127964,20137818,9102363,24018808,22884659,16616093,18849443,25912412,9065182,9043920,22563025,25996258,12934347,16202314,11020520,9886539,24127964,19467764,26054109,22447624,26409150,18222435,21397694,26054109
335,APOA1,25449831,25449831,2454848,2454848,11675475,11675475,12760253,12760253,15588473,15588473,10381818,10381818,19230253,19230253,9436699,9436699,26216523,26216523,18490013,18490013,16750201,16750201,19055724,19055724,20858448,20858448,20537326,20537326,24188612,24188612,23141164,23141164,22017422,22017422,10433073,10433073,9764347,9764347,8738720,8738720,15507512,15507512,25912412,25912412,25194152,25194152,20031030,20031030,24188612,24188612,19429661,19429661,25446850,25446850,22384446,22384446,19903049,19903049,19401003,19401003,24613539,24613539,17624337,17624337,24210790,24210790,9130910,9130910,24613539,24613539,17609243,17609243,15236995,15236995,14748845,14748845,18955785,18955785,16723371,16723371,18644593,18644593,15019822,15019822,16723371,16723371,16762179,16762179,17141400,17141400,18644593,18644593,15019822,15019822,25201101,25201101,23340055,23340055,22883517,22883517,22736326,22736326,25422360,25422360,24661731,24661731,22563025,22563025,11883311,11883311,16644787,16644787,12107265,12107265,22065163
8850,KAT2B,25449831,2454848,11675475,12760253,15588473,10381818,19230253,9436699,26216523,18490013,16750201,19055724,20858448,20537326,24188612,23141164,22017422,10433073,9764347,8738720,15507512,25912412,25194152,20031030,24188612,19429661,25446850,22384446,19903049,19401003,24613539,17624337,24210790,9130910,24613539,17609243,15236995,14748845,18955785,16723371,18644593,15019822,16723371,16762179,17141400,18644593,15019822,25201101,23340055,22883517,22736326,25422360,24661731,22563025,11883311,16644787,12107265,22065163,23011643,17509581,16309234,11163832,19931078,22266326,25134292,16533339,9065182,12372468,15104227,19931078,19931078,17983420,15120698,20063560,20190557,23302395,16249290,23472165,24012197,16084891,24571615,25912412,16750201,11912283,19055724,12029073,24648304,25912412,12934347,16150151,11020520,24127964,20137818,9102363,24018808,22884659,16616093,18849443,25912412,9065182,9043920,22563025,25996258,12934347,16202314,11020520,9886539,24127964,19467764,26054109,22447624,26409150,18222435,21397694,26054109
10656,KHDRBS3,25449831,2454848,11675475,12760253,15588473,10381818,19230253,9436699,26216523,18490013,16750201,19055724,20858448,20537326,24188612,23141164,22017422,10433073,9764347,8738720,15507512,25912412,25194152,20031030,24188612,19429661,25446850,22384446,19903049,19401003,24613539,17624337,24210790,9130910,24613539,17609243,15236995,14748845,18955785,16723371,18644593,15019822,16723371,16762179,17141400,18644593,15019822,25201101,23340055,22883517,22736326,25422360,24661731,22563025,11883311,16644787,12107265,22065163,23011643,17509581,16309234,11163832,19931078,22266326,25134292,16533339,9065182,12372468,15104227,19931078,19931078,17983420,15120698,20063560,20190557,23302395,16249290,23472165,24012197,16084891,24571615,25912412,16750201,11912283,19055724,12029073,24648304,25912412,12934347,16150151,11020520,24127964,20137818,9102363,24018808,22884659,16616093,18849443,25912412,9065182,9043920,22563025,25996258,12934347,16202314,11020520,9886539,24127964,19467764,26054109,22447624,26409150,18222435,21397694,26054109
23082,PPRC1,25449831,2454848,11675475,12760253,15588473,10381818,19230253,9436699,26216523,18490013,16750201,19055724,20858448,20537326,24188612,23141164,22017422,10433073,9764347,8738720,15507512,25912412,25194152,20031030,24188612,19429661,25446850,22384446,19903049,19401003,24613539,17624337,24210790,9130910,24613539,17609243,15236995,14748845,18955785,16723371,18644593,15019822,16723371,16762179,17141400,18644593,15019822,25201101,23340055,22883517,22736326,25422360,24661731,22563025,11883311,16644787,12107265,22065163,23011643,17509581,16309234,11163832,19931078,22266326,25134292,16533339,9065182,12372468,15104227,19931078,19931078,17983420,15120698,20063560,20190557,23302395,16249290,23472165,24012197,16084891,24571615,25912412,16750201,11912283,19055724,12029073,24648304,25912412,12934347,16150151,11020520,24127964,20137818,9102363,24018808,22884659,16616093,18849443,25912412,9065182,9043920,22563025,25996258,12934347,16202314,11020520,9886539,24127964,19467764,26054109,22447624,26409150,18222435,21397694,26054109
27086,FOXP1,25449831,2454848,11675475,12760253,15588473,10381818,19230253,9436699,26216523,18490013,16750201,19055724,20858448,20537326,24188612,23141164,22017422,10433073,9764347,8738720,15507512,25912412,25194152,20031030,24188612,19429661,25446850,22384446,19903049,19401003,24613539,17624337,24210790,9130910,24613539,17609243,15236995,14748845,18955785,16723371,18644593,15019822,16723371,16762179,17141400,18644593,15019822,25201101,23340055,22883517,22736326,25422360,24661731,22563025,11883311,16644787,12107265,22065163,23011643,17509581,16309234,11163832,19931078,22266326,25134292,16533339,9065182,12372468,15104227,19931078,19931078,17983420,15120698,20063560,20190557,23302395,16249290,23472165,24012197,16084891,24571615,25912412,16750201,11912283,19055724,12029073,24648304,25912412,12934347,16150151,11020520,24127964,20137818,9102363,24018808,22884659,16616093,18849443,25912412,9065182,9043920,22563025,25996258,12934347,16202314,11020520,9886539,24127964,19467764,26054109,22447624,26409150,18222435,21397694,26054109
27253,PCDH17,25449831,2454848,11675475,12760253,15588473,10381818,19230253,9436699,26216523,18490013,16750201,19055724,20858448,20537326,24188612,23141164,22017422,10433073,9764347,8738720,15507512,25912412,25194152,20031030,24188612,19429661,25446850,22384446,19903049,19401003,24613539,17624337,24210790,9130910,24613539,17609243,15236995,14748845,18955785,16723371,18644593,15019822,16723371,16762179,17141400,18644593,15019822,25201101,23340055,22883517,22736326,25422360,24661731,22563025,11883311,16644787,12107265,22065163,23011643,17509581,16309234,11163832,19931078,22266326,25134292,16533339,9065182,12372468,15104227,19931078,19931078,17983420,15120698,20063560,20190557,23302395,16249290,23472165,24012197,16084891,24571615,25912412,16750201,11912283,19055724,12029073,24648304,25912412,12934347,16150151,11020520,24127964,20137818,9102363,24018808,22884659,16616093,18849443,25912412,9065182,9043920,22563025,25996258,12934347,16202314,11020520,9886539,24127964,19467764,26054109,22447624,26409150,18222435,21397694,26054109
50943,FOXP3,25449831,2454848,11675475,12760253,15588473,10381818,19230253,9436699,26216523,18490013,16750201,19055724,20858448,20537326,24188612,23141164,22017422,10433073,9764347,8738720,15507512,25912412,25194152,20031030,24188612,19429661,25446850,22384446,19903049,19401003,24613539,17624337,24210790,9130910,24613539,17609243,15236995,14748845,18955785,16723371,18644593,15019822,16723371,16762179,17141400,18644593,15019822,25201101,23340055,22883517,22736326,25422360,24661731,22563025,11883311,16644787,12107265,22065163,23011643,17509581,16309234,11163832,19931078,22266326,25134292,16533339,9065182,12372468,15104227,19931078,19931078,17983420,15120698,20063560,20190557,23302395,16249290,23472165,24012197,16084891,24571615,25912412,16750201,11912283,19055724,12029073,24648304,25912412,12934347,16150151,11020520,24127964,20137818,9102363,24018808,22884659,16616093,18849443,25912412,9065182,9043920,22563025,25996258,12934347,16202314,11020520,9886539,24127964,19467764,26054109,22447624,26409150,18222435,21397694,26054109
80350,LPAL2,25449831,2454848,11675475,12760253,15588473,10381818,19230253,9436699,26216523,18490013,16750201,19055724,20858448,20537326,24188612,23141164,22017422,10433073,9764347,8738720,15507512,25912412,25194152,20031030,24188612,19429661,25446850,22384446,19903049,19401003,24613539,17624337,24210790,9130910,24613539,17609243,15236995,14748845,18955785,16723371,18644593,15019822,16723371,16762179,17141400,18644593,15019822,25201101,23340055,22883517,22736326,25422360,24661731,22563025,11883311,16644787,12107265,22065163,23011643,17509581,16309234,11163832,19931078,22266326,25134292,16533339,9065182,12372468,15104227,19931078,19931078,17983420,15120698,20063560,20190557,23302395,16249290,23472165,24012197,16084891,24571615,25912412,16750201,11912283,19055724,12029073,24648304,25912412,12934347,16150151,11020520,24127964,20137818,9102363,24018808,22884659,16616093,18849443,25912412,9065182,9043920,22563025,25996258,12934347,16202314,11020520,9886539,24127964,19467764,26054109,22447624,26409150,18222435,21397694,26054109
84432,PROK1,25449831,2454848,11675475,12760253,15588473,10381818,19230253,9436699,26216523,18490013,16750201,19055724,20858448,20537326,24188612,23141164,22017422,10433073,9764347,8738720,15507512,25912412,25194152,20031030,24188612,19429661,25446850,22384446,19903049,19401003,24613539,17624337,24210790,9130910,24613539,17609243,15236995,14748845,18955785,16723371,18644593,15019822,16723371,16762179,17141400,18644593,15019822,25201101,23340055,22883517,22736326,25422360,24661731,22563025,11883311,16644787,12107265,22065163,23011643,17509581,16309234,11163832,19931078,22266326,25134292,16533339,9065182,12372468,15104227,19931078,19931078,17983420,15120698,20063560,20190557,23302395,16249290,23472165,24012197,16084891,24571615,25912412,16750201,11912283,19055724,12029073,24648304,25912412,12934347,16150151,11020520,24127964,20137818,9102363,24018808,22884659,16616093,18849443,25912412,9065182,9043920,22563025,25996258,12934347,16202314,11020520,9886539,24127964,19467764,26054109,22447624,26409150,18222435,21397694,26054109
112744,IL17F,25449831,2454848,11675475,12760253,15588473,10381818,19230253,9436699,26216523,18490013,16750201,19055724,20858448,20537326,24188612,23141164,22017422,10433073,9764347,8738720,15507512,25912412,25194152,20031030,24188612,19429661,25446850,22384446,19903049,19401003,24613539,17624337,24210790,9130910,24613539,17609243,15236995,14748845,18955785,16723371,18644593,15019822,16723371,16762179,17141400,18644593,15019822,25201101,23340055,22883517,22736326,25422360,24661731,22563025,11883311,16644787,12107265,22065163,23011643,17509581,16309234,11163832,19931078,22266326,25134292,16533339,9065182,12372468,15104227,19931078,19931078,17983420,15120698,20063560,20190557,23302395,16249290,23472165,24012197,16084891,24571615,25912412,16750201,11912283,19055724,12029073,24648304,25912412,12934347,16150151,11020520,24127964,20137818,9102363,24018808,22884659,16616093,18849443,25912412,9065182,9043920,22563025,25996258,12934347,16202314,11020520,9886539,24127964,19467764,26054109,22447624,26409150,18222435,21397694,26054109
406881,MIRLET7A1,25449831,2454848,11675475,12760253,15588473,10381818,19230253,9436699,26216523,18490013,16750201,19055724,20858448,20537326,24188612,23141164,22017422,10433073,9764347,8738720,15507512,25912412,25194152,20031030,24188612,19429661,25446850,22384446,19903049,19401003,24613539,17624337,24210790,9130910,24613539,17609243,15236995,14748845,18955785,16723371,18644593,15019822,16723371,16762179,17141400,18644593,15019822,25201101,23340055,22883517,22736326,25422360,24661731,22563025,11883311,16644787,12107265,22065163,23011643,17509581,16309234,11163832,19931078,22266326,25134292,16533339,9065182,12372468,15104227,19931078,19931078,17983420,15120698,20063560,20190557,23302395,16249290,23472165,24012197,16084891,24571615,25912412,16750201,11912283,19055724,12029073,24648304,25912412,12934347,16150151,11020520,24127964,20137818,9102363,24018808,22884659,16616093,18849443,25912412,9065182,9043920,22563025,25996258,12934347,16202314,11020520,9886539,24127964,19467764,26054109,22447624,26409150,18222435,21397694,26054109
407004,MIR22,25449831,2454848,11675475,12760253,15588473,10381818,19230253,9436699,26216523,18490013,16750201,19055724,20858448,20537326,24188612,23141164,22017422,10433073,9764347,8738720,15507512,25912412,25194152,20031030,24188612,19429661,25446850,22384446,19903049,19401003,24613539,17624337,24210790,9130910,24613539,17609243,15236995,14748845,18955785,16723371,18644593,15019822,16723371,16762179,17141400,18644593,15019822,25201101,23340055,22883517,22736326,25422360,24661731,22563025,11883311,16644787,12107265,22065163,23011643,17509581,16309234,11163832,19931078,22266326,25134292,16533339,9065182,12372468,15104227,19931078,19931078,17983420,15120698,20063560,20190557,23302395,16249290,23472165,24012197,16084891,24571615,25912412,16750201,11912283,19055724,12029073,24648304,25912412,12934347,16150151,11020520,24127964,20137818,9102363,24018808,22884659,16616093,18849443,25912412,9065182,9043920,22563025,25996258,12934347,16202314,11020520,9886539,24127964,19467764,26054109,22447624,26409150,18222435,21397694,26054109
10413,YAP1,25449831,2454848,11675475,12760253,15588473,10381818,19230253,9436699,26216523,18490013,16750201,19055724,20858448,20537326,24188612,23141164,22017422,10433073,9764347,8738720,15507512,25912412,25194152,20031030,24188612,19429661,25446850,22384446,19903049,19401003,24613539,17624337,24210790,9130910,24613539,17609243,15236995,14748845,18955785,16723371,18644593,15019822,16723371,16762179,17141400,18644593,15019822,25201101,23340055,22883517,22736326,25422360,24661731,22563025,11883311,16644787,12107265,22065163,23011643,17509581,16309234,11163832,19931078,22266326,25134292,16533339,9065182,12372468,15104227,19931078,19931078,17983420,15120698,20063560,20190557,23302395,16249290,23472165,24012197,16084891,24571615,25912412,16750201,11912283,19055724,12029073,24648304,25912412,12934347,16150151,11020520,24127964,20137818,9102363,24018808,22884659,16616093,18849443,25912412,9065182,9043920,22563025,25996258,12934347,16202314,11020520,9886539,24127964,19467764,26054109,22447624,26409150,18222435,21397694,26054109
9113,LATS1,25449831,2454848,11675475,12760253,15588473,10381818,19230253,9436699,26216523,18490013,16750201,19055724,20858448,20537326,24188612,23141164,22017422,10433073,9764347,8738720,15507512,25912412,25194152,20031030,24188612,19429661,25446850,22384446,19903049,19401003,24613539,17624337,24210790,9130910,24613539,17609243,15236995,14748845,18955785,16723371,18644593,15019822,16723371,16762179,17141400,18644593,15019822,25201101,23340055,22883517,22736326,25422360,24661731,22563025,11883311,16644787,12107265,22065163,23011643,17509581,16309234,11163832,19931078,22266326,25134292,16533339,9065182,12372468,15104227,19931078,19931078,17983420,15120698,20063560,20190557,23302395,16249290,23472165,24012197,16084891,24571615,25912412,16750201,11912283,19055724,12029073,24648304,25912412,12934347,16150151,11020520,24127964,20137818,9102363,24018808,22884659,16616093,18849443,25912412,9065182,9043920,22563025,25996258,12934347,16202314,11020520,9886539,24127964,19467764,26054109,22447624,26409150,18222435,21397694,26054109
5021,OXTR,25449831,2454848,11675475,12760253,15588473,10381818,19230253,9436699,26216523,18490013,16750201,19055724,20858448,20537326,24188612,23141164,22017422,10433073,9764347,8738720,15507512,25912412,25194152,20031030,24188612,19429661,25446850,22384446,19903049,19401003,24613539,17624337,24210790,9130910,24613539,17609243,15236995,14748845,18955785,16723371,18644593,15019822,16723371,16762179,17141400,18644593,15019822,25201101,23340055,22883517,22736326,25422360,24661731,22563025,11883311,16644787,12107265,22065163,23011643,17509581,16309234,11163832,19931078,22266326,25134292,16533339,9065182,12372468,15104227,19931078,19931078,17983420,15120698,20063560,20190557,23302395,16249290,23472165,24012197,16084891,24571615,25912412,16750201,11912283,19055724,12029073,24648304,25912412,12934347,16150151,11020520,24127964,20137818,9102363,24018808,22884659,16616093,18849443,25912412,9065182,9043920,22563025,25996258,12934347,16202314,11020520,9886539,24127964,19467764,26054109,22447624,26409150,18222435,21397694,26054109
7042,TGFB2,25449831,25449831,2454848,2454848,11675475,11675475,12760253,12760253,15588473,15588473,10381818,10381818,19230253,19230253,9436699,9436699,26216523,26216523,18490013,18490013,16750201,16750201,19055724,19055724,20858448,20858448,20537326,20537326,24188612,24188612,23141164,23141164,22017422,22017422,10433073,10433073,9764347,9764347,8738720,8738720,15507512,15507512,25912412,25912412,25194152,25194152,20031030,20031030,24188612,24188612,19429661,19429661,25446850,25446850,22384446,22384446,19903049,19903049,19401003,19401003,24613539,24613539,17624337,17624337,24210790,24210790,9130910,9130910,24613539,24613539,17609243,17609243,15236995,15236995,14748845,14748845,18955785,18955785,16723371,16723371,18644593,18644593,15019822,15019822,16723371,16723371,16762179,16762179,17141400,17141400,18644593,18644593,15019822,15019822,25201101,25201101,23340055,23340055,22883517,22883517,22736326,22736326,25422360,25422360,24661731,24661731,22563025,22563025,11883311,11883311,16644787,16644787,12107265,12107265,22065163
7133,TNFRSF1B,25449831,25449831,25449831,2454848,2454848,2454848,11675475,11675475,11675475,12760253,12760253,12760253,15588473,15588473,15588473,10381818,10381818,10381818,19230253,19230253,19230253,9436699,9436699,9436699,26216523,26216523,26216523,18490013,18490013,18490013,16750201,16750201,16750201,19055724,19055724,19055724,20858448,20858448,20858448,20537326,20537326,20537326,24188612,24188612,24188612,23141164,23141164,23141164,22017422,22017422,22017422,10433073,10433073,10433073,9764347,9764347,9764347,8738720,8738720,8738720,15507512,15507512,15507512,25912412,25912412,25912412,25194152,25194152,25194152,20031030,20031030,20031030,24188612,24188612,24188612,19429661,19429661,19429661,25446850,25446850,25446850,22384446,22384446,22384446,19903049,19903049,19903049,19401003,19401003,19401003,24613539,24613539,24613539,17624337,17624337,17624337,24210790,24210790,24210790,9130910,9130910,9130910,24613539,24613539,24613539,17609243,17609243,17609243,15236995,15236995,15236995,14748845,14748845,14748845,18955785,1895
6356,CCL11,25449831,2454848,11675475,12760253,15588473,10381818,19230253,9436699,26216523,18490013,16750201,19055724,20858448,20537326,24188612,23141164,22017422,10433073,9764347,8738720,15507512,25912412,25194152,20031030,24188612,19429661,25446850,22384446,19903049,19401003,24613539,17624337,24210790,9130910,24613539,17609243,15236995,14748845,18955785,16723371,18644593,15019822,16723371,16762179,17141400,18644593,15019822,25201101,23340055,22883517,22736326,25422360,24661731,22563025,11883311,16644787,12107265,22065163,23011643,17509581,16309234,11163832,19931078,22266326,25134292,16533339,9065182,12372468,15104227,19931078,19931078,17983420,15120698,20063560,20190557,23302395,16249290,23472165,24012197,16084891,24571615,25912412,16750201,11912283,19055724,12029073,24648304,25912412,12934347,16150151,11020520,24127964,20137818,9102363,24018808,22884659,16616093,18849443,25912412,9065182,9043920,22563025,25996258,12934347,16202314,11020520,9886539,24127964,19467764,26054109,22447624,26409150,18222435,21397694,26054109
3813,KIR3DS1,25449831,2454848,11675475,12760253,15588473,10381818,19230253,9436699,26216523,18490013,16750201,19055724,20858448,20537326,24188612,23141164,22017422,10433073,9764347,8738720,15507512,25912412,25194152,20031030,24188612,19429661,25446850,22384446,19903049,19401003,24613539,17624337,24210790,9130910,24613539,17609243,15236995,14748845,18955785,16723371,18644593,15019822,16723371,16762179,17141400,18644593,15019822,25201101,23340055,22883517,22736326,25422360,24661731,22563025,11883311,16644787,12107265,22065163,23011643,17509581,16309234,11163832,19931078,22266326,25134292,16533339,9065182,12372468,15104227,19931078,19931078,17983420,15120698,20063560,20190557,23302395,16249290,23472165,24012197,16084891,24571615,25912412,16750201,11912283,19055724,12029073,24648304,25912412,12934347,16150151,11020520,24127964,20137818,9102363,24018808,22884659,16616093,18849443,25912412,9065182,9043920,22563025,25996258,12934347,16202314,11020520,9886539,24127964,19467764,26054109,22447624,26409150,18222435,21397694,26054109
4968,OGG1,25449831,2454848,11675475,12760253,15588473,10381818,19230253,9436699,26216523,18490013,16750201,19055724,20858448,20537326,24188612,23141164,22017422,10433073,9764347,8738720,15507512,25912412,25194152,20031030,24188612,19429661,25446850,22384446,19903049,19401003,24613539,17624337,24210790,9130910,24613539,17609243,15236995,14748845,18955785,16723371,18644593,15019822,16723371,16762179,17141400,18644593,15019822,25201101,23340055,22883517,22736326,25422360,24661731,22563025,11883311,16644787,12107265,22065163,23011643,17509581,16309234,11163832,19931078,22266326,25134292,16533339,9065182,12372468,15104227,19931078,19931078,17983420,15120698,20063560,20190557,23302395,16249290,23472165,24012197,16084891,24571615,25912412,16750201,11912283,19055724,12029073,24648304,25912412,12934347,16150151,11020520,24127964,20137818,9102363,24018808,22884659,16616093,18849443,25912412,9065182,9043920,22563025,25996258,12934347,16202314,11020520,9886539,24127964,19467764,26054109,22447624,26409150,18222435,21397694,26054109
57491,AHRR,25449831,2454848,11675475,12760253,15588473,10381818,19230253,9436699,26216523,18490013,16750201,19055724,20858448,20537326,24188612,23141164,22017422,10433073,9764347,8738720,15507512,25912412,25194152,20031030,24188612,19429661,25446850,22384446,19903049,19401003,24613539,17624337,24210790,9130910,24613539,17609243,15236995,14748845,18955785,16723371,18644593,15019822,16723371,16762179,17141400,18644593,15019822,25201101,23340055,22883517,22736326,25422360,24661731,22563025,11883311,16644787,12107265,22065163,23011643,17509581,16309234,11163832,19931078,22266326,25134292,16533339,9065182,12372468,15104227,19931078,19931078,17983420,15120698,20063560,20190557,23302395,16249290,23472165,24012197,16084891,24571615,25912412,16750201,11912283,19055724,12029073,24648304,25912412,12934347,16150151,11020520,24127964,20137818,9102363,24018808,22884659,16616093,18849443,25912412,9065182,9043920,22563025,25996258,12934347,16202314,11020520,9886539,24127964,19467764,26054109,22447624,26409150,18222435,21397694,26054109
29092,LINC00339,25449831,2454848,11675475,12760253,15588473,10381818,19230253,9436699,26216523,18490013,16750201,19055724,20858448,20537326,24188612,23141164,22017422,10433073,9764347,8738720,15507512,25912412,25194152,20031030,24188612,19429661,25446850,22384446,19903049,19401003,24613539,17624337,24210790,9130910,24613539,17609243,15236995,14748845,18955785,16723371,18644593,15019822,16723371,16762179,17141400,18644593,15019822,25201101,23340055,22883517,22736326,25422360,24661731,22563025,11883311,16644787,12107265,22065163,23011643,17509581,16309234,11163832,19931078,22266326,25134292,16533339,9065182,12372468,15104227,19931078,19931078,17983420,15120698,20063560,20190557,23302395,16249290,23472165,24012197,16084891,24571615,25912412,16750201,11912283,19055724,12029073,24648304,25912412,12934347,16150151,11020520,24127964,20137818,9102363,24018808,22884659,16616093,18849443,25912412,9065182,9043920,22563025,25996258,12934347,16202314,11020520,9886539,24127964,19467764,26054109,22447624,26409150,18222435,21397694,26054109
130367,SGPP2,25449831,2454848,11675475,12760253,15588473,10381818,19230253,9436699,26216523,18490013,16750201,19055724,20858448,20537326,24188612,23141164,22017422,10433073,9764347,8738720,15507512,25912412,25194152,20031030,24188612,19429661,25446850,22384446,19903049,19401003,24613539,17624337,24210790,9130910,24613539,17609243,15236995,14748845,18955785,16723371,18644593,15019822,16723371,16762179,17141400,18644593,15019822,25201101,23340055,22883517,22736326,25422360,24661731,22563025,11883311,16644787,12107265,22065163,23011643,17509581,16309234,11163832,19931078,22266326,25134292,16533339,9065182,12372468,15104227,19931078,19931078,17983420,15120698,20063560,20190557,23302395,16249290,23472165,24012197,16084891,24571615,25912412,16750201,11912283,19055724,12029073,24648304,25912412,12934347,16150151,11020520,24127964,20137818,9102363,24018808,22884659,16616093,18849443,25912412,9065182,9043920,22563025,25996258,12934347,16202314,11020520,9886539,24127964,19467764,26054109,22447624,26409150,18222435,21397694,26054109
85004,RERG,25449831,2454848,11675475,12760253,15588473,10381818,19230253,9436699,26216523,18490013,16750201,19055724,20858448,20537326,24188612,23141164,22017422,10433073,9764347,8738720,15507512,25912412,25194152,20031030,24188612,19429661,25446850,22384446,19903049,19401003,24613539,17624337,24210790,9130910,24613539,17609243,15236995,14748845,18955785,16723371,18644593,15019822,16723371,16762179,17141400,18644593,15019822,25201101,23340055,22883517,22736326,25422360,24661731,22563025,11883311,16644787,12107265,22065163,23011643,17509581,16309234,11163832,19931078,22266326,25134292,16533339,9065182,12372468,15104227,19931078,19931078,17983420,15120698,20063560,20190557,23302395,16249290,23472165,24012197,16084891,24571615,25912412,16750201,11912283,19055724,12029073,24648304,25912412,12934347,16150151,11020520,24127964,20137818,9102363,24018808,22884659,16616093,18849443,25912412,9065182,9043920,22563025,25996258,12934347,16202314,11020520,9886539,24127964,19467764,26054109,22447624,26409150,18222435,21397694,26054109
5016,OVGP1,25449831,2454848,11675475,12760253,15588473,10381818,19230253,9436699,26216523,18490013,16750201,19055724,20858448,20537326,24188612,23141164,22017422,10433073,9764347,8738720,15507512,25912412,25194152,20031030,24188612,19429661,25446850,22384446,19903049,19401003,24613539,17624337,24210790,9130910,24613539,17609243,15236995,14748845,18955785,16723371,18644593,15019822,16723371,16762179,17141400,18644593,15019822,25201101,23340055,22883517,22736326,25422360,24661731,22563025,11883311,16644787,12107265,22065163,23011643,17509581,16309234,11163832,19931078,22266326,25134292,16533339,9065182,12372468,15104227,19931078,19931078,17983420,15120698,20063560,20190557,23302395,16249290,23472165,24012197,16084891,24571615,25912412,16750201,11912283,19055724,12029073,24648304,25912412,12934347,16150151,11020520,24127964,20137818,9102363,24018808,22884659,16616093,18849443,25912412,9065182,9043920,22563025,25996258,12934347,16202314,11020520,9886539,24127964,19467764,26054109,22447624,26409150,18222435,21397694,26054109
9670,IPO13,25449831,2454848,11675475,12760253,15588473,10381818,19230253,9436699,26216523,18490013,16750201,19055724,20858448,20537326,24188612,23141164,22017422,10433073,9764347,8738720,15507512,25912412,25194152,20031030,24188612,19429661,25446850,22384446,19903049,19401003,24613539,17624337,24210790,9130910,24613539,17609243,15236995,14748845,18955785,16723371,18644593,15019822,16723371,16762179,17141400,18644593,15019822,25201101,23340055,22883517,22736326,25422360,24661731,22563025,11883311,16644787,12107265,22065163,23011643,17509581,16309234,11163832,19931078,22266326,25134292,16533339,9065182,12372468,15104227,19931078,19931078,17983420,15120698,20063560,20190557,23302395,16249290,23472165,24012197,16084891,24571615,25912412,16750201,11912283,19055724,12029073,24648304,25912412,12934347,16150151,11020520,24127964,20137818,9102363,24018808,22884659,16616093,18849443,25912412,9065182,9043920,22563025,25996258,12934347,16202314,11020520,9886539,24127964,19467764,26054109,22447624,26409150,18222435,21397694,26054109
83716,CRISPLD2,25449831,2454848,11675475,12760253,15588473,10381818,19230253,9436699,26216523,18490013,16750201,19055724,20858448,20537326,24188612,23141164,22017422,10433073,9764347,8738720,15507512,25912412,25194152,20031030,24188612,19429661,25446850,22384446,19903049,19401003,24613539,17624337,24210790,9130910,24613539,17609243,15236995,14748845,18955785,16723371,18644593,15019822,16723371,16762179,17141400,18644593,15019822,25201101,23340055,22883517,22736326,25422360,24661731,22563025,11883311,16644787,12107265,22065163,23011643,17509581,16309234,11163832,19931078,22266326,25134292,16533339,9065182,12372468,15104227,19931078,19931078,17983420,15120698,20063560,20190557,23302395,16249290,23472165,24012197,16084891,24571615,25912412,16750201,11912283,19055724,12029073,24648304,25912412,12934347,16150151,11020520,24127964,20137818,9102363,24018808,22884659,16616093,18849443,25912412,9065182,9043920,22563025,25996258,12934347,16202314,11020520,9886539,24127964,19467764,26054109,22447624,26409150,18222435,21397694,26054109
90226,UCN2,25449831,2454848,11675475,12760253,15588473,10381818,19230253,9436699,26216523,18490013,16750201,19055724,20858448,20537326,24188612,23141164,22017422,10433073,9764347,8738720,15507512,25912412,25194152,20031030,24188612,19429661,25446850,22384446,19903049,19401003,24613539,17624337,24210790,9130910,24613539,17609243,15236995,14748845,18955785,16723371,18644593,15019822,16723371,16762179,17141400,18644593,15019822,25201101,23340055,22883517,22736326,25422360,24661731,22563025,11883311,16644787,12107265,22065163,23011643,17509581,16309234,11163832,19931078,22266326,25134292,16533339,9065182,12372468,15104227,19931078,19931078,17983420,15120698,20063560,20190557,23302395,16249290,23472165,24012197,16084891,24571615,25912412,16750201,11912283,19055724,12029073,24648304,25912412,12934347,16150151,11020520,24127964,20137818,9102363,24018808,22884659,16616093,18849443,25912412,9065182,9043920,22563025,25996258,12934347,16202314,11020520,9886539,24127964,19467764,26054109,22447624,26409150,18222435,21397694,26054109
90993,CREB3L1,25449831,2454848,11675475,12760253,15588473,10381818,19230253,9436699,26216523,18490013,16750201,19055724,20858448,20537326,24188612,23141164,22017422,10433073,9764347,8738720,15507512,25912412,25194152,20031030,24188612,19429661,25446850,22384446,19903049,19401003,24613539,17624337,24210790,9130910,24613539,17609243,15236995,14748845,18955785,16723371,18644593,15019822,16723371,16762179,17141400,18644593,15019822,25201101,23340055,22883517,22736326,25422360,24661731,22563025,11883311,16644787,12107265,22065163,23011643,17509581,16309234,11163832,19931078,22266326,25134292,16533339,9065182,12372468,15104227,19931078,19931078,17983420,15120698,20063560,20190557,23302395,16249290,23472165,24012197,16084891,24571615,25912412,16750201,11912283,19055724,12029073,24648304,25912412,12934347,16150151,11020520,24127964,20137818,9102363,24018808,22884659,16616093,18849443,25912412,9065182,9043920,22563025,25996258,12934347,16202314,11020520,9886539,24127964,19467764,26054109,22447624,26409150,18222435,21397694,26054109
55512,SMPD3,25449831,2454848,11675475,12760253,15588473,10381818,19230253,9436699,26216523,18490013,16750201,19055724,20858448,20537326,24188612,23141164,22017422,10433073,9764347,8738720,15507512,25912412,25194152,20031030,24188612,19429661,25446850,22384446,19903049,19401003,24613539,17624337,24210790,9130910,24613539,17609243,15236995,14748845,18955785,16723371,18644593,15019822,16723371,16762179,17141400,18644593,15019822,25201101,23340055,22883517,22736326,25422360,24661731,22563025,11883311,16644787,12107265,22065163,23011643,17509581,16309234,11163832,19931078,22266326,25134292,16533339,9065182,12372468,15104227,19931078,19931078,17983420,15120698,20063560,20190557,23302395,16249290,23472165,24012197,16084891,24571615,25912412,16750201,11912283,19055724,12029073,24648304,25912412,12934347,16150151,11020520,24127964,20137818,9102363,24018808,22884659,16616093,18849443,25912412,9065182,9043920,22563025,25996258,12934347,16202314,11020520,9886539,24127964,19467764,26054109,22447624,26409150,18222435,21397694,26054109
1237,CCR8,25449831,2454848,11675475,12760253,15588473,10381818,19230253,9436699,26216523,18490013,16750201,19055724,20858448,20537326,24188612,23141164,22017422,10433073,9764347,8738720,15507512,25912412,25194152,20031030,24188612,19429661,25446850,22384446,19903049,19401003,24613539,17624337,24210790,9130910,24613539,17609243,15236995,14748845,18955785,16723371,18644593,15019822,16723371,16762179,17141400,18644593,15019822,25201101,23340055,22883517,22736326,25422360,24661731,22563025,11883311,16644787,12107265,22065163,23011643,17509581,16309234,11163832,19931078,22266326,25134292,16533339,9065182,12372468,15104227,19931078,19931078,17983420,15120698,20063560,20190557,23302395,16249290,23472165,24012197,16084891,24571615,25912412,16750201,11912283,19055724,12029073,24648304,25912412,12934347,16150151,11020520,24127964,20137818,9102363,24018808,22884659,16616093,18849443,25912412,9065182,9043920,22563025,25996258,12934347,16202314,11020520,9886539,24127964,19467764,26054109,22447624,26409150,18222435,21397694,26054109
6783,SULT1E1,25449831,2454848,11675475,12760253,15588473,10381818,19230253,9436699,26216523,18490013,16750201,19055724,20858448,20537326,24188612,23141164,22017422,10433073,9764347,8738720,15507512,25912412,25194152,20031030,24188612,19429661,25446850,22384446,19903049,19401003,24613539,17624337,24210790,9130910,24613539,17609243,15236995,14748845,18955785,16723371,18644593,15019822,16723371,16762179,17141400,18644593,15019822,25201101,23340055,22883517,22736326,25422360,24661731,22563025,11883311,16644787,12107265,22065163,23011643,17509581,16309234,11163832,19931078,22266326,25134292,16533339,9065182,12372468,15104227,19931078,19931078,17983420,15120698,20063560,20190557,23302395,16249290,23472165,24012197,16084891,24571615,25912412,16750201,11912283,19055724,12029073,24648304,25912412,12934347,16150151,11020520,24127964,20137818,9102363,24018808,22884659,16616093,18849443,25912412,9065182,9043920,22563025,25996258,12934347,16202314,11020520,9886539,24127964,19467764,26054109,22447624,26409150,18222435,21397694,26054109
10400,PEMT,25449831,2454848,11675475,12760253,15588473,10381818,19230253,9436699,26216523,18490013,16750201,19055724,20858448,20537326,24188612,23141164,22017422,10433073,9764347,8738720,15507512,25912412,25194152,20031030,24188612,19429661,25446850,22384446,19903049,19401003,24613539,17624337,24210790,9130910,24613539,17609243,15236995,14748845,18955785,16723371,18644593,15019822,16723371,16762179,17141400,18644593,15019822,25201101,23340055,22883517,22736326,25422360,24661731,22563025,11883311,16644787,12107265,22065163,23011643,17509581,16309234,11163832,19931078,22266326,25134292,16533339,9065182,12372468,15104227,19931078,19931078,17983420,15120698,20063560,20190557,23302395,16249290,23472165,24012197,16084891,24571615,25912412,16750201,11912283,19055724,12029073,24648304,25912412,12934347,16150151,11020520,24127964,20137818,9102363,24018808,22884659,16616093,18849443,25912412,9065182,9043920,22563025,25996258,12934347,16202314,11020520,9886539,24127964,19467764,26054109,22447624,26409150,18222435,21397694,26054109
10011,SRA1,25449831,2454848,11675475,12760253,15588473,10381818,19230253,9436699,26216523,18490013,16750201,19055724,20858448,20537326,24188612,23141164,22017422,10433073,9764347,8738720,15507512,25912412,25194152,20031030,24188612,19429661,25446850,22384446,19903049,19401003,24613539,17624337,24210790,9130910,24613539,17609243,15236995,14748845,18955785,16723371,18644593,15019822,16723371,16762179,17141400,18644593,15019822,25201101,23340055,22883517,22736326,25422360,24661731,22563025,11883311,16644787,12107265,22065163,23011643,17509581,16309234,11163832,19931078,22266326,25134292,16533339,9065182,12372468,15104227,19931078,19931078,17983420,15120698,20063560,20190557,23302395,16249290,23472165,24012197,16084891,24571615,25912412,16750201,11912283,19055724,12029073,24648304,25912412,12934347,16150151,11020520,24127964,20137818,9102363,24018808,22884659,16616093,18849443,25912412,9065182,9043920,22563025,25996258,12934347,16202314,11020520,9886539,24127964,19467764,26054109,22447624,26409150,18222435,21397694,26054109
800,CALD1,25449831,2454848,11675475,12760253,15588473,10381818,19230253,9436699,26216523,18490013,16750201,19055724,20858448,20537326,24188612,23141164,22017422,10433073,9764347,8738720,15507512,25912412,25194152,20031030,24188612,19429661,25446850,22384446,19903049,19401003,24613539,17624337,24210790,9130910,24613539,17609243,15236995,14748845,18955785,16723371,18644593,15019822,16723371,16762179,17141400,18644593,15019822,25201101,23340055,22883517,22736326,25422360,24661731,22563025,11883311,16644787,12107265,22065163,23011643,17509581,16309234,11163832,19931078,22266326,25134292,16533339,9065182,12372468,15104227,19931078,19931078,17983420,15120698,20063560,20190557,23302395,16249290,23472165,24012197,16084891,24571615,25912412,16750201,11912283,19055724,12029073,24648304,25912412,12934347,16150151,11020520,24127964,20137818,9102363,24018808,22884659,16616093,18849443,25912412,9065182,9043920,22563025,25996258,12934347,16202314,11020520,9886539,24127964,19467764,26054109,22447624,26409150,18222435,21397694,26054109
10288,LILRB2,25449831,2454848,11675475,12760253,15588473,10381818,19230253,9436699,26216523,18490013,16750201,19055724,20858448,20537326,24188612,23141164,22017422,10433073,9764347,8738720,15507512,25912412,25194152,20031030,24188612,19429661,25446850,22384446,19903049,19401003,24613539,17624337,24210790,9130910,24613539,17609243,15236995,14748845,18955785,16723371,18644593,15019822,16723371,16762179,17141400,18644593,15019822,25201101,23340055,22883517,22736326,25422360,24661731,22563025,11883311,16644787,12107265,22065163,23011643,17509581,16309234,11163832,19931078,22266326,25134292,16533339,9065182,12372468,15104227,19931078,19931078,17983420,15120698,20063560,20190557,23302395,16249290,23472165,24012197,16084891,24571615,25912412,16750201,11912283,19055724,12029073,24648304,25912412,12934347,16150151,11020520,24127964,20137818,9102363,24018808,22884659,16616093,18849443,25912412,9065182,9043920,22563025,25996258,12934347,16202314,11020520,9886539,24127964,19467764,26054109,22447624,26409150,18222435,21397694,26054109
10401,PIAS3,25449831,2454848,11675475,12760253,15588473,10381818,19230253,9436699,26216523,18490013,16750201,19055724,20858448,20537326,24188612,23141164,22017422,10433073,9764347,8738720,15507512,25912412,25194152,20031030,24188612,19429661,25446850,22384446,19903049,19401003,24613539,17624337,24210790,9130910,24613539,17609243,15236995,14748845,18955785,16723371,18644593,15019822,16723371,16762179,17141400,18644593,15019822,25201101,23340055,22883517,22736326,25422360,24661731,22563025,11883311,16644787,12107265,22065163,23011643,17509581,16309234,11163832,19931078,22266326,25134292,16533339,9065182,12372468,15104227,19931078,19931078,17983420,15120698,20063560,20190557,23302395,16249290,23472165,24012197,16084891,24571615,25912412,16750201,11912283,19055724,12029073,24648304,25912412,12934347,16150151,11020520,24127964,20137818,9102363,24018808,22884659,16616093,18849443,25912412,9065182,9043920,22563025,25996258,12934347,16202314,11020520,9886539,24127964,19467764,26054109,22447624,26409150,18222435,21397694,26054109
3915,LAMC1,25449831,2454848,11675475,12760253,15588473,10381818,19230253,9436699,26216523,18490013,16750201,19055724,20858448,20537326,24188612,23141164,22017422,10433073,9764347,8738720,15507512,25912412,25194152,20031030,24188612,19429661,25446850,22384446,19903049,19401003,24613539,17624337,24210790,9130910,24613539,17609243,15236995,14748845,18955785,16723371,18644593,15019822,16723371,16762179,17141400,18644593,15019822,25201101,23340055,22883517,22736326,25422360,24661731,22563025,11883311,16644787,12107265,22065163,23011643,17509581,16309234,11163832,19931078,22266326,25134292,16533339,9065182,12372468,15104227,19931078,19931078,17983420,15120698,20063560,20190557,23302395,16249290,23472165,24012197,16084891,24571615,25912412,16750201,11912283,19055724,12029073,24648304,25912412,12934347,16150151,11020520,24127964,20137818,9102363,24018808,22884659,16616093,18849443,25912412,9065182,9043920,22563025,25996258,12934347,16202314,11020520,9886539,24127964,19467764,26054109,22447624,26409150,18222435,21397694,26054109
64094,SMOC2,25449831,25449831,2454848,2454848,11675475,11675475,12760253,12760253,15588473,15588473,10381818,10381818,19230253,19230253,9436699,9436699,26216523,26216523,18490013,18490013,16750201,16750201,19055724,19055724,20858448,20858448,20537326,20537326,24188612,24188612,23141164,23141164,22017422,22017422,10433073,10433073,9764347,9764347,8738720,8738720,15507512,15507512,25912412,25912412,25194152,25194152,20031030,20031030,24188612,24188612,19429661,19429661,25446850,25446850,22384446,22384446,19903049,19903049,19401003,19401003,24613539,24613539,17624337,17624337,24210790,24210790,9130910,9130910,24613539,24613539,17609243,17609243,15236995,15236995,14748845,14748845,18955785,18955785,16723371,16723371,18644593,18644593,15019822,15019822,16723371,16723371,16762179,16762179,17141400,17141400,18644593,18644593,15019822,15019822,25201101,25201101,23340055,23340055,22883517,22883517,22736326,22736326,25422360,25422360,24661731,24661731,22563025,22563025,11883311,11883311,16644787,16644787,12107265,12107265,22065163
4485,MST1,25449831,2454848,11675475,12760253,15588473,10381818,19230253,9436699,26216523,18490013,16750201,19055724,20858448,20537326,24188612,23141164,22017422,10433073,9764347,8738720,15507512,25912412,25194152,20031030,24188612,19429661,25446850,22384446,19903049,19401003,24613539,17624337,24210790,9130910,24613539,17609243,15236995,14748845,18955785,16723371,18644593,15019822,16723371,16762179,17141400,18644593,15019822,25201101,23340055,22883517,22736326,25422360,24661731,22563025,11883311,16644787,12107265,22065163,23011643,17509581,16309234,11163832,19931078,22266326,25134292,16533339,9065182,12372468,15104227,19931078,19931078,17983420,15120698,20063560,20190557,23302395,16249290,23472165,24012197,16084891,24571615,25912412,16750201,11912283,19055724,12029073,24648304,25912412,12934347,16150151,11020520,24127964,20137818,9102363,24018808,22884659,16616093,18849443,25912412,9065182,9043920,22563025,25996258,12934347,16202314,11020520,9886539,24127964,19467764,26054109,22447624,26409150,18222435,21397694,26054109
9308,CD83,25449831,2454848,11675475,12760253,15588473,10381818,19230253,9436699,26216523,18490013,16750201,19055724,20858448,20537326,24188612,23141164,22017422,10433073,9764347,8738720,15507512,25912412,25194152,20031030,24188612,19429661,25446850,22384446,19903049,19401003,24613539,17624337,24210790,9130910,24613539,17609243,15236995,14748845,18955785,16723371,18644593,15019822,16723371,16762179,17141400,18644593,15019822,25201101,23340055,22883517,22736326,25422360,24661731,22563025,11883311,16644787,12107265,22065163,23011643,17509581,16309234,11163832,19931078,22266326,25134292,16533339,9065182,12372468,15104227,19931078,19931078,17983420,15120698,20063560,20190557,23302395,16249290,23472165,24012197,16084891,24571615,25912412,16750201,11912283,19055724,12029073,24648304,25912412,12934347,16150151,11020520,24127964,20137818,9102363,24018808,22884659,16616093,18849443,25912412,9065182,9043920,22563025,25996258,12934347,16202314,11020520,9886539,24127964,19467764,26054109,22447624,26409150,18222435,21397694,26054109
8932,MBD2,25449831,2454848,11675475,12760253,15588473,10381818,19230253,9436699,26216523,18490013,16750201,19055724,20858448,20537326,24188612,23141164,22017422,10433073,9764347,8738720,15507512,25912412,25194152,20031030,24188612,19429661,25446850,22384446,19903049,19401003,24613539,17624337,24210790,9130910,24613539,17609243,15236995,14748845,18955785,16723371,18644593,15019822,16723371,16762179,17141400,18644593,15019822,25201101,23340055,22883517,22736326,25422360,24661731,22563025,11883311,16644787,12107265,22065163,23011643,17509581,16309234,11163832,19931078,22266326,25134292,16533339,9065182,12372468,15104227,19931078,19931078,17983420,15120698,20063560,20190557,23302395,16249290,23472165,24012197,16084891,24571615,25912412,16750201,11912283,19055724,12029073,24648304,25912412,12934347,16150151,11020520,24127964,20137818,9102363,24018808,22884659,16616093,18849443,25912412,9065182,9043920,22563025,25996258,12934347,16202314,11020520,9886539,24127964,19467764,26054109,22447624,26409150,18222435,21397694,26054109
6715,SRD5A1,25449831,2454848,11675475,12760253,15588473,10381818,19230253,9436699,26216523,18490013,16750201,19055724,20858448,20537326,24188612,23141164,22017422,10433073,9764347,8738720,15507512,25912412,25194152,20031030,24188612,19429661,25446850,22384446,19903049,19401003,24613539,17624337,24210790,9130910,24613539,17609243,15236995,14748845,18955785,16723371,18644593,15019822,16723371,16762179,17141400,18644593,15019822,25201101,23340055,22883517,22736326,25422360,24661731,22563025,11883311,16644787,12107265,22065163,23011643,17509581,16309234,11163832,19931078,22266326,25134292,16533339,9065182,12372468,15104227,19931078,19931078,17983420,15120698,20063560,20190557,23302395,16249290,23472165,24012197,16084891,24571615,25912412,16750201,11912283,19055724,12029073,24648304,25912412,12934347,16150151,11020520,24127964,20137818,9102363,24018808,22884659,16616093,18849443,25912412,9065182,9043920,22563025,25996258,12934347,16202314,11020520,9886539,24127964,19467764,26054109,22447624,26409150,18222435,21397694,26054109
407011,MIR23B,25449831,2454848,11675475,12760253,15588473,10381818,19230253,9436699,26216523,18490013,16750201,19055724,20858448,20537326,24188612,23141164,22017422,10433073,9764347,8738720,15507512,25912412,25194152,20031030,24188612,19429661,25446850,22384446,19903049,19401003,24613539,17624337,24210790,9130910,24613539,17609243,15236995,14748845,18955785,16723371,18644593,15019822,16723371,16762179,17141400,18644593,15019822,25201101,23340055,22883517,22736326,25422360,24661731,22563025,11883311,16644787,12107265,22065163,23011643,17509581,16309234,11163832,19931078,22266326,25134292,16533339,9065182,12372468,15104227,19931078,19931078,17983420,15120698,20063560,20190557,23302395,16249290,23472165,24012197,16084891,24571615,25912412,16750201,11912283,19055724,12029073,24648304,25912412,12934347,16150151,11020520,24127964,20137818,9102363,24018808,22884659,16616093,18849443,25912412,9065182,9043920,22563025,25996258,12934347,16202314,11020520,9886539,24127964,19467764,26054109,22447624,26409150,18222435,21397694,26054109
407010,MIR23A,25449831,2454848,11675475,12760253,15588473,10381818,19230253,9436699,26216523,18490013,16750201,19055724,20858448,20537326,24188612,23141164,22017422,10433073,9764347,8738720,15507512,25912412,25194152,20031030,24188612,19429661,25446850,22384446,19903049,19401003,24613539,17624337,24210790,9130910,24613539,17609243,15236995,14748845,18955785,16723371,18644593,15019822,16723371,16762179,17141400,18644593,15019822,25201101,23340055,22883517,22736326,25422360,24661731,22563025,11883311,16644787,12107265,22065163,23011643,17509581,16309234,11163832,19931078,22266326,25134292,16533339,9065182,12372468,15104227,19931078,19931078,17983420,15120698,20063560,20190557,23302395,16249290,23472165,24012197,16084891,24571615,25912412,16750201,11912283,19055724,12029073,24648304,25912412,12934347,16150151,11020520,24127964,20137818,9102363,24018808,22884659,16616093,18849443,25912412,9065182,9043920,22563025,25996258,12934347,16202314,11020520,9886539,24127964,19467764,26054109,22447624,26409150,18222435,21397694,26054109
200424,TET3,25449831,2454848,11675475,12760253,15588473,10381818,19230253,9436699,26216523,18490013,16750201,19055724,20858448,20537326,24188612,23141164,22017422,10433073,9764347,8738720,15507512,25912412,25194152,20031030,24188612,19429661,25446850,22384446,19903049,19401003,24613539,17624337,24210790,9130910,24613539,17609243,15236995,14748845,18955785,16723371,18644593,15019822,16723371,16762179,17141400,18644593,15019822,25201101,23340055,22883517,22736326,25422360,24661731,22563025,11883311,16644787,12107265,22065163,23011643,17509581,16309234,11163832,19931078,22266326,25134292,16533339,9065182,12372468,15104227,19931078,19931078,17983420,15120698,20063560,20190557,23302395,16249290,23472165,24012197,16084891,24571615,25912412,16750201,11912283,19055724,12029073,24648304,25912412,12934347,16150151,11020520,24127964,20137818,9102363,24018808,22884659,16616093,18849443,25912412,9065182,9043920,22563025,25996258,12934347,16202314,11020520,9886539,24127964,19467764,26054109,22447624,26409150,18222435,21397694,26054109
54790,TET2,25449831,2454848,11675475,12760253,15588473,10381818,19230253,9436699,26216523,18490013,16750201,19055724,20858448,20537326,24188612,23141164,22017422,10433073,9764347,8738720,15507512,25912412,25194152,20031030,24188612,19429661,25446850,22384446,19903049,19401003,24613539,17624337,24210790,9130910,24613539,17609243,15236995,14748845,18955785,16723371,18644593,15019822,16723371,16762179,17141400,18644593,15019822,25201101,23340055,22883517,22736326,25422360,24661731,22563025,11883311,16644787,12107265,22065163,23011643,17509581,16309234,11163832,19931078,22266326,25134292,16533339,9065182,12372468,15104227,19931078,19931078,17983420,15120698,20063560,20190557,23302395,16249290,23472165,24012197,16084891,24571615,25912412,16750201,11912283,19055724,12029073,24648304,25912412,12934347,16150151,11020520,24127964,20137818,9102363,24018808,22884659,16616093,18849443,25912412,9065182,9043920,22563025,25996258,12934347,16202314,11020520,9886539,24127964,19467764,26054109,22447624,26409150,18222435,21397694,26054109
80312,TET1,25449831,2454848,11675475,12760253,15588473,10381818,19230253,9436699,26216523,18490013,16750201,19055724,20858448,20537326,24188612,23141164,22017422,10433073,9764347,8738720,15507512,25912412,25194152,20031030,24188612,19429661,25446850,22384446,19903049,19401003,24613539,17624337,24210790,9130910,24613539,17609243,15236995,14748845,18955785,16723371,18644593,15019822,16723371,16762179,17141400,18644593,15019822,25201101,23340055,22883517,22736326,25422360,24661731,22563025,11883311,16644787,12107265,22065163,23011643,17509581,16309234,11163832,19931078,22266326,25134292,16533339,9065182,12372468,15104227,19931078,19931078,17983420,15120698,20063560,20190557,23302395,16249290,23472165,24012197,16084891,24571615,25912412,16750201,11912283,19055724,12029073,24648304,25912412,12934347,16150151,11020520,24127964,20137818,9102363,24018808,22884659,16616093,18849443,25912412,9065182,9043920,22563025,25996258,12934347,16202314,11020520,9886539,24127964,19467764,26054109,22447624,26409150,18222435,21397694,26054109
4909,NTF4,25449831,25449831,25449831,25449831,25449831,2454848,2454848,2454848,2454848,2454848,11675475,11675475,11675475,11675475,11675475,12760253,12760253,12760253,12760253,12760253,15588473,15588473,15588473,15588473,15588473,10381818,10381818,10381818,10381818,10381818,19230253,19230253,19230253,19230253,19230253,9436699,9436699,9436699,9436699,9436699,26216523,26216523,26216523,26216523,26216523,18490013,18490013,18490013,18490013,18490013,16750201,16750201,16750201,16750201,16750201,19055724,19055724,19055724,19055724,19055724,20858448,20858448,20858448,20858448,20858448,20537326,20537326,20537326,20537326,20537326,24188612,24188612,24188612,24188612,24188612,23141164,23141164,23141164,23141164,23141164,22017422,22017422,22017422,22017422,22017422,10433073,10433073,10433073,10433073,10433073,9764347,9764347,9764347,9764347,9764347,8738720,8738720,8738720,8738720,8738720,15507512,15507512,15507512,15507512,15507512,25912412,25912412,25912412,25912412,25912412,25194152,25194152,25194152,25194152,25194152,20031030,
6781,STC1,25449831,2454848,11675475,12760253,15588473,10381818,19230253,9436699,26216523,18490013,16750201,19055724,20858448,20537326,24188612,23141164,22017422,10433073,9764347,8738720,15507512,25912412,25194152,20031030,24188612,19429661,25446850,22384446,19903049,19401003,24613539,17624337,24210790,9130910,24613539,17609243,15236995,14748845,18955785,16723371,18644593,15019822,16723371,16762179,17141400,18644593,15019822,25201101,23340055,22883517,22736326,25422360,24661731,22563025,11883311,16644787,12107265,22065163,23011643,17509581,16309234,11163832,19931078,22266326,25134292,16533339,9065182,12372468,15104227,19931078,19931078,17983420,15120698,20063560,20190557,23302395,16249290,23472165,24012197,16084891,24571615,25912412,16750201,11912283,19055724,12029073,24648304,25912412,12934347,16150151,11020520,24127964,20137818,9102363,24018808,22884659,16616093,18849443,25912412,9065182,9043920,22563025,25996258,12934347,16202314,11020520,9886539,24127964,19467764,26054109,22447624,26409150,18222435,21397694,26054109
10859,LILRB1,25449831,2454848,11675475,12760253,15588473,10381818,19230253,9436699,26216523,18490013,16750201,19055724,20858448,20537326,24188612,23141164,22017422,10433073,9764347,8738720,15507512,25912412,25194152,20031030,24188612,19429661,25446850,22384446,19903049,19401003,24613539,17624337,24210790,9130910,24613539,17609243,15236995,14748845,18955785,16723371,18644593,15019822,16723371,16762179,17141400,18644593,15019822,25201101,23340055,22883517,22736326,25422360,24661731,22563025,11883311,16644787,12107265,22065163,23011643,17509581,16309234,11163832,19931078,22266326,25134292,16533339,9065182,12372468,15104227,19931078,19931078,17983420,15120698,20063560,20190557,23302395,16249290,23472165,24012197,16084891,24571615,25912412,16750201,11912283,19055724,12029073,24648304,25912412,12934347,16150151,11020520,24127964,20137818,9102363,24018808,22884659,16616093,18849443,25912412,9065182,9043920,22563025,25996258,12934347,16202314,11020520,9886539,24127964,19467764,26054109,22447624,26409150,18222435,21397694,26054109
7033,TFF3,25449831,2454848,11675475,12760253,15588473,10381818,19230253,9436699,26216523,18490013,16750201,19055724,20858448,20537326,24188612,23141164,22017422,10433073,9764347,8738720,15507512,25912412,25194152,20031030,24188612,19429661,25446850,22384446,19903049,19401003,24613539,17624337,24210790,9130910,24613539,17609243,15236995,14748845,18955785,16723371,18644593,15019822,16723371,16762179,17141400,18644593,15019822,25201101,23340055,22883517,22736326,25422360,24661731,22563025,11883311,16644787,12107265,22065163,23011643,17509581,16309234,11163832,19931078,22266326,25134292,16533339,9065182,12372468,15104227,19931078,19931078,17983420,15120698,20063560,20190557,23302395,16249290,23472165,24012197,16084891,24571615,25912412,16750201,11912283,19055724,12029073,24648304,25912412,12934347,16150151,11020520,24127964,20137818,9102363,24018808,22884659,16616093,18849443,25912412,9065182,9043920,22563025,25996258,12934347,16202314,11020520,9886539,24127964,19467764,26054109,22447624,26409150,18222435,21397694,26054109
406973,MIR196A2,25449831,2454848,11675475,12760253,15588473,10381818,19230253,9436699,26216523,18490013,16750201,19055724,20858448,20537326,24188612,23141164,22017422,10433073,9764347,8738720,15507512,25912412,25194152,20031030,24188612,19429661,25446850,22384446,19903049,19401003,24613539,17624337,24210790,9130910,24613539,17609243,15236995,14748845,18955785,16723371,18644593,15019822,16723371,16762179,17141400,18644593,15019822,25201101,23340055,22883517,22736326,25422360,24661731,22563025,11883311,16644787,12107265,22065163,23011643,17509581,16309234,11163832,19931078,22266326,25134292,16533339,9065182,12372468,15104227,19931078,19931078,17983420,15120698,20063560,20190557,23302395,16249290,23472165,24012197,16084891,24571615,25912412,16750201,11912283,19055724,12029073,24648304,25912412,12934347,16150151,11020520,24127964,20137818,9102363,24018808,22884659,16616093,18849443,25912412,9065182,9043920,22563025,25996258,12934347,16202314,11020520,9886539,24127964,19467764,26054109,22447624,26409150,18222435,21397694,26054109
1591,CYP24A1,25449831,2454848,11675475,12760253,15588473,10381818,19230253,9436699,26216523,18490013,16750201,19055724,20858448,20537326,24188612,23141164,22017422,10433073,9764347,8738720,15507512,25912412,25194152,20031030,24188612,19429661,25446850,22384446,19903049,19401003,24613539,17624337,24210790,9130910,24613539,17609243,15236995,14748845,18955785,16723371,18644593,15019822,16723371,16762179,17141400,18644593,15019822,25201101,23340055,22883517,22736326,25422360,24661731,22563025,11883311,16644787,12107265,22065163,23011643,17509581,16309234,11163832,19931078,22266326,25134292,16533339,9065182,12372468,15104227,19931078,19931078,17983420,15120698,20063560,20190557,23302395,16249290,23472165,24012197,16084891,24571615,25912412,16750201,11912283,19055724,12029073,24648304,25912412,12934347,16150151,11020520,24127964,20137818,9102363,24018808,22884659,16616093,18849443,25912412,9065182,9043920,22563025,25996258,12934347,16202314,11020520,9886539,24127964,19467764,26054109,22447624,26409150,18222435,21397694,26054109
79602,ADIPOR2,25449831,2454848,11675475,12760253,15588473,10381818,19230253,9436699,26216523,18490013,16750201,19055724,20858448,20537326,24188612,23141164,22017422,10433073,9764347,8738720,15507512,25912412,25194152,20031030,24188612,19429661,25446850,22384446,19903049,19401003,24613539,17624337,24210790,9130910,24613539,17609243,15236995,14748845,18955785,16723371,18644593,15019822,16723371,16762179,17141400,18644593,15019822,25201101,23340055,22883517,22736326,25422360,24661731,22563025,11883311,16644787,12107265,22065163,23011643,17509581,16309234,11163832,19931078,22266326,25134292,16533339,9065182,12372468,15104227,19931078,19931078,17983420,15120698,20063560,20190557,23302395,16249290,23472165,24012197,16084891,24571615,25912412,16750201,11912283,19055724,12029073,24648304,25912412,12934347,16150151,11020520,24127964,20137818,9102363,24018808,22884659,16616093,18849443,25912412,9065182,9043920,22563025,25996258,12934347,16202314,11020520,9886539,24127964,19467764,26054109,22447624,26409150,18222435,21397694,26054109
51094,ADIPOR1,25449831,2454848,11675475,12760253,15588473,10381818,19230253,9436699,26216523,18490013,16750201,19055724,20858448,20537326,24188612,23141164,22017422,10433073,9764347,8738720,15507512,25912412,25194152,20031030,24188612,19429661,25446850,22384446,19903049,19401003,24613539,17624337,24210790,9130910,24613539,17609243,15236995,14748845,18955785,16723371,18644593,15019822,16723371,16762179,17141400,18644593,15019822,25201101,23340055,22883517,22736326,25422360,24661731,22563025,11883311,16644787,12107265,22065163,23011643,17509581,16309234,11163832,19931078,22266326,25134292,16533339,9065182,12372468,15104227,19931078,19931078,17983420,15120698,20063560,20190557,23302395,16249290,23472165,24012197,16084891,24571615,25912412,16750201,11912283,19055724,12029073,24648304,25912412,12934347,16150151,11020520,24127964,20137818,9102363,24018808,22884659,16616093,18849443,25912412,9065182,9043920,22563025,25996258,12934347,16202314,11020520,9886539,24127964,19467764,26054109,22447624,26409150,18222435,21397694,26054109
1634,DCN,25449831,2454848,11675475,12760253,15588473,10381818,19230253,9436699,26216523,18490013,16750201,19055724,20858448,20537326,24188612,23141164,22017422,10433073,9764347,8738720,15507512,25912412,25194152,20031030,24188612,19429661,25446850,22384446,19903049,19401003,24613539,17624337,24210790,9130910,24613539,17609243,15236995,14748845,18955785,16723371,18644593,15019822,16723371,16762179,17141400,18644593,15019822,25201101,23340055,22883517,22736326,25422360,24661731,22563025,11883311,16644787,12107265,22065163,23011643,17509581,16309234,11163832,19931078,22266326,25134292,16533339,9065182,12372468,15104227,19931078,19931078,17983420,15120698,20063560,20190557,23302395,16249290,23472165,24012197,16084891,24571615,25912412,16750201,11912283,19055724,12029073,24648304,25912412,12934347,16150151,11020520,24127964,20137818,9102363,24018808,22884659,16616093,18849443,25912412,9065182,9043920,22563025,25996258,12934347,16202314,11020520,9886539,24127964,19467764,26054109,22447624,26409150,18222435,21397694,26054109
1236,CCR7,25449831,2454848,11675475,12760253,15588473,10381818,19230253,9436699,26216523,18490013,16750201,19055724,20858448,20537326,24188612,23141164,22017422,10433073,9764347,8738720,15507512,25912412,25194152,20031030,24188612,19429661,25446850,22384446,19903049,19401003,24613539,17624337,24210790,9130910,24613539,17609243,15236995,14748845,18955785,16723371,18644593,15019822,16723371,16762179,17141400,18644593,15019822,25201101,23340055,22883517,22736326,25422360,24661731,22563025,11883311,16644787,12107265,22065163,23011643,17509581,16309234,11163832,19931078,22266326,25134292,16533339,9065182,12372468,15104227,19931078,19931078,17983420,15120698,20063560,20190557,23302395,16249290,23472165,24012197,16084891,24571615,25912412,16750201,11912283,19055724,12029073,24648304,25912412,12934347,16150151,11020520,24127964,20137818,9102363,24018808,22884659,16616093,18849443,25912412,9065182,9043920,22563025,25996258,12934347,16202314,11020520,9886539,24127964,19467764,26054109,22447624,26409150,18222435,21397694,26054109
4852,NPY,25449831,2454848,11675475,12760253,15588473,10381818,19230253,9436699,26216523,18490013,16750201,19055724,20858448,20537326,24188612,23141164,22017422,10433073,9764347,8738720,15507512,25912412,25194152,20031030,24188612,19429661,25446850,22384446,19903049,19401003,24613539,17624337,24210790,9130910,24613539,17609243,15236995,14748845,18955785,16723371,18644593,15019822,16723371,16762179,17141400,18644593,15019822,25201101,23340055,22883517,22736326,25422360,24661731,22563025,11883311,16644787,12107265,22065163,23011643,17509581,16309234,11163832,19931078,22266326,25134292,16533339,9065182,12372468,15104227,19931078,19931078,17983420,15120698,20063560,20190557,23302395,16249290,23472165,24012197,16084891,24571615,25912412,16750201,11912283,19055724,12029073,24648304,25912412,12934347,16150151,11020520,24127964,20137818,9102363,24018808,22884659,16616093,18849443,25912412,9065182,9043920,22563025,25996258,12934347,16202314,11020520,9886539,24127964,19467764,26054109,22447624,26409150,18222435,21397694,26054109
22914,KLRK1,25449831,2454848,11675475,12760253,15588473,10381818,19230253,9436699,26216523,18490013,16750201,19055724,20858448,20537326,24188612,23141164,22017422,10433073,9764347,8738720,15507512,25912412,25194152,20031030,24188612,19429661,25446850,22384446,19903049,19401003,24613539,17624337,24210790,9130910,24613539,17609243,15236995,14748845,18955785,16723371,18644593,15019822,16723371,16762179,17141400,18644593,15019822,25201101,23340055,22883517,22736326,25422360,24661731,22563025,11883311,16644787,12107265,22065163,23011643,17509581,16309234,11163832,19931078,22266326,25134292,16533339,9065182,12372468,15104227,19931078,19931078,17983420,15120698,20063560,20190557,23302395,16249290,23472165,24012197,16084891,24571615,25912412,16750201,11912283,19055724,12029073,24648304,25912412,12934347,16150151,11020520,24127964,20137818,9102363,24018808,22884659,16616093,18849443,25912412,9065182,9043920,22563025,25996258,12934347,16202314,11020520,9886539,24127964,19467764,26054109,22447624,26409150,18222435,21397694,26054109
2272,FHIT,25449831,2454848,11675475,12760253,15588473,10381818,19230253,9436699,26216523,18490013,16750201,19055724,20858448,20537326,24188612,23141164,22017422,10433073,9764347,8738720,15507512,25912412,25194152,20031030,24188612,19429661,25446850,22384446,19903049,19401003,24613539,17624337,24210790,9130910,24613539,17609243,15236995,14748845,18955785,16723371,18644593,15019822,16723371,16762179,17141400,18644593,15019822,25201101,23340055,22883517,22736326,25422360,24661731,22563025,11883311,16644787,12107265,22065163,23011643,17509581,16309234,11163832,19931078,22266326,25134292,16533339,9065182,12372468,15104227,19931078,19931078,17983420,15120698,20063560,20190557,23302395,16249290,23472165,24012197,16084891,24571615,25912412,16750201,11912283,19055724,12029073,24648304,25912412,12934347,16150151,11020520,24127964,20137818,9102363,24018808,22884659,16616093,18849443,25912412,9065182,9043920,22563025,25996258,12934347,16202314,11020520,9886539,24127964,19467764,26054109,22447624,26409150,18222435,21397694,26054109
3122,HLA-DRA,25449831,2454848,11675475,12760253,15588473,10381818,19230253,9436699,26216523,18490013,16750201,19055724,20858448,20537326,24188612,23141164,22017422,10433073,9764347,8738720,15507512,25912412,25194152,20031030,24188612,19429661,25446850,22384446,19903049,19401003,24613539,17624337,24210790,9130910,24613539,17609243,15236995,14748845,18955785,16723371,18644593,15019822,16723371,16762179,17141400,18644593,15019822,25201101,23340055,22883517,22736326,25422360,24661731,22563025,11883311,16644787,12107265,22065163,23011643,17509581,16309234,11163832,19931078,22266326,25134292,16533339,9065182,12372468,15104227,19931078,19931078,17983420,15120698,20063560,20190557,23302395,16249290,23472165,24012197,16084891,24571615,25912412,16750201,11912283,19055724,12029073,24648304,25912412,12934347,16150151,11020520,24127964,20137818,9102363,24018808,22884659,16616093,18849443,25912412,9065182,9043920,22563025,25996258,12934347,16202314,11020520,9886539,24127964,19467764,26054109,22447624,26409150,18222435,21397694,26054109
387332,TBPL2,25449831,25449831,25449831,2454848,2454848,2454848,11675475,11675475,11675475,12760253,12760253,12760253,15588473,15588473,15588473,10381818,10381818,10381818,19230253,19230253,19230253,9436699,9436699,9436699,26216523,26216523,26216523,18490013,18490013,18490013,16750201,16750201,16750201,19055724,19055724,19055724,20858448,20858448,20858448,20537326,20537326,20537326,24188612,24188612,24188612,23141164,23141164,23141164,22017422,22017422,22017422,10433073,10433073,10433073,9764347,9764347,9764347,8738720,8738720,8738720,15507512,15507512,15507512,25912412,25912412,25912412,25194152,25194152,25194152,20031030,20031030,20031030,24188612,24188612,24188612,19429661,19429661,19429661,25446850,25446850,25446850,22384446,22384446,22384446,19903049,19903049,19903049,19401003,19401003,19401003,24613539,24613539,24613539,17624337,17624337,17624337,24210790,24210790,24210790,9130910,9130910,9130910,24613539,24613539,24613539,17609243,17609243,17609243,15236995,15236995,15236995,14748845,14748845,14748845,18955785,1895
10963,STIP1,25449831,2454848,11675475,12760253,15588473,10381818,19230253,9436699,26216523,18490013,16750201,19055724,20858448,20537326,24188612,23141164,22017422,10433073,9764347,8738720,15507512,25912412,25194152,20031030,24188612,19429661,25446850,22384446,19903049,19401003,24613539,17624337,24210790,9130910,24613539,17609243,15236995,14748845,18955785,16723371,18644593,15019822,16723371,16762179,17141400,18644593,15019822,25201101,23340055,22883517,22736326,25422360,24661731,22563025,11883311,16644787,12107265,22065163,23011643,17509581,16309234,11163832,19931078,22266326,25134292,16533339,9065182,12372468,15104227,19931078,19931078,17983420,15120698,20063560,20190557,23302395,16249290,23472165,24012197,16084891,24571615,25912412,16750201,11912283,19055724,12029073,24648304,25912412,12934347,16150151,11020520,24127964,20137818,9102363,24018808,22884659,16616093,18849443,25912412,9065182,9043920,22563025,25996258,12934347,16202314,11020520,9886539,24127964,19467764,26054109,22447624,26409150,18222435,21397694,26054109
6775,STAT4,25449831,2454848,11675475,12760253,15588473,10381818,19230253,9436699,26216523,18490013,16750201,19055724,20858448,20537326,24188612,23141164,22017422,10433073,9764347,8738720,15507512,25912412,25194152,20031030,24188612,19429661,25446850,22384446,19903049,19401003,24613539,17624337,24210790,9130910,24613539,17609243,15236995,14748845,18955785,16723371,18644593,15019822,16723371,16762179,17141400,18644593,15019822,25201101,23340055,22883517,22736326,25422360,24661731,22563025,11883311,16644787,12107265,22065163,23011643,17509581,16309234,11163832,19931078,22266326,25134292,16533339,9065182,12372468,15104227,19931078,19931078,17983420,15120698,20063560,20190557,23302395,16249290,23472165,24012197,16084891,24571615,25912412,16750201,11912283,19055724,12029073,24648304,25912412,12934347,16150151,11020520,24127964,20137818,9102363,24018808,22884659,16616093,18849443,25912412,9065182,9043920,22563025,25996258,12934347,16202314,11020520,9886539,24127964,19467764,26054109,22447624,26409150,18222435,21397694,26054109
6615,SNAI1,25449831,2454848,11675475,12760253,15588473,10381818,19230253,9436699,26216523,18490013,16750201,19055724,20858448,20537326,24188612,23141164,22017422,10433073,9764347,8738720,15507512,25912412,25194152,20031030,24188612,19429661,25446850,22384446,19903049,19401003,24613539,17624337,24210790,9130910,24613539,17609243,15236995,14748845,18955785,16723371,18644593,15019822,16723371,16762179,17141400,18644593,15019822,25201101,23340055,22883517,22736326,25422360,24661731,22563025,11883311,16644787,12107265,22065163,23011643,17509581,16309234,11163832,19931078,22266326,25134292,16533339,9065182,12372468,15104227,19931078,19931078,17983420,15120698,20063560,20190557,23302395,16249290,23472165,24012197,16084891,24571615,25912412,16750201,11912283,19055724,12029073,24648304,25912412,12934347,16150151,11020520,24127964,20137818,9102363,24018808,22884659,16616093,18849443,25912412,9065182,9043920,22563025,25996258,12934347,16202314,11020520,9886539,24127964,19467764,26054109,22447624,26409150,18222435,21397694,26054109
64094,SMOC2,25449831,2454848,11675475,12760253,15588473,10381818,19230253,9436699,26216523,18490013,16750201,19055724,20858448,20537326,24188612,23141164,22017422,10433073,9764347,8738720,15507512,25912412,25194152,20031030,24188612,19429661,25446850,22384446,19903049,19401003,24613539,17624337,24210790,9130910,24613539,17609243,15236995,14748845,18955785,16723371,18644593,15019822,16723371,16762179,17141400,18644593,15019822,25201101,23340055,22883517,22736326,25422360,24661731,22563025,11883311,16644787,12107265,22065163,23011643,17509581,16309234,11163832,19931078,22266326,25134292,16533339,9065182,12372468,15104227,19931078,19931078,17983420,15120698,20063560,20190557,23302395,16249290,23472165,24012197,16084891,24571615,25912412,16750201,11912283,19055724,12029073,24648304,25912412,12934347,16150151,11020520,24127964,20137818,9102363,24018808,22884659,16616093,18849443,25912412,9065182,9043920,22563025,25996258,12934347,16202314,11020520,9886539,24127964,19467764,26054109,22447624,26409150,18222435,21397694,26054109
6446,SGK1,25449831,2454848,11675475,12760253,15588473,10381818,19230253,9436699,26216523,18490013,16750201,19055724,20858448,20537326,24188612,23141164,22017422,10433073,9764347,8738720,15507512,25912412,25194152,20031030,24188612,19429661,25446850,22384446,19903049,19401003,24613539,17624337,24210790,9130910,24613539,17609243,15236995,14748845,18955785,16723371,18644593,15019822,16723371,16762179,17141400,18644593,15019822,25201101,23340055,22883517,22736326,25422360,24661731,22563025,11883311,16644787,12107265,22065163,23011643,17509581,16309234,11163832,19931078,22266326,25134292,16533339,9065182,12372468,15104227,19931078,19931078,17983420,15120698,20063560,20190557,23302395,16249290,23472165,24012197,16084891,24571615,25912412,16750201,11912283,19055724,12029073,24648304,25912412,12934347,16150151,11020520,24127964,20137818,9102363,24018808,22884659,16616093,18849443,25912412,9065182,9043920,22563025,25996258,12934347,16202314,11020520,9886539,24127964,19467764,26054109,22447624,26409150,18222435,21397694,26054109
5265,SERPINA1,25449831,2454848,11675475,12760253,15588473,10381818,19230253,9436699,26216523,18490013,16750201,19055724,20858448,20537326,24188612,23141164,22017422,10433073,9764347,8738720,15507512,25912412,25194152,20031030,24188612,19429661,25446850,22384446,19903049,19401003,24613539,17624337,24210790,9130910,24613539,17609243,15236995,14748845,18955785,16723371,18644593,15019822,16723371,16762179,17141400,18644593,15019822,25201101,23340055,22883517,22736326,25422360,24661731,22563025,11883311,16644787,12107265,22065163,23011643,17509581,16309234,11163832,19931078,22266326,25134292,16533339,9065182,12372468,15104227,19931078,19931078,17983420,15120698,20063560,20190557,23302395,16249290,23472165,24012197,16084891,24571615,25912412,16750201,11912283,19055724,12029073,24648304,25912412,12934347,16150151,11020520,24127964,20137818,9102363,24018808,22884659,16616093,18849443,25912412,9065182,9043920,22563025,25996258,12934347,16202314,11020520,9886539,24127964,19467764,26054109,22447624,26409150,18222435,21397694,26054109
10512,SEMA3C,25449831,2454848,11675475,12760253,15588473,10381818,19230253,9436699,26216523,18490013,16750201,19055724,20858448,20537326,24188612,23141164,22017422,10433073,9764347,8738720,15507512,25912412,25194152,20031030,24188612,19429661,25446850,22384446,19903049,19401003,24613539,17624337,24210790,9130910,24613539,17609243,15236995,14748845,18955785,16723371,18644593,15019822,16723371,16762179,17141400,18644593,15019822,25201101,23340055,22883517,22736326,25422360,24661731,22563025,11883311,16644787,12107265,22065163,23011643,17509581,16309234,11163832,19931078,22266326,25134292,16533339,9065182,12372468,15104227,19931078,19931078,17983420,15120698,20063560,20190557,23302395,16249290,23472165,24012197,16084891,24571615,25912412,16750201,11912283,19055724,12029073,24648304,25912412,12934347,16150151,11020520,24127964,20137818,9102363,24018808,22884659,16616093,18849443,25912412,9065182,9043920,22563025,25996258,12934347,16202314,11020520,9886539,24127964,19467764,26054109,22447624,26409150,18222435,21397694,26054109
6385,SDC4,25449831,2454848,11675475,12760253,15588473,10381818,19230253,9436699,26216523,18490013,16750201,19055724,20858448,20537326,24188612,23141164,22017422,10433073,9764347,8738720,15507512,25912412,25194152,20031030,24188612,19429661,25446850,22384446,19903049,19401003,24613539,17624337,24210790,9130910,24613539,17609243,15236995,14748845,18955785,16723371,18644593,15019822,16723371,16762179,17141400,18644593,15019822,25201101,23340055,22883517,22736326,25422360,24661731,22563025,11883311,16644787,12107265,22065163,23011643,17509581,16309234,11163832,19931078,22266326,25134292,16533339,9065182,12372468,15104227,19931078,19931078,17983420,15120698,20063560,20190557,23302395,16249290,23472165,24012197,16084891,24571615,25912412,16750201,11912283,19055724,12029073,24648304,25912412,12934347,16150151,11020520,24127964,20137818,9102363,24018808,22884659,16616093,18849443,25912412,9065182,9043920,22563025,25996258,12934347,16202314,11020520,9886539,24127964,19467764,26054109,22447624,26409150,18222435,21397694,26054109
5919,RARRES2,25449831,2454848,11675475,12760253,15588473,10381818,19230253,9436699,26216523,18490013,16750201,19055724,20858448,20537326,24188612,23141164,22017422,10433073,9764347,8738720,15507512,25912412,25194152,20031030,24188612,19429661,25446850,22384446,19903049,19401003,24613539,17624337,24210790,9130910,24613539,17609243,15236995,14748845,18955785,16723371,18644593,15019822,16723371,16762179,17141400,18644593,15019822,25201101,23340055,22883517,22736326,25422360,24661731,22563025,11883311,16644787,12107265,22065163,23011643,17509581,16309234,11163832,19931078,22266326,25134292,16533339,9065182,12372468,15104227,19931078,19931078,17983420,15120698,20063560,20190557,23302395,16249290,23472165,24012197,16084891,24571615,25912412,16750201,11912283,19055724,12029073,24648304,25912412,12934347,16150151,11020520,24127964,20137818,9102363,24018808,22884659,16616093,18849443,25912412,9065182,9043920,22563025,25996258,12934347,16202314,11020520,9886539,24127964,19467764,26054109,22447624,26409150,18222435,21397694,26054109
5879,RAC1,25449831,2454848,11675475,12760253,15588473,10381818,19230253,9436699,26216523,18490013,16750201,19055724,20858448,20537326,24188612,23141164,22017422,10433073,9764347,8738720,15507512,25912412,25194152,20031030,24188612,19429661,25446850,22384446,19903049,19401003,24613539,17624337,24210790,9130910,24613539,17609243,15236995,14748845,18955785,16723371,18644593,15019822,16723371,16762179,17141400,18644593,15019822,25201101,23340055,22883517,22736326,25422360,24661731,22563025,11883311,16644787,12107265,22065163,23011643,17509581,16309234,11163832,19931078,22266326,25134292,16533339,9065182,12372468,15104227,19931078,19931078,17983420,15120698,20063560,20190557,23302395,16249290,23472165,24012197,16084891,24571615,25912412,16750201,11912283,19055724,12029073,24648304,25912412,12934347,16150151,11020520,24127964,20137818,9102363,24018808,22884659,16616093,18849443,25912412,9065182,9043920,22563025,25996258,12934347,16202314,11020520,9886539,24127964,19467764,26054109,22447624,26409150,18222435,21397694,26054109
5747,PTK2,25449831,2454848,11675475,12760253,15588473,10381818,19230253,9436699,26216523,18490013,16750201,19055724,20858448,20537326,24188612,23141164,22017422,10433073,9764347,8738720,15507512,25912412,25194152,20031030,24188612,19429661,25446850,22384446,19903049,19401003,24613539,17624337,24210790,9130910,24613539,17609243,15236995,14748845,18955785,16723371,18644593,15019822,16723371,16762179,17141400,18644593,15019822,25201101,23340055,22883517,22736326,25422360,24661731,22563025,11883311,16644787,12107265,22065163,23011643,17509581,16309234,11163832,19931078,22266326,25134292,16533339,9065182,12372468,15104227,19931078,19931078,17983420,15120698,20063560,20190557,23302395,16249290,23472165,24012197,16084891,24571615,25912412,16750201,11912283,19055724,12029073,24648304,25912412,12934347,16150151,11020520,24127964,20137818,9102363,24018808,22884659,16616093,18849443,25912412,9065182,9043920,22563025,25996258,12934347,16202314,11020520,9886539,24127964,19467764,26054109,22447624,26409150,18222435,21397694,26054109
5660,PSAP,25449831,2454848,11675475,12760253,15588473,10381818,19230253,9436699,26216523,18490013,16750201,19055724,20858448,20537326,24188612,23141164,22017422,10433073,9764347,8738720,15507512,25912412,25194152,20031030,24188612,19429661,25446850,22384446,19903049,19401003,24613539,17624337,24210790,9130910,24613539,17609243,15236995,14748845,18955785,16723371,18644593,15019822,16723371,16762179,17141400,18644593,15019822,25201101,23340055,22883517,22736326,25422360,24661731,22563025,11883311,16644787,12107265,22065163,23011643,17509581,16309234,11163832,19931078,22266326,25134292,16533339,9065182,12372468,15104227,19931078,19931078,17983420,15120698,20063560,20190557,23302395,16249290,23472165,24012197,16084891,24571615,25912412,16750201,11912283,19055724,12029073,24648304,25912412,12934347,16150151,11020520,24127964,20137818,9102363,24018808,22884659,16616093,18849443,25912412,9065182,9043920,22563025,25996258,12934347,16202314,11020520,9886539,24127964,19467764,26054109,22447624,26409150,18222435,21397694,26054109
5549,PRELP,25449831,2454848,11675475,12760253,15588473,10381818,19230253,9436699,26216523,18490013,16750201,19055724,20858448,20537326,24188612,23141164,22017422,10433073,9764347,8738720,15507512,25912412,25194152,20031030,24188612,19429661,25446850,22384446,19903049,19401003,24613539,17624337,24210790,9130910,24613539,17609243,15236995,14748845,18955785,16723371,18644593,15019822,16723371,16762179,17141400,18644593,15019822,25201101,23340055,22883517,22736326,25422360,24661731,22563025,11883311,16644787,12107265,22065163,23011643,17509581,16309234,11163832,19931078,22266326,25134292,16533339,9065182,12372468,15104227,19931078,19931078,17983420,15120698,20063560,20190557,23302395,16249290,23472165,24012197,16084891,24571615,25912412,16750201,11912283,19055724,12029073,24648304,25912412,12934347,16150151,11020520,24127964,20137818,9102363,24018808,22884659,16616093,18849443,25912412,9065182,9043920,22563025,25996258,12934347,16202314,11020520,9886539,24127964,19467764,26054109,22447624,26409150,18222435,21397694,26054109
4860,PNP,25449831,2454848,11675475,12760253,15588473,10381818,19230253,9436699,26216523,18490013,16750201,19055724,20858448,20537326,24188612,23141164,22017422,10433073,9764347,8738720,15507512,25912412,25194152,20031030,24188612,19429661,25446850,22384446,19903049,19401003,24613539,17624337,24210790,9130910,24613539,17609243,15236995,14748845,18955785,16723371,18644593,15019822,16723371,16762179,17141400,18644593,15019822,25201101,23340055,22883517,22736326,25422360,24661731,22563025,11883311,16644787,12107265,22065163,23011643,17509581,16309234,11163832,19931078,22266326,25134292,16533339,9065182,12372468,15104227,19931078,19931078,17983420,15120698,20063560,20190557,23302395,16249290,23472165,24012197,16084891,24571615,25912412,16750201,11912283,19055724,12029073,24648304,25912412,12934347,16150151,11020520,24127964,20137818,9102363,24018808,22884659,16616093,18849443,25912412,9065182,9043920,22563025,25996258,12934347,16202314,11020520,9886539,24127964,19467764,26054109,22447624,26409150,18222435,21397694,26054109
51561,IL23A,25449831,25449831,2454848,2454848,11675475,11675475,12760253,12760253,15588473,15588473,10381818,10381818,19230253,19230253,9436699,9436699,26216523,26216523,18490013,18490013,16750201,16750201,19055724,19055724,20858448,20858448,20537326,20537326,24188612,24188612,23141164,23141164,22017422,22017422,10433073,10433073,9764347,9764347,8738720,8738720,15507512,15507512,25912412,25912412,25194152,25194152,20031030,20031030,24188612,24188612,19429661,19429661,25446850,25446850,22384446,22384446,19903049,19903049,19401003,19401003,24613539,24613539,17624337,17624337,24210790,24210790,9130910,9130910,24613539,24613539,17609243,17609243,15236995,15236995,14748845,14748845,18955785,18955785,16723371,16723371,18644593,18644593,15019822,15019822,16723371,16723371,16762179,16762179,17141400,17141400,18644593,18644593,15019822,15019822,25201101,25201101,23340055,23340055,22883517,22883517,22736326,22736326,25422360,25422360,24661731,24661731,22563025,22563025,11883311,11883311,16644787,16644787,12107265,12107265,22065163
5024,P2RX3,25449831,2454848,11675475,12760253,15588473,10381818,19230253,9436699,26216523,18490013,16750201,19055724,20858448,20537326,24188612,23141164,22017422,10433073,9764347,8738720,15507512,25912412,25194152,20031030,24188612,19429661,25446850,22384446,19903049,19401003,24613539,17624337,24210790,9130910,24613539,17609243,15236995,14748845,18955785,16723371,18644593,15019822,16723371,16762179,17141400,18644593,15019822,25201101,23340055,22883517,22736326,25422360,24661731,22563025,11883311,16644787,12107265,22065163,23011643,17509581,16309234,11163832,19931078,22266326,25134292,16533339,9065182,12372468,15104227,19931078,19931078,17983420,15120698,20063560,20190557,23302395,16249290,23472165,24012197,16084891,24571615,25912412,16750201,11912283,19055724,12029073,24648304,25912412,12934347,16150151,11020520,24127964,20137818,9102363,24018808,22884659,16616093,18849443,25912412,9065182,9043920,22563025,25996258,12934347,16202314,11020520,9886539,24127964,19467764,26054109,22447624,26409150,18222435,21397694,26054109
7026,NR2F2,25449831,25449831,2454848,2454848,11675475,11675475,12760253,12760253,15588473,15588473,10381818,10381818,19230253,19230253,9436699,9436699,26216523,26216523,18490013,18490013,16750201,16750201,19055724,19055724,20858448,20858448,20537326,20537326,24188612,24188612,23141164,23141164,22017422,22017422,10433073,10433073,9764347,9764347,8738720,8738720,15507512,15507512,25912412,25912412,25194152,25194152,20031030,20031030,24188612,24188612,19429661,19429661,25446850,25446850,22384446,22384446,19903049,19903049,19401003,19401003,24613539,24613539,17624337,17624337,24210790,24210790,9130910,9130910,24613539,24613539,17609243,17609243,15236995,15236995,14748845,14748845,18955785,18955785,16723371,16723371,18644593,18644593,15019822,15019822,16723371,16723371,16762179,16762179,17141400,17141400,18644593,18644593,15019822,15019822,25201101,25201101,23340055,23340055,22883517,22883517,22736326,22736326,25422360,25422360,24661731,24661731,22563025,22563025,11883311,11883311,16644787,16644787,12107265,12107265,22065163
2100,ESR2,25449831,2454848,11675475,12760253,15588473,10381818,19230253,9436699,26216523,18490013,16750201,19055724,20858448,20537326,24188612,23141164,22017422,10433073,9764347,8738720,15507512,25912412,25194152,20031030,24188612,19429661,25446850,22384446,19903049,19401003,24613539,17624337,24210790,9130910,24613539,17609243,15236995,14748845,18955785,16723371,18644593,15019822,16723371,16762179,17141400,18644593,15019822,25201101,23340055,22883517,22736326,25422360,24661731,22563025,11883311,16644787,12107265,22065163,23011643,17509581,16309234,11163832,19931078,22266326,25134292,16533339,9065182,12372468,15104227,19931078,19931078,17983420,15120698,20063560,20190557,23302395,16249290,23472165,24012197,16084891,24571615,25912412,16750201,11912283,19055724,12029073,24648304,25912412,12934347,16150151,11020520,24127964,20137818,9102363,24018808,22884659,16616093,18849443,25912412,9065182,9043920,22563025,25996258,12934347,16202314,11020520,9886539,24127964,19467764,26054109,22447624,26409150,18222435,21397694,26054109
4780,NFE2L2,25449831,2454848,11675475,12760253,15588473,10381818,19230253,9436699,26216523,18490013,16750201,19055724,20858448,20537326,24188612,23141164,22017422,10433073,9764347,8738720,15507512,25912412,25194152,20031030,24188612,19429661,25446850,22384446,19903049,19401003,24613539,17624337,24210790,9130910,24613539,17609243,15236995,14748845,18955785,16723371,18644593,15019822,16723371,16762179,17141400,18644593,15019822,25201101,23340055,22883517,22736326,25422360,24661731,22563025,11883311,16644787,12107265,22065163,23011643,17509581,16309234,11163832,19931078,22266326,25134292,16533339,9065182,12372468,15104227,19931078,19931078,17983420,15120698,20063560,20190557,23302395,16249290,23472165,24012197,16084891,24571615,25912412,16750201,11912283,19055724,12029073,24648304,25912412,12934347,16150151,11020520,24127964,20137818,9102363,24018808,22884659,16616093,18849443,25912412,9065182,9043920,22563025,25996258,12934347,16202314,11020520,9886539,24127964,19467764,26054109,22447624,26409150,18222435,21397694,26054109
1588,CYP19A1,25449831,2454848,11675475,12760253,15588473,10381818,19230253,9436699,26216523,18490013,16750201,19055724,20858448,20537326,24188612,23141164,22017422,10433073,9764347,8738720,15507512,25912412,25194152,20031030,24188612,19429661,25446850,22384446,19903049,19401003,24613539,17624337,24210790,9130910,24613539,17609243,15236995,14748845,18955785,16723371,18644593,15019822,16723371,16762179,17141400,18644593,15019822,25201101,23340055,22883517,22736326,25422360,24661731,22563025,11883311,16644787,12107265,22065163,23011643,17509581,16309234,11163832,19931078,22266326,25134292,16533339,9065182,12372468,15104227,19931078,19931078,17983420,15120698,20063560,20190557,23302395,16249290,23472165,24012197,16084891,24571615,25912412,16750201,11912283,19055724,12029073,24648304,25912412,12934347,16150151,11020520,24127964,20137818,9102363,24018808,22884659,16616093,18849443,25912412,9065182,9043920,22563025,25996258,12934347,16202314,11020520,9886539,24127964,19467764,26054109,22447624,26409150,18222435,21397694,26054109
4360,MRC1,25449831,2454848,11675475,12760253,15588473,10381818,19230253,9436699,26216523,18490013,16750201,19055724,20858448,20537326,24188612,23141164,22017422,10433073,9764347,8738720,15507512,25912412,25194152,20031030,24188612,19429661,25446850,22384446,19903049,19401003,24613539,17624337,24210790,9130910,24613539,17609243,15236995,14748845,18955785,16723371,18644593,15019822,16723371,16762179,17141400,18644593,15019822,25201101,23340055,22883517,22736326,25422360,24661731,22563025,11883311,16644787,12107265,22065163,23011643,17509581,16309234,11163832,19931078,22266326,25134292,16533339,9065182,12372468,15104227,19931078,19931078,17983420,15120698,20063560,20190557,23302395,16249290,23472165,24012197,16084891,24571615,25912412,16750201,11912283,19055724,12029073,24648304,25912412,12934347,16150151,11020520,24127964,20137818,9102363,24018808,22884659,16616093,18849443,25912412,9065182,9043920,22563025,25996258,12934347,16202314,11020520,9886539,24127964,19467764,26054109,22447624,26409150,18222435,21397694,26054109
574506,MIR503,25449831,2454848,11675475,12760253,15588473,10381818,19230253,9436699,26216523,18490013,16750201,19055724,20858448,20537326,24188612,23141164,22017422,10433073,9764347,8738720,15507512,25912412,25194152,20031030,24188612,19429661,25446850,22384446,19903049,19401003,24613539,17624337,24210790,9130910,24613539,17609243,15236995,14748845,18955785,16723371,18644593,15019822,16723371,16762179,17141400,18644593,15019822,25201101,23340055,22883517,22736326,25422360,24661731,22563025,11883311,16644787,12107265,22065163,23011643,17509581,16309234,11163832,19931078,22266326,25134292,16533339,9065182,12372468,15104227,19931078,19931078,17983420,15120698,20063560,20190557,23302395,16249290,23472165,24012197,16084891,24571615,25912412,16750201,11912283,19055724,12029073,24648304,25912412,12934347,16150151,11020520,24127964,20137818,9102363,24018808,22884659,16616093,18849443,25912412,9065182,9043920,22563025,25996258,12934347,16202314,11020520,9886539,24127964,19467764,26054109,22447624,26409150,18222435,21397694,26054109
574411,MIR451A,25449831,2454848,11675475,12760253,15588473,10381818,19230253,9436699,26216523,18490013,16750201,19055724,20858448,20537326,24188612,23141164,22017422,10433073,9764347,8738720,15507512,25912412,25194152,20031030,24188612,19429661,25446850,22384446,19903049,19401003,24613539,17624337,24210790,9130910,24613539,17609243,15236995,14748845,18955785,16723371,18644593,15019822,16723371,16762179,17141400,18644593,15019822,25201101,23340055,22883517,22736326,25422360,24661731,22563025,11883311,16644787,12107265,22065163,23011643,17509581,16309234,11163832,19931078,22266326,25134292,16533339,9065182,12372468,15104227,19931078,19931078,17983420,15120698,20063560,20190557,23302395,16249290,23472165,24012197,16084891,24571615,25912412,16750201,11912283,19055724,12029073,24648304,25912412,12934347,16150151,11020520,24127964,20137818,9102363,24018808,22884659,16616093,18849443,25912412,9065182,9043920,22563025,25996258,12934347,16202314,11020520,9886539,24127964,19467764,26054109,22447624,26409150,18222435,21397694,26054109
100500908,MIR3613,25449831,2454848,11675475,12760253,15588473,10381818,19230253,9436699,26216523,18490013,16750201,19055724,20858448,20537326,24188612,23141164,22017422,10433073,9764347,8738720,15507512,25912412,25194152,20031030,24188612,19429661,25446850,22384446,19903049,19401003,24613539,17624337,24210790,9130910,24613539,17609243,15236995,14748845,18955785,16723371,18644593,15019822,16723371,16762179,17141400,18644593,15019822,25201101,23340055,22883517,22736326,25422360,24661731,22563025,11883311,16644787,12107265,22065163,23011643,17509581,16309234,11163832,19931078,22266326,25134292,16533339,9065182,12372468,15104227,19931078,19931078,17983420,15120698,20063560,20190557,23302395,16249290,23472165,24012197,16084891,24571615,25912412,16750201,11912283,19055724,12029073,24648304,25912412,12934347,16150151,11020520,24127964,20137818,9102363,24018808,22884659,16616093,18849443,25912412,9065182,9043920,22563025,25996258,12934347,16202314,11020520,9886539,24127964,19467764,26054109,22447624,26409150,18222435,21397694,26054109
406966,MIR191,25449831,2454848,11675475,12760253,15588473,10381818,19230253,9436699,26216523,18490013,16750201,19055724,20858448,20537326,24188612,23141164,22017422,10433073,9764347,8738720,15507512,25912412,25194152,20031030,24188612,19429661,25446850,22384446,19903049,19401003,24613539,17624337,24210790,9130910,24613539,17609243,15236995,14748845,18955785,16723371,18644593,15019822,16723371,16762179,17141400,18644593,15019822,25201101,23340055,22883517,22736326,25422360,24661731,22563025,11883311,16644787,12107265,22065163,23011643,17509581,16309234,11163832,19931078,22266326,25134292,16533339,9065182,12372468,15104227,19931078,19931078,17983420,15120698,20063560,20190557,23302395,16249290,23472165,24012197,16084891,24571615,25912412,16750201,11912283,19055724,12029073,24648304,25912412,12934347,16150151,11020520,24127964,20137818,9102363,24018808,22884659,16616093,18849443,25912412,9065182,9043920,22563025,25996258,12934347,16202314,11020520,9886539,24127964,19467764,26054109,22447624,26409150,18222435,21397694,26054109
406911,MIR125B1,25449831,2454848,11675475,12760253,15588473,10381818,19230253,9436699,26216523,18490013,16750201,19055724,20858448,20537326,24188612,23141164,22017422,10433073,9764347,8738720,15507512,25912412,25194152,20031030,24188612,19429661,25446850,22384446,19903049,19401003,24613539,17624337,24210790,9130910,24613539,17609243,15236995,14748845,18955785,16723371,18644593,15019822,16723371,16762179,17141400,18644593,15019822,25201101,23340055,22883517,22736326,25422360,24661731,22563025,11883311,16644787,12107265,22065163,23011643,17509581,16309234,11163832,19931078,22266326,25134292,16533339,9065182,12372468,15104227,19931078,19931078,17983420,15120698,20063560,20190557,23302395,16249290,23472165,24012197,16084891,24571615,25912412,16750201,11912283,19055724,12029073,24648304,25912412,12934347,16150151,11020520,24127964,20137818,9102363,24018808,22884659,16616093,18849443,25912412,9065182,9043920,22563025,25996258,12934347,16202314,11020520,9886539,24127964,19467764,26054109,22447624,26409150,18222435,21397694,26054109
4192,MDK,25449831,2454848,11675475,12760253,15588473,10381818,19230253,9436699,26216523,18490013,16750201,19055724,20858448,20537326,24188612,23141164,22017422,10433073,9764347,8738720,15507512,25912412,25194152,20031030,24188612,19429661,25446850,22384446,19903049,19401003,24613539,17624337,24210790,9130910,24613539,17609243,15236995,14748845,18955785,16723371,18644593,15019822,16723371,16762179,17141400,18644593,15019822,25201101,23340055,22883517,22736326,25422360,24661731,22563025,11883311,16644787,12107265,22065163,23011643,17509581,16309234,11163832,19931078,22266326,25134292,16533339,9065182,12372468,15104227,19931078,19931078,17983420,15120698,20063560,20190557,23302395,16249290,23472165,24012197,16084891,24571615,25912412,16750201,11912283,19055724,12029073,24648304,25912412,12934347,16150151,11020520,24127964,20137818,9102363,24018808,22884659,16616093,18849443,25912412,9065182,9043920,22563025,25996258,12934347,16202314,11020520,9886539,24127964,19467764,26054109,22447624,26409150,18222435,21397694,26054109
8549,LGR5,25449831,2454848,11675475,12760253,15588473,10381818,19230253,9436699,26216523,18490013,16750201,19055724,20858448,20537326,24188612,23141164,22017422,10433073,9764347,8738720,15507512,25912412,25194152,20031030,24188612,19429661,25446850,22384446,19903049,19401003,24613539,17624337,24210790,9130910,24613539,17609243,15236995,14748845,18955785,16723371,18644593,15019822,16723371,16762179,17141400,18644593,15019822,25201101,23340055,22883517,22736326,25422360,24661731,22563025,11883311,16644787,12107265,22065163,23011643,17509581,16309234,11163832,19931078,22266326,25134292,16533339,9065182,12372468,15104227,19931078,19931078,17983420,15120698,20063560,20190557,23302395,16249290,23472165,24012197,16084891,24571615,25912412,16750201,11912283,19055724,12029073,24648304,25912412,12934347,16150151,11020520,24127964,20137818,9102363,24018808,22884659,16616093,18849443,25912412,9065182,9043920,22563025,25996258,12934347,16202314,11020520,9886539,24127964,19467764,26054109,22447624,26409150,18222435,21397694,26054109
3965,LGALS9,25449831,2454848,11675475,12760253,15588473,10381818,19230253,9436699,26216523,18490013,16750201,19055724,20858448,20537326,24188612,23141164,22017422,10433073,9764347,8738720,15507512,25912412,25194152,20031030,24188612,19429661,25446850,22384446,19903049,19401003,24613539,17624337,24210790,9130910,24613539,17609243,15236995,14748845,18955785,16723371,18644593,15019822,16723371,16762179,17141400,18644593,15019822,25201101,23340055,22883517,22736326,25422360,24661731,22563025,11883311,16644787,12107265,22065163,23011643,17509581,16309234,11163832,19931078,22266326,25134292,16533339,9065182,12372468,15104227,19931078,19931078,17983420,15120698,20063560,20190557,23302395,16249290,23472165,24012197,16084891,24571615,25912412,16750201,11912283,19055724,12029073,24648304,25912412,12934347,16150151,11020520,24127964,20137818,9102363,24018808,22884659,16616093,18849443,25912412,9065182,9043920,22563025,25996258,12934347,16202314,11020520,9886539,24127964,19467764,26054109,22447624,26409150,18222435,21397694,26054109
3824,KLRD1,25449831,2454848,11675475,12760253,15588473,10381818,19230253,9436699,26216523,18490013,16750201,19055724,20858448,20537326,24188612,23141164,22017422,10433073,9764347,8738720,15507512,25912412,25194152,20031030,24188612,19429661,25446850,22384446,19903049,19401003,24613539,17624337,24210790,9130910,24613539,17609243,15236995,14748845,18955785,16723371,18644593,15019822,16723371,16762179,17141400,18644593,15019822,25201101,23340055,22883517,22736326,25422360,24661731,22563025,11883311,16644787,12107265,22065163,23011643,17509581,16309234,11163832,19931078,22266326,25134292,16533339,9065182,12372468,15104227,19931078,19931078,17983420,15120698,20063560,20190557,23302395,16249290,23472165,24012197,16084891,24571615,25912412,16750201,11912283,19055724,12029073,24648304,25912412,12934347,16150151,11020520,24127964,20137818,9102363,24018808,22884659,16616093,18849443,25912412,9065182,9043920,22563025,25996258,12934347,16202314,11020520,9886539,24127964,19467764,26054109,22447624,26409150,18222435,21397694,26054109
3821,KLRC1,25449831,2454848,11675475,12760253,15588473,10381818,19230253,9436699,26216523,18490013,16750201,19055724,20858448,20537326,24188612,23141164,22017422,10433073,9764347,8738720,15507512,25912412,25194152,20031030,24188612,19429661,25446850,22384446,19903049,19401003,24613539,17624337,24210790,9130910,24613539,17609243,15236995,14748845,18955785,16723371,18644593,15019822,16723371,16762179,17141400,18644593,15019822,25201101,23340055,22883517,22736326,25422360,24661731,22563025,11883311,16644787,12107265,22065163,23011643,17509581,16309234,11163832,19931078,22266326,25134292,16533339,9065182,12372468,15104227,19931078,19931078,17983420,15120698,20063560,20190557,23302395,16249290,23472165,24012197,16084891,24571615,25912412,16750201,11912283,19055724,12029073,24648304,25912412,12934347,16150151,11020520,24127964,20137818,9102363,24018808,22884659,16616093,18849443,25912412,9065182,9043920,22563025,25996258,12934347,16202314,11020520,9886539,24127964,19467764,26054109,22447624,26409150,18222435,21397694,26054109
8462,KLF11,25449831,2454848,11675475,12760253,15588473,10381818,19230253,9436699,26216523,18490013,16750201,19055724,20858448,20537326,24188612,23141164,22017422,10433073,9764347,8738720,15507512,25912412,25194152,20031030,24188612,19429661,25446850,22384446,19903049,19401003,24613539,17624337,24210790,9130910,24613539,17609243,15236995,14748845,18955785,16723371,18644593,15019822,16723371,16762179,17141400,18644593,15019822,25201101,23340055,22883517,22736326,25422360,24661731,22563025,11883311,16644787,12107265,22065163,23011643,17509581,16309234,11163832,19931078,22266326,25134292,16533339,9065182,12372468,15104227,19931078,19931078,17983420,15120698,20063560,20190557,23302395,16249290,23472165,24012197,16084891,24571615,25912412,16750201,11912283,19055724,12029073,24648304,25912412,12934347,16150151,11020520,24127964,20137818,9102363,24018808,22884659,16616093,18849443,25912412,9065182,9043920,22563025,25996258,12934347,16202314,11020520,9886539,24127964,19467764,26054109,22447624,26409150,18222435,21397694,26054109
7071,KLF10,25449831,2454848,11675475,12760253,15588473,10381818,19230253,9436699,26216523,18490013,16750201,19055724,20858448,20537326,24188612,23141164,22017422,10433073,9764347,8738720,15507512,25912412,25194152,20031030,24188612,19429661,25446850,22384446,19903049,19401003,24613539,17624337,24210790,9130910,24613539,17609243,15236995,14748845,18955785,16723371,18644593,15019822,16723371,16762179,17141400,18644593,15019822,25201101,23340055,22883517,22736326,25422360,24661731,22563025,11883311,16644787,12107265,22065163,23011643,17509581,16309234,11163832,19931078,22266326,25134292,16533339,9065182,12372468,15104227,19931078,19931078,17983420,15120698,20063560,20190557,23302395,16249290,23472165,24012197,16084891,24571615,25912412,16750201,11912283,19055724,12029073,24648304,25912412,12934347,16150151,11020520,24127964,20137818,9102363,24018808,22884659,16616093,18849443,25912412,9065182,9043920,22563025,25996258,12934347,16202314,11020520,9886539,24127964,19467764,26054109,22447624,26409150,18222435,21397694,26054109
3814,KISS1,25449831,2454848,11675475,12760253,15588473,10381818,19230253,9436699,26216523,18490013,16750201,19055724,20858448,20537326,24188612,23141164,22017422,10433073,9764347,8738720,15507512,25912412,25194152,20031030,24188612,19429661,25446850,22384446,19903049,19401003,24613539,17624337,24210790,9130910,24613539,17609243,15236995,14748845,18955785,16723371,18644593,15019822,16723371,16762179,17141400,18644593,15019822,25201101,23340055,22883517,22736326,25422360,24661731,22563025,11883311,16644787,12107265,22065163,23011643,17509581,16309234,11163832,19931078,22266326,25134292,16533339,9065182,12372468,15104227,19931078,19931078,17983420,15120698,20063560,20190557,23302395,16249290,23472165,24012197,16084891,24571615,25912412,16750201,11912283,19055724,12029073,24648304,25912412,12934347,16150151,11020520,24127964,20137818,9102363,24018808,22884659,16616093,18849443,25912412,9065182,9043920,22563025,25996258,12934347,16202314,11020520,9886539,24127964,19467764,26054109,22447624,26409150,18222435,21397694,26054109
3810,KIR2DS5,25449831,2454848,11675475,12760253,15588473,10381818,19230253,9436699,26216523,18490013,16750201,19055724,20858448,20537326,24188612,23141164,22017422,10433073,9764347,8738720,15507512,25912412,25194152,20031030,24188612,19429661,25446850,22384446,19903049,19401003,24613539,17624337,24210790,9130910,24613539,17609243,15236995,14748845,18955785,16723371,18644593,15019822,16723371,16762179,17141400,18644593,15019822,25201101,23340055,22883517,22736326,25422360,24661731,22563025,11883311,16644787,12107265,22065163,23011643,17509581,16309234,11163832,19931078,22266326,25134292,16533339,9065182,12372468,15104227,19931078,19931078,17983420,15120698,20063560,20190557,23302395,16249290,23472165,24012197,16084891,24571615,25912412,16750201,11912283,19055724,12029073,24648304,25912412,12934347,16150151,11020520,24127964,20137818,9102363,24018808,22884659,16616093,18849443,25912412,9065182,9043920,22563025,25996258,12934347,16202314,11020520,9886539,24127964,19467764,26054109,22447624,26409150,18222435,21397694,26054109
27178,IL37,25449831,2454848,11675475,12760253,15588473,10381818,19230253,9436699,26216523,18490013,16750201,19055724,20858448,20537326,24188612,23141164,22017422,10433073,9764347,8738720,15507512,25912412,25194152,20031030,24188612,19429661,25446850,22384446,19903049,19401003,24613539,17624337,24210790,9130910,24613539,17609243,15236995,14748845,18955785,16723371,18644593,15019822,16723371,16762179,17141400,18644593,15019822,25201101,23340055,22883517,22736326,25422360,24661731,22563025,11883311,16644787,12107265,22065163,23011643,17509581,16309234,11163832,19931078,22266326,25134292,16533339,9065182,12372468,15104227,19931078,19931078,17983420,15120698,20063560,20190557,23302395,16249290,23472165,24012197,16084891,24571615,25912412,16750201,11912283,19055724,12029073,24648304,25912412,12934347,16150151,11020520,24127964,20137818,9102363,24018808,22884659,16616093,18849443,25912412,9065182,9043920,22563025,25996258,12934347,16202314,11020520,9886539,24127964,19467764,26054109,22447624,26409150,18222435,21397694,26054109
246778,IL27,25449831,2454848,11675475,12760253,15588473,10381818,19230253,9436699,26216523,18490013,16750201,19055724,20858448,20537326,24188612,23141164,22017422,10433073,9764347,8738720,15507512,25912412,25194152,20031030,24188612,19429661,25446850,22384446,19903049,19401003,24613539,17624337,24210790,9130910,24613539,17609243,15236995,14748845,18955785,16723371,18644593,15019822,16723371,16762179,17141400,18644593,15019822,25201101,23340055,22883517,22736326,25422360,24661731,22563025,11883311,16644787,12107265,22065163,23011643,17509581,16309234,11163832,19931078,22266326,25134292,16533339,9065182,12372468,15104227,19931078,19931078,17983420,15120698,20063560,20190557,23302395,16249290,23472165,24012197,16084891,24571615,25912412,16750201,11912283,19055724,12029073,24648304,25912412,12934347,16150151,11020520,24127964,20137818,9102363,24018808,22884659,16616093,18849443,25912412,9065182,9043920,22563025,25996258,12934347,16202314,11020520,9886539,24127964,19467764,26054109,22447624,26409150,18222435,21397694,26054109
11009,IL24,25449831,2454848,11675475,12760253,15588473,10381818,19230253,9436699,26216523,18490013,16750201,19055724,20858448,20537326,24188612,23141164,22017422,10433073,9764347,8738720,15507512,25912412,25194152,20031030,24188612,19429661,25446850,22384446,19903049,19401003,24613539,17624337,24210790,9130910,24613539,17609243,15236995,14748845,18955785,16723371,18644593,15019822,16723371,16762179,17141400,18644593,15019822,25201101,23340055,22883517,22736326,25422360,24661731,22563025,11883311,16644787,12107265,22065163,23011643,17509581,16309234,11163832,19931078,22266326,25134292,16533339,9065182,12372468,15104227,19931078,19931078,17983420,15120698,20063560,20190557,23302395,16249290,23472165,24012197,16084891,24571615,25912412,16750201,11912283,19055724,12029073,24648304,25912412,12934347,16150151,11020520,24127964,20137818,9102363,24018808,22884659,16616093,18849443,25912412,9065182,9043920,22563025,25996258,12934347,16202314,11020520,9886539,24127964,19467764,26054109,22447624,26409150,18222435,21397694,26054109
53833,IL20RB,25449831,2454848,11675475,12760253,15588473,10381818,19230253,9436699,26216523,18490013,16750201,19055724,20858448,20537326,24188612,23141164,22017422,10433073,9764347,8738720,15507512,25912412,25194152,20031030,24188612,19429661,25446850,22384446,19903049,19401003,24613539,17624337,24210790,9130910,24613539,17609243,15236995,14748845,18955785,16723371,18644593,15019822,16723371,16762179,17141400,18644593,15019822,25201101,23340055,22883517,22736326,25422360,24661731,22563025,11883311,16644787,12107265,22065163,23011643,17509581,16309234,11163832,19931078,22266326,25134292,16533339,9065182,12372468,15104227,19931078,19931078,17983420,15120698,20063560,20190557,23302395,16249290,23472165,24012197,16084891,24571615,25912412,16750201,11912283,19055724,12029073,24648304,25912412,12934347,16150151,11020520,24127964,20137818,9102363,24018808,22884659,16616093,18849443,25912412,9065182,9043920,22563025,25996258,12934347,16202314,11020520,9886539,24127964,19467764,26054109,22447624,26409150,18222435,21397694,26054109
53832,IL20RA,25449831,2454848,11675475,12760253,15588473,10381818,19230253,9436699,26216523,18490013,16750201,19055724,20858448,20537326,24188612,23141164,22017422,10433073,9764347,8738720,15507512,25912412,25194152,20031030,24188612,19429661,25446850,22384446,19903049,19401003,24613539,17624337,24210790,9130910,24613539,17609243,15236995,14748845,18955785,16723371,18644593,15019822,16723371,16762179,17141400,18644593,15019822,25201101,23340055,22883517,22736326,25422360,24661731,22563025,11883311,16644787,12107265,22065163,23011643,17509581,16309234,11163832,19931078,22266326,25134292,16533339,9065182,12372468,15104227,19931078,19931078,17983420,15120698,20063560,20190557,23302395,16249290,23472165,24012197,16084891,24571615,25912412,16750201,11912283,19055724,12029073,24648304,25912412,12934347,16150151,11020520,24127964,20137818,9102363,24018808,22884659,16616093,18849443,25912412,9065182,9043920,22563025,25996258,12934347,16202314,11020520,9886539,24127964,19467764,26054109,22447624,26409150,18222435,21397694,26054109
93185,IGSF8,25449831,2454848,11675475,12760253,15588473,10381818,19230253,9436699,26216523,18490013,16750201,19055724,20858448,20537326,24188612,23141164,22017422,10433073,9764347,8738720,15507512,25912412,25194152,20031030,24188612,19429661,25446850,22384446,19903049,19401003,24613539,17624337,24210790,9130910,24613539,17609243,15236995,14748845,18955785,16723371,18644593,15019822,16723371,16762179,17141400,18644593,15019822,25201101,23340055,22883517,22736326,25422360,24661731,22563025,11883311,16644787,12107265,22065163,23011643,17509581,16309234,11163832,19931078,22266326,25134292,16533339,9065182,12372468,15104227,19931078,19931078,17983420,15120698,20063560,20190557,23302395,16249290,23472165,24012197,16084891,24571615,25912412,16750201,11912283,19055724,12029073,24648304,25912412,12934347,16150151,11020520,24127964,20137818,9102363,24018808,22884659,16616093,18849443,25912412,9065182,9043920,22563025,25996258,12934347,16202314,11020520,9886539,24127964,19467764,26054109,22447624,26409150,18222435,21397694,26054109
3398,ID2,25449831,2454848,11675475,12760253,15588473,10381818,19230253,9436699,26216523,18490013,16750201,19055724,20858448,20537326,24188612,23141164,22017422,10433073,9764347,8738720,15507512,25912412,25194152,20031030,24188612,19429661,25446850,22384446,19903049,19401003,24613539,17624337,24210790,9130910,24613539,17609243,15236995,14748845,18955785,16723371,18644593,15019822,16723371,16762179,17141400,18644593,15019822,25201101,23340055,22883517,22736326,25422360,24661731,22563025,11883311,16644787,12107265,22065163,23011643,17509581,16309234,11163832,19931078,22266326,25134292,16533339,9065182,12372468,15104227,19931078,19931078,17983420,15120698,20063560,20190557,23302395,16249290,23472165,24012197,16084891,24571615,25912412,16750201,11912283,19055724,12029073,24648304,25912412,12934347,16150151,11020520,24127964,20137818,9102363,24018808,22884659,16616093,18849443,25912412,9065182,9043920,22563025,25996258,12934347,16202314,11020520,9886539,24127964,19467764,26054109,22447624,26409150,18222435,21397694,26054109
6928,HNF1B,25449831,2454848,11675475,12760253,15588473,10381818,19230253,9436699,26216523,18490013,16750201,19055724,20858448,20537326,24188612,23141164,22017422,10433073,9764347,8738720,15507512,25912412,25194152,20031030,24188612,19429661,25446850,22384446,19903049,19401003,24613539,17624337,24210790,9130910,24613539,17609243,15236995,14748845,18955785,16723371,18644593,15019822,16723371,16762179,17141400,18644593,15019822,25201101,23340055,22883517,22736326,25422360,24661731,22563025,11883311,16644787,12107265,22065163,23011643,17509581,16309234,11163832,19931078,22266326,25134292,16533339,9065182,12372468,15104227,19931078,19931078,17983420,15120698,20063560,20190557,23302395,16249290,23472165,24012197,16084891,24571615,25912412,16750201,11912283,19055724,12029073,24648304,25912412,12934347,16150151,11020520,24127964,20137818,9102363,24018808,22884659,16616093,18849443,25912412,9065182,9043920,22563025,25996258,12934347,16202314,11020520,9886539,24127964,19467764,26054109,22447624,26409150,18222435,21397694,26054109
2729,GCLC,25449831,2454848,11675475,12760253,15588473,10381818,19230253,9436699,26216523,18490013,16750201,19055724,20858448,20537326,24188612,23141164,22017422,10433073,9764347,8738720,15507512,25912412,25194152,20031030,24188612,19429661,25446850,22384446,19903049,19401003,24613539,17624337,24210790,9130910,24613539,17609243,15236995,14748845,18955785,16723371,18644593,15019822,16723371,16762179,17141400,18644593,15019822,25201101,23340055,22883517,22736326,25422360,24661731,22563025,11883311,16644787,12107265,22065163,23011643,17509581,16309234,11163832,19931078,22266326,25134292,16533339,9065182,12372468,15104227,19931078,19931078,17983420,15120698,20063560,20190557,23302395,16249290,23472165,24012197,16084891,24571615,25912412,16750201,11912283,19055724,12029073,24648304,25912412,12934347,16150151,11020520,24127964,20137818,9102363,24018808,22884659,16616093,18849443,25912412,9065182,9043920,22563025,25996258,12934347,16202314,11020520,9886539,24127964,19467764,26054109,22447624,26409150,18222435,21397694,26054109
3646,EIF3E,25449831,2454848,11675475,12760253,15588473,10381818,19230253,9436699,26216523,18490013,16750201,19055724,20858448,20537326,24188612,23141164,22017422,10433073,9764347,8738720,15507512,25912412,25194152,20031030,24188612,19429661,25446850,22384446,19903049,19401003,24613539,17624337,24210790,9130910,24613539,17609243,15236995,14748845,18955785,16723371,18644593,15019822,16723371,16762179,17141400,18644593,15019822,25201101,23340055,22883517,22736326,25422360,24661731,22563025,11883311,16644787,12107265,22065163,23011643,17509581,16309234,11163832,19931078,22266326,25134292,16533339,9065182,12372468,15104227,19931078,19931078,17983420,15120698,20063560,20190557,23302395,16249290,23472165,24012197,16084891,24571615,25912412,16750201,11912283,19055724,12029073,24648304,25912412,12934347,16150151,11020520,24127964,20137818,9102363,24018808,22884659,16616093,18849443,25912412,9065182,9043920,22563025,25996258,12934347,16202314,11020520,9886539,24127964,19467764,26054109,22447624,26409150,18222435,21397694,26054109
1612,DAPK1,25449831,2454848,11675475,12760253,15588473,10381818,19230253,9436699,26216523,18490013,16750201,19055724,20858448,20537326,24188612,23141164,22017422,10433073,9764347,8738720,15507512,25912412,25194152,20031030,24188612,19429661,25446850,22384446,19903049,19401003,24613539,17624337,24210790,9130910,24613539,17609243,15236995,14748845,18955785,16723371,18644593,15019822,16723371,16762179,17141400,18644593,15019822,25201101,23340055,22883517,22736326,25422360,24661731,22563025,11883311,16644787,12107265,22065163,23011643,17509581,16309234,11163832,19931078,22266326,25134292,16533339,9065182,12372468,15104227,19931078,19931078,17983420,15120698,20063560,20190557,23302395,16249290,23472165,24012197,16084891,24571615,25912412,16750201,11912283,19055724,12029073,24648304,25912412,12934347,16150151,11020520,24127964,20137818,9102363,24018808,22884659,16616093,18849443,25912412,9065182,9043920,22563025,25996258,12934347,16202314,11020520,9886539,24127964,19467764,26054109,22447624,26409150,18222435,21397694,26054109
6372,CXCL6,25449831,2454848,11675475,12760253,15588473,10381818,19230253,9436699,26216523,18490013,16750201,19055724,20858448,20537326,24188612,23141164,22017422,10433073,9764347,8738720,15507512,25912412,25194152,20031030,24188612,19429661,25446850,22384446,19903049,19401003,24613539,17624337,24210790,9130910,24613539,17609243,15236995,14748845,18955785,16723371,18644593,15019822,16723371,16762179,17141400,18644593,15019822,25201101,23340055,22883517,22736326,25422360,24661731,22563025,11883311,16644787,12107265,22065163,23011643,17509581,16309234,11163832,19931078,22266326,25134292,16533339,9065182,12372468,15104227,19931078,19931078,17983420,15120698,20063560,20190557,23302395,16249290,23472165,24012197,16084891,24571615,25912412,16750201,11912283,19055724,12029073,24648304,25912412,12934347,16150151,11020520,24127964,20137818,9102363,24018808,22884659,16616093,18849443,25912412,9065182,9043920,22563025,25996258,12934347,16202314,11020520,9886539,24127964,19467764,26054109,22447624,26409150,18222435,21397694,26054109
1434,CSE1L,25449831,2454848,11675475,12760253,15588473,10381818,19230253,9436699,26216523,18490013,16750201,19055724,20858448,20537326,24188612,23141164,22017422,10433073,9764347,8738720,15507512,25912412,25194152,20031030,24188612,19429661,25446850,22384446,19903049,19401003,24613539,17624337,24210790,9130910,24613539,17609243,15236995,14748845,18955785,16723371,18644593,15019822,16723371,16762179,17141400,18644593,15019822,25201101,23340055,22883517,22736326,25422360,24661731,22563025,11883311,16644787,12107265,22065163,23011643,17509581,16309234,11163832,19931078,22266326,25134292,16533339,9065182,12372468,15104227,19931078,19931078,17983420,15120698,20063560,20190557,23302395,16249290,23472165,24012197,16084891,24571615,25912412,16750201,11912283,19055724,12029073,24648304,25912412,12934347,16150151,11020520,24127964,20137818,9102363,24018808,22884659,16616093,18849443,25912412,9065182,9043920,22563025,25996258,12934347,16202314,11020520,9886539,24127964,19467764,26054109,22447624,26409150,18222435,21397694,26054109
1282,COL4A1,25449831,2454848,11675475,12760253,15588473,10381818,19230253,9436699,26216523,18490013,16750201,19055724,20858448,20537326,24188612,23141164,22017422,10433073,9764347,8738720,15507512,25912412,25194152,20031030,24188612,19429661,25446850,22384446,19903049,19401003,24613539,17624337,24210790,9130910,24613539,17609243,15236995,14748845,18955785,16723371,18644593,15019822,16723371,16762179,17141400,18644593,15019822,25201101,23340055,22883517,22736326,25422360,24661731,22563025,11883311,16644787,12107265,22065163,23011643,17509581,16309234,11163832,19931078,22266326,25134292,16533339,9065182,12372468,15104227,19931078,19931078,17983420,15120698,20063560,20190557,23302395,16249290,23472165,24012197,16084891,24571615,25912412,16750201,11912283,19055724,12029073,24648304,25912412,12934347,16150151,11020520,24127964,20137818,9102363,24018808,22884659,16616093,18849443,25912412,9065182,9043920,22563025,25996258,12934347,16202314,11020520,9886539,24127964,19467764,26054109,22447624,26409150,18222435,21397694,26054109
1191,CLU,25449831,2454848,11675475,12760253,15588473,10381818,19230253,9436699,26216523,18490013,16750201,19055724,20858448,20537326,24188612,23141164,22017422,10433073,9764347,8738720,15507512,25912412,25194152,20031030,24188612,19429661,25446850,22384446,19903049,19401003,24613539,17624337,24210790,9130910,24613539,17609243,15236995,14748845,18955785,16723371,18644593,15019822,16723371,16762179,17141400,18644593,15019822,25201101,23340055,22883517,22736326,25422360,24661731,22563025,11883311,16644787,12107265,22065163,23011643,17509581,16309234,11163832,19931078,22266326,25134292,16533339,9065182,12372468,15104227,19931078,19931078,17983420,15120698,20063560,20190557,23302395,16249290,23472165,24012197,16084891,24571615,25912412,16750201,11912283,19055724,12029073,24648304,25912412,12934347,16150151,11020520,24127964,20137818,9102363,24018808,22884659,16616093,18849443,25912412,9065182,9043920,22563025,25996258,12934347,16202314,11020520,9886539,24127964,19467764,26054109,22447624,26409150,18222435,21397694,26054109
1182,CLCN3,25449831,2454848,11675475,12760253,15588473,10381818,19230253,9436699,26216523,18490013,16750201,19055724,20858448,20537326,24188612,23141164,22017422,10433073,9764347,8738720,15507512,25912412,25194152,20031030,24188612,19429661,25446850,22384446,19903049,19401003,24613539,17624337,24210790,9130910,24613539,17609243,15236995,14748845,18955785,16723371,18644593,15019822,16723371,16762179,17141400,18644593,15019822,25201101,23340055,22883517,22736326,25422360,24661731,22563025,11883311,16644787,12107265,22065163,23011643,17509581,16309234,11163832,19931078,22266326,25134292,16533339,9065182,12372468,15104227,19931078,19931078,17983420,15120698,20063560,20190557,23302395,16249290,23472165,24012197,16084891,24571615,25912412,16750201,11912283,19055724,12029073,24648304,25912412,12934347,16150151,11020520,24127964,20137818,9102363,24018808,22884659,16616093,18849443,25912412,9065182,9043920,22563025,25996258,12934347,16202314,11020520,9886539,24127964,19467764,26054109,22447624,26409150,18222435,21397694,26054109
26038,CHD5,25449831,2454848,11675475,12760253,15588473,10381818,19230253,9436699,26216523,18490013,16750201,19055724,20858448,20537326,24188612,23141164,22017422,10433073,9764347,8738720,15507512,25912412,25194152,20031030,24188612,19429661,25446850,22384446,19903049,19401003,24613539,17624337,24210790,9130910,24613539,17609243,15236995,14748845,18955785,16723371,18644593,15019822,16723371,16762179,17141400,18644593,15019822,25201101,23340055,22883517,22736326,25422360,24661731,22563025,11883311,16644787,12107265,22065163,23011643,17509581,16309234,11163832,19931078,22266326,25134292,16533339,9065182,12372468,15104227,19931078,19931078,17983420,15120698,20063560,20190557,23302395,16249290,23472165,24012197,16084891,24571615,25912412,16750201,11912283,19055724,12029073,24648304,25912412,12934347,16150151,11020520,24127964,20137818,9102363,24018808,22884659,16616093,18849443,25912412,9065182,9043920,22563025,25996258,12934347,16202314,11020520,9886539,24127964,19467764,26054109,22447624,26409150,18222435,21397694,26054109
653275,CFC1B,25449831,2454848,11675475,12760253,15588473,10381818,19230253,9436699,26216523,18490013,16750201,19055724,20858448,20537326,24188612,23141164,22017422,10433073,9764347,8738720,15507512,25912412,25194152,20031030,24188612,19429661,25446850,22384446,19903049,19401003,24613539,17624337,24210790,9130910,24613539,17609243,15236995,14748845,18955785,16723371,18644593,15019822,16723371,16762179,17141400,18644593,15019822,25201101,23340055,22883517,22736326,25422360,24661731,22563025,11883311,16644787,12107265,22065163,23011643,17509581,16309234,11163832,19931078,22266326,25134292,16533339,9065182,12372468,15104227,19931078,19931078,17983420,15120698,20063560,20190557,23302395,16249290,23472165,24012197,16084891,24571615,25912412,16750201,11912283,19055724,12029073,24648304,25912412,12934347,16150151,11020520,24127964,20137818,9102363,24018808,22884659,16616093,18849443,25912412,9065182,9043920,22563025,25996258,12934347,16202314,11020520,9886539,24127964,19467764,26054109,22447624,26409150,18222435,21397694,26054109
998,CDC42,25449831,2454848,11675475,12760253,15588473,10381818,19230253,9436699,26216523,18490013,16750201,19055724,20858448,20537326,24188612,23141164,22017422,10433073,9764347,8738720,15507512,25912412,25194152,20031030,24188612,19429661,25446850,22384446,19903049,19401003,24613539,17624337,24210790,9130910,24613539,17609243,15236995,14748845,18955785,16723371,18644593,15019822,16723371,16762179,17141400,18644593,15019822,25201101,23340055,22883517,22736326,25422360,24661731,22563025,11883311,16644787,12107265,22065163,23011643,17509581,16309234,11163832,19931078,22266326,25134292,16533339,9065182,12372468,15104227,19931078,19931078,17983420,15120698,20063560,20190557,23302395,16249290,23472165,24012197,16084891,24571615,25912412,16750201,11912283,19055724,12029073,24648304,25912412,12934347,16150151,11020520,24127964,20137818,9102363,24018808,22884659,16616093,18849443,25912412,9065182,9043920,22563025,25996258,12934347,16202314,11020520,9886539,24127964,19467764,26054109,22447624,26409150,18222435,21397694,26054109
28952,CCDC22,25449831,2454848,11675475,12760253,15588473,10381818,19230253,9436699,26216523,18490013,16750201,19055724,20858448,20537326,24188612,23141164,22017422,10433073,9764347,8738720,15507512,25912412,25194152,20031030,24188612,19429661,25446850,22384446,19903049,19401003,24613539,17624337,24210790,9130910,24613539,17609243,15236995,14748845,18955785,16723371,18644593,15019822,16723371,16762179,17141400,18644593,15019822,25201101,23340055,22883517,22736326,25422360,24661731,22563025,11883311,16644787,12107265,22065163,23011643,17509581,16309234,11163832,19931078,22266326,25134292,16533339,9065182,12372468,15104227,19931078,19931078,17983420,15120698,20063560,20190557,23302395,16249290,23472165,24012197,16084891,24571615,25912412,16750201,11912283,19055724,12029073,24648304,25912412,12934347,16150151,11020520,24127964,20137818,9102363,24018808,22884659,16616093,18849443,25912412,9065182,9043920,22563025,25996258,12934347,16202314,11020520,9886539,24127964,19467764,26054109,22447624,26409150,18222435,21397694,26054109
722,C4BPA,25449831,2454848,11675475,12760253,15588473,10381818,19230253,9436699,26216523,18490013,16750201,19055724,20858448,20537326,24188612,23141164,22017422,10433073,9764347,8738720,15507512,25912412,25194152,20031030,24188612,19429661,25446850,22384446,19903049,19401003,24613539,17624337,24210790,9130910,24613539,17609243,15236995,14748845,18955785,16723371,18644593,15019822,16723371,16762179,17141400,18644593,15019822,25201101,23340055,22883517,22736326,25422360,24661731,22563025,11883311,16644787,12107265,22065163,23011643,17509581,16309234,11163832,19931078,22266326,25134292,16533339,9065182,12372468,15104227,19931078,19931078,17983420,15120698,20063560,20190557,23302395,16249290,23472165,24012197,16084891,24571615,25912412,16750201,11912283,19055724,12029073,24648304,25912412,12934347,16150151,11020520,24127964,20137818,9102363,24018808,22884659,16616093,18849443,25912412,9065182,9043920,22563025,25996258,12934347,16202314,11020520,9886539,24127964,19467764,26054109,22447624,26409150,18222435,21397694,26054109
5069,PAPPA,25449831,25449831,25449831,25449831,2454848,2454848,2454848,2454848,11675475,11675475,11675475,11675475,12760253,12760253,12760253,12760253,15588473,15588473,15588473,15588473,10381818,10381818,10381818,10381818,19230253,19230253,19230253,19230253,9436699,9436699,9436699,9436699,26216523,26216523,26216523,26216523,18490013,18490013,18490013,18490013,16750201,16750201,16750201,16750201,19055724,19055724,19055724,19055724,20858448,20858448,20858448,20858448,20537326,20537326,20537326,20537326,24188612,24188612,24188612,24188612,23141164,23141164,23141164,23141164,22017422,22017422,22017422,22017422,10433073,10433073,10433073,10433073,9764347,9764347,9764347,9764347,8738720,8738720,8738720,8738720,15507512,15507512,15507512,15507512,25912412,25912412,25912412,25912412,25194152,25194152,25194152,25194152,20031030,20031030,20031030,20031030,24188612,24188612,24188612,24188612,19429661,19429661,19429661,19429661,25446850,25446850,25446850,25446850,22384446,22384446,22384446,22384446,19903049,19903049,19903049,19903
1386,ATF2,25449831,2454848,11675475,12760253,15588473,10381818,19230253,9436699,26216523,18490013,16750201,19055724,20858448,20537326,24188612,23141164,22017422,10433073,9764347,8738720,15507512,25912412,25194152,20031030,24188612,19429661,25446850,22384446,19903049,19401003,24613539,17624337,24210790,9130910,24613539,17609243,15236995,14748845,18955785,16723371,18644593,15019822,16723371,16762179,17141400,18644593,15019822,25201101,23340055,22883517,22736326,25422360,24661731,22563025,11883311,16644787,12107265,22065163,23011643,17509581,16309234,11163832,19931078,22266326,25134292,16533339,9065182,12372468,15104227,19931078,19931078,17983420,15120698,20063560,20190557,23302395,16249290,23472165,24012197,16084891,24571615,25912412,16750201,11912283,19055724,12029073,24648304,25912412,12934347,16150151,11020520,24127964,20137818,9102363,24018808,22884659,16616093,18849443,25912412,9065182,9043920,22563025,25996258,12934347,16202314,11020520,9886539,24127964,19467764,26054109,22447624,26409150,18222435,21397694,26054109
325,APCS,25449831,2454848,11675475,12760253,15588473,10381818,19230253,9436699,26216523,18490013,16750201,19055724,20858448,20537326,24188612,23141164,22017422,10433073,9764347,8738720,15507512,25912412,25194152,20031030,24188612,19429661,25446850,22384446,19903049,19401003,24613539,17624337,24210790,9130910,24613539,17609243,15236995,14748845,18955785,16723371,18644593,15019822,16723371,16762179,17141400,18644593,15019822,25201101,23340055,22883517,22736326,25422360,24661731,22563025,11883311,16644787,12107265,22065163,23011643,17509581,16309234,11163832,19931078,22266326,25134292,16533339,9065182,12372468,15104227,19931078,19931078,17983420,15120698,20063560,20190557,23302395,16249290,23472165,24012197,16084891,24571615,25912412,16750201,11912283,19055724,12029073,24648304,25912412,12934347,16150151,11020520,24127964,20137818,9102363,24018808,22884659,16616093,18849443,25912412,9065182,9043920,22563025,25996258,12934347,16202314,11020520,9886539,24127964,19467764,26054109,22447624,26409150,18222435,21397694,26054109
1385,CREB1,25449831,2454848,11675475,12760253,15588473,10381818,19230253,9436699,26216523,18490013,16750201,19055724,20858448,20537326,24188612,23141164,22017422,10433073,9764347,8738720,15507512,25912412,25194152,20031030,24188612,19429661,25446850,22384446,19903049,19401003,24613539,17624337,24210790,9130910,24613539,17609243,15236995,14748845,18955785,16723371,18644593,15019822,16723371,16762179,17141400,18644593,15019822,25201101,23340055,22883517,22736326,25422360,24661731,22563025,11883311,16644787,12107265,22065163,23011643,17509581,16309234,11163832,19931078,22266326,25134292,16533339,9065182,12372468,15104227,19931078,19931078,17983420,15120698,20063560,20190557,23302395,16249290,23472165,24012197,16084891,24571615,25912412,16750201,11912283,19055724,12029073,24648304,25912412,12934347,16150151,11020520,24127964,20137818,9102363,24018808,22884659,16616093,18849443,25912412,9065182,9043920,22563025,25996258,12934347,16202314,11020520,9886539,24127964,19467764,26054109,22447624,26409150,18222435,21397694,26054109
